{"stats":{"minecraft:used":{"minecraft:stone_sword":1,"minecraft:iron_shovel":252,"minecraft:bundle":1,"minecraft:birch_planks":9,"minecraft:stone_shovel":327,"minecraft:glass_bottle":3,"minecraft:stone_pickaxe":260,"minecraft:oak_planks":1,"minecraft:shield":42,"minecraft:chest":2,"minecraft:wooden_pickaxe":7,"minecraft:iron_sword":31,"minecraft:green_bed":4,"minecraft:torch":35,"minecraft:dirt":37,"minecraft:spyglass":20,"minecraft:crafting_table":6,"minecraft:blast_furnace":5,"minecraft:white_bed":1,"minecraft:oak_log":2,"minecraft:glass":1,"minecraft:cornflower":1,"minecraft:diamond_pickaxe":1,"minecraft:lantern":4,"minecraft:bread":18,"minecraft:iron_pickaxe":259,"minecraft:stone_axe":28,"minecraft:cobblestone":23,"minecraft:furnace":2,"minecraft:cooked_porkchop":3,"minecraft:birch_log":2,"minecraft:cobbled_deepslate":1,"minecraft:iron_leggings":1},"minecraft:killed":{"specialmobs:skeleton":1,"minecraft:chicken":1,"specialmobs:zombie":3,"specialmobs:giantzombie":1,"specialmobs:cavespider":1},"minecraft:mined":{"create:zinc_ore":7,"minecraft:white_bed":1,"minecraft:amethyst_cluster":1,"minecraft:dandelion":1,"minecraft:cornflower":3,"minecraft:crafting_table":2,"gravestone:gravestone":2,"minecraft:blast_furnace":1,"minecraft:grass_block":283,"minecraft:glass":1,"minecraft:cobblestone":60,"minecraft:tall_grass":20,"minecraft:oak_planks":1,"minecraft:hopper":2,"minecraft:pink_petals":1,"minecraft:hay_block":34,"minecraft:birch_planks":7,"minecraft:furnace":1,"minecraft:birch_log":11,"minecraft:iron_ore":16,"minecraft:andesite":69,"minecraft:gold_block":1,"minecraft:grass":87,"minecraft:oak_log":14,"minecraft:coal_ore":54,"minecraft:gravel":2,"minecraft:sand":13,"minecraft:dirt":288,"minecraft:stone":291,"minecraft:green_bed":5,"minecraft:deepslate":1},"minecraft:dropped":{"minecraft:iron_ingot":3,"minecraft:wheat_seeds":11,"minecraft:diamond":2,"minecraft:birch_sapling":3,"minecraft:obsidian":4,"minecraft:chicken":1,"minecraft:leather":2,"minecraft:copper_ingot":19,"minecraft:honey_bottle":2,"minecraft:stick":1,"minecraft:blast_furnace":4,"minecraft:emerald":3,"minecraft:dirt":69,"minecraft:potato":7,"minecraft:cornflower":11,"minecraft:amethyst_shard":3,"minecraft:glass":6,"magistuarmory:rustedbarbute":1,"magistuarmory:rustedchainmail_boots":1,"minecraft:white_wool":12,"minecraft:netherrack":8},"minecraft:crafted":{"minecraft:glass_bottle":3,"minecraft:oak_planks":40,"minecraft:stone_shovel":2,"minecraft:cooked_porkchop":3,"minecraft:spyglass":1,"minecraft:crafting_table":4,"minecraft:iron_helmet":1,"minecraft:wooden_pickaxe":1,"minecraft:iron_sword":1,"minecraft:furnace":1,"minecraft:birch_planks":36,"minecraft:stone_axe":1,"minecraft:air":0,"minecraft:glass":9,"minecraft:iron_boots":1,"minecraft:shield":1,"minecraft:stick":24,"minecraft:iron_ingot":15,"minecraft:stone_pickaxe":3,"minecraft:stone_sword":1,"minecraft:iron_leggings":1,"minecraft:torch":52,"minecraft:shears":1},"minecraft:custom":{"minecraft:interact_with_furnace":13,"minecraft:mob_kills":7,"minecraft:interact_with_crafting_table":17,"minecraft:leave_game":1,"minecraft:time_since_death":26408,"minecraft:sleep_in_bed":7,"minecraft:climb_one_cm":3591,"minecraft:damage_blocked_by_shield":2115,"minecraft:time_since_rest":7708,"minecraft:sprint_one_cm":214719,"minecraft:damage_taken":973,"minecraft:walk_one_cm":340396,"minecraft:drop":29,"minecraft:damage_dealt":1394,"minecraft:swim_one_cm":11367,"minecraft:fly_one_cm":360300,"minecraft:open_chest":26,"minecraft:crouch_one_cm":15491,"minecraft:play_time":133916,"minecraft:deaths":1,"minecraft:sneak_time":5128,"minecraft:walk_under_water_one_cm":3550,"minecraft:jump":1880,"minecraft:interact_with_blast_furnace":13,"minecraft:walk_on_water_one_cm":3383,"minecraft:total_world_time":133916,"minecraft:fall_one_cm":49527},"minecraft:broken":{"minecraft:stone_pickaxe":1,"minecraft:iron_shovel":1,"minecraft:iron_pickaxe":1,"minecraft:stone_shovel":3},"minecraft:picked_up":{"minecraft:birch_log":11,"minecraft:crafting_table":2,"magistuarmory:rustedchainmail_boots":1,"minecraft:chicken":1,"minecraft:andesite":91,"minecraft:leather":6,"minecraft:potato":7,"minecraft:birch_planks":7,"minecraft:gold_block":1,"create:raw_zinc":7,"minecraft:oak_log":14,"minecraft:cornflower":21,"minecraft:dirt":688,"minecraft:lantern":4,"minecraft:glass":7,"minecraft:bone":2,"minecraft:wheat_seeds":13,"minecraft:cobbled_deepslate":1,"minecraft:iron_ingot":3,"minecraft:birch_sapling":1,"minecraft:oak_planks":1,"minecraft:furnace":1,"minecraft:stick":4,"minecraft:raw_iron":17,"minecraft:copper_ingot":19,"minecraft:torch":1,"magistuarmory:rustedbarbute":1,"minecraft:dandelion":1,"minecraft:green_bed":5,"minecraft:gravel":2,"minecraft:sand":16,"minecraft:amethyst_shard":7,"minecraft:blast_furnace":5,"minecraft:white_bed":1,"minecraft:honey_bottle":2,"minecraft:rotten_flesh":1,"minecraft:diamond":2,"minecraft:hay_block":33,"minecraft:emerald":3,"minecraft:bread":3,"minecraft:oak_sapling":3,"minecraft:obsidian":4,"minecraft:coal":69,"minecraft:hopper":2,"minecraft:white_wool":8,"minecraft:cobblestone":444}},"DataVersion":3465}