{"stats":{"minecraft:used":{"minecraft:stone_sword":1,"minecraft:birch_planks":3,"minecraft:stone_shovel":1,"minecraft:glass_bottle":3,"minecraft:stone_pickaxe":204,"minecraft:oak_planks":1,"minecraft:wooden_pickaxe":7,"minecraft:green_bed":1,"minecraft:torch":9,"minecraft:crafting_table":4,"minecraft:oak_log":2,"minecraft:glass":1,"minecraft:diamond_pickaxe":1,"minecraft:bread":5,"minecraft:stone_axe":21,"minecraft:cobblestone":20,"minecraft:furnace":2,"minecraft:cooked_porkchop":3,"minecraft:birch_log":2,"minecraft:cobbled_deepslate":1},"minecraft:killed":{"minecraft:chicken":1},"minecraft:mined":{"minecraft:amethyst_cluster":1,"minecraft:dandelion":1,"minecraft:crafting_table":2,"gravestone:gravestone":1,"minecraft:grass_block":2,"minecraft:glass":1,"minecraft:cobblestone":60,"minecraft:tall_grass":5,"minecraft:oak_planks":1,"minecraft:hopper":2,"minecraft:hay_block":34,"minecraft:birch_planks":3,"minecraft:furnace":1,"minecraft:birch_log":11,"minecraft:iron_ore":5,"minecraft:andesite":69,"minecraft:gold_block":1,"minecraft:grass":28,"minecraft:oak_log":14,"minecraft:coal_ore":34,"minecraft:sand":13,"minecraft:stone":24,"minecraft:green_bed":3,"minecraft:deepslate":1},"minecraft:dropped":{"minecraft:birch_sapling":3,"minecraft:chicken":1,"minecraft:dirt":1,"minecraft:netherrack":8},"minecraft:crafted":{"minecraft:glass_bottle":3,"minecraft:oak_planks":40,"minecraft:cooked_porkchop":3,"minecraft:crafting_table":2,"minecraft:wooden_pickaxe":1,"minecraft:furnace":1,"minecraft:birch_planks":36,"minecraft:stone_axe":1,"minecraft:air":0,"minecraft:glass":9,"minecraft:stick":24,"minecraft:iron_ingot":6,"minecraft:stone_pickaxe":2,"minecraft:stone_sword":1,"minecraft:torch":20,"minecraft:shears":1},"minecraft:custom":{"minecraft:interact_with_furnace":12,"minecraft:mob_kills":1,"minecraft:interact_with_crafting_table":7,"minecraft:leave_game":1,"minecraft:time_since_death":73916,"minecraft:sleep_in_bed":3,"minecraft:climb_one_cm":1689,"minecraft:time_since_rest":1095,"minecraft:sprint_one_cm":85795,"minecraft:damage_taken":373,"minecraft:walk_one_cm":166416,"minecraft:drop":5,"minecraft:damage_dealt":55,"minecraft:swim_one_cm":4850,"minecraft:fly_one_cm":137071,"minecraft:open_chest":12,"minecraft:crouch_one_cm":3361,"minecraft:play_time":73916,"minecraft:sneak_time":2107,"minecraft:walk_under_water_one_cm":1999,"minecraft:jump":829,"minecraft:walk_on_water_one_cm":1736,"minecraft:total_world_time":73916,"minecraft:fall_one_cm":21239},"minecraft:broken":{"minecraft:stone_pickaxe":1},"minecraft:picked_up":{"minecraft:birch_log":11,"minecraft:crafting_table":2,"minecraft:chicken":1,"minecraft:andesite":91,"minecraft:birch_planks":3,"minecraft:gold_block":1,"minecraft:oak_log":14,"minecraft:dirt":2,"minecraft:lantern":2,"minecraft:glass":1,"minecraft:wheat_seeds":2,"minecraft:cobbled_deepslate":1,"minecraft:birch_sapling":1,"minecraft:oak_planks":1,"minecraft:furnace":1,"minecraft:stick":3,"minecraft:raw_iron":6,"magistuarmory:rustedbarbute":1,"minecraft:dandelion":1,"minecraft:green_bed":3,"minecraft:sand":16,"minecraft:amethyst_shard":4,"minecraft:hay_block":33,"minecraft:bread":3,"minecraft:oak_sapling":3,"minecraft:coal":46,"minecraft:hopper":2,"minecraft:white_wool":2,"minecraft:cobblestone":88}},"DataVersion":3465}