{"stats":{"minecraft:custom":{"minecraft:interact_with_crafting_table":71,"minecraft:open_barrel":106,"minecraft:leave_game":34,"minecraft:time_since_death":172704,"minecraft:damage_blocked_by_shield":13406,"minecraft:play_time":1390312,"minecraft:deaths":53,"minecraft:jump":15682,"minecraft:enchant_item":5,"minecraft:interact_with_furnace":35,"minecraft:sleep_in_bed":36,"minecraft:damage_dealt":34383,"minecraft:interact_with_smoker":12,"minecraft:interact_with_smithing_table":2,"minecraft:interact_with_anvil":1,"minecraft:inspect_hopper":8,"minecraft:sneak_time":68416,"minecraft:interact_with_blast_furnace":112,"minecraft:total_world_time":1390312,"minecraft:time_since_rest":56808,"minecraft:swim_one_cm":170789,"minecraft:fly_one_cm":3388928,"minecraft:open_chest":585,"minecraft:fall_one_cm":382810,"minecraft:sprint_one_cm":2162782,"minecraft:drop":378,"minecraft:walk_on_water_one_cm":92616,"minecraft:player_kills":21,"minecraft:crouch_one_cm":265109,"minecraft:mob_kills":143,"minecraft:climb_one_cm":11699,"minecraft:walk_one_cm":3407014,"minecraft:walk_under_water_one_cm":72448,"minecraft:interact_with_grindstone":1,"minecraft:damage_taken":32146,"minecraft:damage_absorbed":40},"minecraft:mined":{"minecraft:dark_oak_planks":5,"minecraft:white_bed":10,"create:andesite_casing":76,"minecraft:cherry_log":10,"minecraft:red_nether_bricks":20,"minecraft:chiseled_polished_blackstone":1,"minecraft:hopper":10,"create:belt":4,"create:rotation_speed_controller":5,"minecraft:oxeye_daisy":1,"minecraft:nether_wart":4,"minecraft:polished_blackstone_bricks":29,"minecraft:fire":38,"minecraft:cobbled_deepslate":24,"create:speedometer":2,"minecraft:barrel":4,"minecraft:deepslate_lapis_ore":2,"minecraft:nether_brick_stairs":16,"rechiseled:cobblestone_pulverized":37,"minecraft:blue_orchid":1,"create:mechanical_press":1,"create:limestone":75,"create:lit_blaze_burner":2,"create:cogwheel":11,"minecraft:kelp_plant":1,"minecraft:crimson_nylium":4,"minecraft:amethyst_cluster":1,"minecraft:torch":23,"minecraft:blast_furnace":2,"minecraft:glass":4,"minecraft:sugar_cane":9,"create:basin":1,"create:andesite_belt_funnel":1,"create:portable_storage_interface":7,"create:brass_belt_funnel":1,"minecraft:grass":407,"create:hand_crank":1,"minecraft:mangrove_log":15,"minecraft:smooth_basalt":1,"minecraft:stonecutter":1,"create:linear_chassis":37,"create:clutch":2,"minecraft:deepslate":108,"create:zinc_ore":22,"minecraft:mossy_cobblestone":5,"rechiseled:oak_planks_mosaic":25,"minecraft:nether_brick_wall":2,"tetra:block_geode":1,"minecraft:dark_oak_log":1,"minecraft:birch_fence_gate":1,"minecraft:nether_bricks":70,"minecraft:spruce_fence":1,"create:encased_fan":2,"minecraft:redstone_ore":2,"create:shaft":49,"forbidden_arcanus:deepslate_arcane_crystal_ore":5,"minecraft:andesite":265,"rechiseled:stone_big_tiles":10,"minecraft:big_dripleaf_stem":1,"minecraft:potatoes":1,"minecraft:vine":17,"create:chute":3,"create:deployer":16,"minecraft:fire_coral_block":2,"minecraft:cherry_planks":6,"minecraft:soul_sand":6,"minecraft:brown_stained_glass_pane":2,"minecraft:dandelion":6,"minecraft:cornflower":15,"minecraft:emerald_ore":1,"create:water_wheel":9,"minecraft:campfire":2,"minecraft:copper_ore":2,"minecraft:tall_grass":118,"minecraft:deepslate_gold_ore":6,"create:mechanical_saw":12,"create:water_wheel_structure":1,"create:blaze_burner":5,"minecraft:coarse_dirt":49,"create:gearbox":15,"tetra:basic_workbench":1,"minecraft:birch_leaves":17,"minecraft:red_wall_banner":1,"create:mechanical_bearing":4,"minecraft:gravel":2,"create:andesite_funnel":1,"minecraft:gold_ore":1,"minecraft:fern":2,"create:deepslate_zinc_ore":65,"minecraft:spruce_planks":3,"minecraft:oak_sapling":9,"minecraft:farmland":2,"sophisticatedbackpacks:gold_backpack":3,"minecraft:grass_block":860,"minecraft:infested_cobblestone":4,"minecraft:cracked_polished_blackstone_bricks":11,"minecraft:composter":2,"rechiseled:birch_planks_large_tiles":15,"minecraft:glowstone":3,"minecraft:red_nether_brick_stairs":4,"minecraft:iron_ore":60,"minecraft:skeleton_wall_skull":1,"minecraft:iron_bars":3,"minecraft:brain_coral_block":7,"create:layered_limestone":4,"minecraft:green_bed":7,"minecraft:deepslate_redstone_ore":39,"minecraft:blackstone":17,"tetra:scroll_rolled":2,"minecraft:calcite":4,"minecraft:poppy":1,"minecraft:chest":24,"create:brass_casing":1,"minecraft:nether_quartz_ore":91,"minecraft:cobblestone":262,"minecraft:oak_planks":38,"minecraft:wall_torch":11,"create:large_water_wheel":1,"minecraft:pink_petals":1,"minecraft:seagrass":1,"create:rope_pulley":1,"minecraft:birch_log":88,"minecraft:oak_log":61,"minecraft:sand":42,"minecraft:dirt":687,"minecraft:crimson_planks":34,"create:encased_chain_drive":17,"minecraft:netherrack":126,"create:crimsite":8,"minecraft:oak_leaves":35,"create:brass_funnel":4,"minecraft:tuff":64,"minecraft:deepslate_diamond_ore":27,"gravestone:gravestone":55,"minecraft:decorated_pot":2,"create:large_cogwheel":5,"create:depot":1,"specialmobs:infested_brain_coral_block":2,"minecraft:spruce_leaves":2,"minecraft:cracked_nether_bricks":10,"minecraft:crimson_stem":7,"minecraft:hay_block":59,"forbidden_arcanus:arcane_crystal_ore":4,"minecraft:spore_blossom":1,"minecraft:furnace":2,"create:white_sail":48,"create:windmill_bearing":4,"minecraft:gold_block":15,"minecraft:nether_brick_fence":8,"minecraft:shroomlight":1,"minecraft:deepslate_iron_ore":64,"minecraft:stripped_oak_log":21,"minecraft:stone":820,"rechiseled:cobbled_deepslate_pillar":2,"rechiseled:cherry_planks_small_tiles":52,"minecraft:crafting_table":6,"minecraft:deepslate_coal_ore":46,"minecraft:lapis_ore":2,"minecraft:polished_blackstone_brick_stairs":2,"create:mechanical_harvester":1,"minecraft:birch_planks":13,"minecraft:dead_fire_coral_block":5,"minecraft:gray_wool":3,"forbidden_arcanus:xpetrified_ore":8,"minecraft:sea_pickle":9,"minecraft:ice":1,"minecraft:mangrove_planks":3,"minecraft:dead_brain_coral_block":33,"minecraft:coal_ore":114,"create:birch_window":1,"minecraft:cyan_carpet":2,"create:andesite_encased_shaft":5,"forbidden_arcanus:runic_deepslate":4,"minecraft:birch_fence":1},"minecraft:crafted":{"minecraft:birch_boat":1,"minecraft:blaze_powder":2,"minecraft:lever":2,"sophisticatedbackpacks:crafting_upgrade":1,"magistuarmory:iron_heatershield":1,"minecraft:cooked_mutton":2,"minecraft:iron_bars":16,"create:vertical_gearbox":10,"minecraft:glass":30,"sophisticatedbackpacks:smelting_upgrade":1,"create:rotation_speed_controller":1,"create:andesite_funnel":2,"create:mechanical_press":1,"minecraft:birch_fence_gate":1,"create:brass_funnel":4,"create:cogwheel":61,"minecraft:glass_bottle":3,"create:rose_quartz":5,"minecraft:cooked_porkchop":3,"minecraft:campfire":1,"create:mechanical_mixer":1,"create:clutch":2,"create:gearbox":10,"create:encased_fan":1,"minecraft:iron_pickaxe":2,"minecraft:compass":1,"minecraft:iron_block":1,"minecraft:gold_ingot":20,"create:large_cogwheel":11,"create:propeller":1,"minecraft:composter":1,"minecraft:stone_shovel":3,"create:wrench":1,"minecraft:iron_nugget":18,"minecraft:spyglass":1,"magistuarmory:wood_heatershield":1,"refurbished_furniture:workbench":1,"minecraft:stone_pickaxe":4,"magistuarmory:diamond_morgenstern":1,"create:electron_tube":3,"create:belt_connector":10,"tetra:modular_double":1,"minecraft:enchanting_table":1,"create:brass_tunnel":2,"minecraft:dried_kelp":81,"sophisticatedbackpacks:gold_backpack":2,"create:speedometer":1,"minecraft:iron_leggings":1,"minecraft:white_bed":1,"create:shaft":136,"minecraft:oak_planks":168,"create:birch_window":6,"create:mechanical_harvester":8,"minecraft:stone":5,"create:mechanical_bearing":2,"create:deployer":1,"minecraft:hopper":3,"minecraft:iron_boots":2,"minecraft:chest":16,"minecraft:golden_boots":1,"refurbished_furniture:light_electricity_generator":1,"create:depot":1,"sophisticatedbackpacks:backpack":2,"minecraft:crafting_table":10,"minecraft:spruce_planks":28,"create:mechanical_saw":5,"minecraft:iron_helmet":3,"minecraft:wooden_pickaxe":1,"create:zinc_nugget":825,"create:sand_paper":3,"minecraft:birch_planks":208,"sophisticatedbackpacks:upgrade_base":2,"rechiseled:chisel":1,"minecraft:paper":3,"minecraft:diamond_pickaxe":1,"create:water_wheel":4,"minecraft:shield":5,"create:portable_storage_interface":3,"create:super_glue":1,"minecraft:birch_fence":12,"minecraft:stick":84,"minecraft:iron_ingot":120,"minecraft:stone_sword":1,"minecraft:shears":1,"create:empty_blaze_burner":1,"create:chute":12,"minecraft:cherry_planks":212,"minecraft:furnace":2,"magistuarmory:hilt":1,"minecraft:iron_axe":3,"magistuarmory:steel_ingot":4,"minecraft:iron_hoe":2,"create:basin":1,"create:filter":1,"sophisticatedbackpacks:iron_backpack":1,"minecraft:cooked_beef":22,"minecraft:crimson_planks":28,"create:andesite_alloy":22,"create:hand_crank":1,"minecraft:diamond_sword":1,"minecraft:iron_sword":1,"create:large_water_wheel":2,"minecraft:cooked_salmon":3,"minecraft:mangrove_planks":56,"minecraft:stone_axe":1,"minecraft:air":0,"minecraft:blue_dye":1,"refurbished_furniture:wrench":1,"create:whisk":1,"create:linear_chassis":39,"minecraft:cherry_door":3,"minecraft:torch":224,"create:zinc_ingot":103,"minecraft:diamond_chestplate":1},"minecraft:used":{"magistuarmory:corruptedroundshield":4,"create:deployer":32,"rechiseled:stone_big_tiles":10,"minecraft:chest":115,"minecraft:stone":37,"create:white_sail":112,"create:depot":2,"minecraft:lava_bucket":3,"minecraft:birch_sapling":13,"create:andesite_funnel":2,"create:rotation_speed_controller":6,"create:shaft":112,"minecraft:oak_sapling":26,"minecraft:furnace":3,"minecraft:cooked_cod":2,"magistuarmory:diamond_morgenstern":95,"minecraft:blackstone":10,"minecraft:wooden_pickaxe":7,"minecraft:composter":3,"minecraft:golden_apple":1,"rechiseled:oak_planks_mosaic":32,"minecraft:blast_furnace":5,"tetra:modular_double":1,"minecraft:birch_fence":16,"rechiseled:cobbled_deepslate_pillar":15,"minecraft:pufferfish":1,"minecraft:diamond_sword":386,"create:basin":2,"minecraft:birch_log":29,"minecraft:enchanting_table":1,"minecraft:iron_bars":2,"create:limestone":73,"minecraft:stone_sword":1,"minecraft:cooked_salmon":148,"minecraft:netherrack":82,"minecraft:torch":449,"tetra:scroll_rolled":2,"minecraft:dead_brain_coral_block":24,"minecraft:nether_brick_stairs":1,"minecraft:shroomlight":1,"create:wrench":57,"create:gearbox":14,"minecraft:iron_axe":758,"minecraft:diamond_chestplate":2,"minecraft:goat_horn":17,"minecraft:cobbled_deepslate":28,"minecraft:cherry_log":18,"create:belt_connector":25,"sophisticatedbackpacks:gold_backpack":3,"minecraft:water_bucket":22,"minecraft:birch_planks":42,"minecraft:bundle":1,"create:brass_tunnel":1,"minecraft:cherry_planks":54,"tetra:modular_crossbow":1,"create:blaze_burner":1,"minecraft:polished_blackstone_bricks":17,"minecraft:salmon":5,"create:encased_fan":3,"minecraft:crafting_table":16,"minecraft:white_bed":10,"minecraft:campfire":1,"create:filter":1,"minecraft:oak_log":138,"minecraft:diamond_pickaxe":1689,"minecraft:cornflower":1,"minecraft:diamond_shovel":816,"minecraft:iron_pickaxe":735,"create:water_wheel":9,"forbidden_arcanus:aureal_bottle":1,"minecraft:cobblestone":270,"minecraft:cooked_porkchop":3,"create:clutch":4,"minecraft:stripped_oak_log":4,"minecraft:kelp":5,"magistuarmory:rusted_heavymace":3,"minecraft:iron_shovel":252,"create:portable_storage_interface":9,"minecraft:shield":209,"minecraft:iron_sword":250,"minecraft:iron_chestplate":1,"create:mechanical_bearing":6,"create:cogwheel":15,"minecraft:nether_bricks":69,"minecraft:tuff":38,"create:speedometer":2,"minecraft:obsidian":10,"minecraft:glass":31,"minecraft:lantern":5,"minecraft:blue_orchid":1,"minecraft:iron_helmet":2,"minecraft:gold_block":1,"minecraft:skeleton_skull":1,"rechiseled:cherry_planks_small_tiles":92,"minecraft:stone_pickaxe":515,"minecraft:mangrove_planks":44,"minecraft:oak_planks":24,"minecraft:sugar_cane":14,"create:mechanical_saw":17,"minecraft:lever":3,"minecraft:birch_fence_gate":2,"minecraft:bread":115,"create:andesite_casing":7,"rechiseled:cobblestone_pulverized":1026,"minecraft:andesite":30,"create:vertical_gearbox":16,"minecraft:coarse_dirt":32,"minecraft:bone_meal":33,"minecraft:experience_bottle":2,"create:large_cogwheel":9,"minecraft:flint_and_steel":1,"minecraft:stone_shovel":425,"rechiseled:birch_planks_large_tiles":66,"minecraft:spruce_planks":3,"minecraft:dirt":1868,"minecraft:spyglass":114,"create:mechanical_mixer":1,"create:layered_limestone":4,"minecraft:hopper":10,"create:chute":4,"minecraft:iron_hoe":355,"minecraft:bookshelf":7,"minecraft:iron_boots":1,"minecraft:crimson_planks":28,"minecraft:cooked_beef":22,"minecraft:iron_leggings":4,"minecraft:cooked_mutton":2,"minecraft:glass_bottle":3,"create:empty_blaze_burner":7,"minecraft:red_nether_bricks":6,"minecraft:birch_boat":1,"minecraft:green_bed":8,"create:brass_funnel":9,"minecraft:dead_fire_coral_block":9,"create:mechanical_harvester":9,"create:linear_chassis":74,"create:birch_window":40,"minecraft:apple":67,"create:mechanical_press":2,"minecraft:cherry_door":1,"create:windmill_bearing":5,"refurbished_furniture:light_electricity_generator":1,"create:large_water_wheel":4,"minecraft:stone_axe":78,"magistuarmory:iron_heatershield":7,"refurbished_furniture:workbench":1,"minecraft:bucket":24,"create:hand_crank":2,"minecraft:gray_wool":3},"minecraft:picked_up":{"minecraft:oak_stairs":2,"minecraft:enchanted_book":2,"forbidden_arcanus:xpetrified_orb":7,"minecraft:polished_blackstone_brick_stairs":3,"minecraft:string":15,"create:limestone":73,"minecraft:cooked_salmon":173,"minecraft:red_nether_bricks":23,"minecraft:pufferfish":1,"minecraft:shroomlight":1,"create:water_wheel":9,"minecraft:gold_nugget":7,"minecraft:cobbled_deepslate":110,"minecraft:spruce_planks":3,"minecraft:mangrove_log":14,"minecraft:composter":1,"forbidden_arcanus:aureal_bottle":1,"minecraft:big_dripleaf":2,"minecraft:green_bed":9,"create:andesite_casing":76,"magistuarmory:rusted_heavymace":1,"minecraft:golden_axe":1,"minecraft:cherry_log":49,"minecraft:warped_button":1,"minecraft:chiseled_nether_bricks":3,"minecraft:honey_bottle":2,"artifacts:lucky_scarf":5,"minecraft:blaze_rod":1,"minecraft:iron_bars":3,"minecraft:birch_log":87,"minecraft:magma_block":1,"minecraft:feather":3,"magistuarmory:rustedchainmail_boots":3,"tetra:modular_crossbow":1,"create:rope_pulley":1,"minecraft:flint":1,"minecraft:map":1,"minecraft:lantern":5,"create:encased_chain_drive":16,"tetra:scroll_rolled":2,"magistuarmory:diamond_pavese":1,"minecraft:stonecutter":1,"forbidden_arcanus:rune":8,"create:shaft":61,"minecraft:diamond_helmet":1,"minecraft:glowstone_dust":7,"minecraft:chiseled_polished_blackstone":3,"create:empty_blaze_burner":7,"minecraft:birch_fence_gate":1,"minecraft:dark_oak_log":1,"minecraft:barrel":3,"create:crimsite":8,"minecraft:lever":1,"magistuarmory:leather_strip":5,"minecraft:dead_brain_coral_block":54,"minecraft:bread":3,"create:precision_mechanism":1,"sophisticatedbackpacks:gold_backpack":12,"minecraft:coarse_dirt":48,"minecraft:shelter_pottery_sherd":1,"minecraft:crafting_table":8,"minecraft:nether_wart":11,"minecraft:leather_leggings":1,"gravestone:obituary":50,"minecraft:cornflower":127,"minecraft:compass":1,"create:brass_funnel":5,"minecraft:beef":22,"minecraft:poppy":1,"minecraft:chest":26,"minecraft:birch_sapling":15,"create:clutch":2,"magistuarmory:gothic_boots":2,"magistuarmory:rustedbarbute":1,"rechiseled:cobbled_deepslate_pillar":2,"sophisticatedbackpacks:backpack":1,"minecraft:redstone":364,"create:brass_casing":1,"create:vertical_gearbox":7,"rechiseled:cherry_planks_small_tiles":66,"minecraft:cooked_cod":2,"magistuarmory:steel_ingot":1,"artifacts:snowshoes":1,"minecraft:hay_block":57,"create:depot":1,"minecraft:gold_ingot":63,"artifacts:pocket_piston":12,"minecraft:mutton":2,"minecraft:oxeye_daisy":1,"minecraft:rail":19,"minecraft:white_wool":42,"rechiseled:cobblestone_pulverized":36,"minecraft:stripped_oak_log":20,"create:iron_sheet":1,"magistuarmory:rustedhalfarmor_chestplate":3,"minecraft:clock":1,"minecraft:oak_log":4065,"minecraft:golden_boots":8,"rechiseled:birch_planks_large_tiles":13,"minecraft:paper":7,"minecraft:white_banner":1,"minecraft:apple":142,"minecraft:kelp":86,"minecraft:spore_blossom":5,"minecraft:glass_bottle":7,"minecraft:mangrove_planks":3,"minecraft:flowering_azalea":1,"create:mechanical_saw":12,"minecraft:smooth_basalt":1,"minecraft:cracked_nether_bricks":10,"minecraft:spyglass":1,"minecraft:gravel":2,"minecraft:dead_fire_coral_block":18,"magistuarmory:rustedchainmail_leggings":3,"create:gearbox":8,"forbidden_arcanus:arcane_crystal":23,"tetra:geode":1,"minecraft:gray_wool":6,"create:portable_storage_interface":6,"minecraft:hopper":12,"minecraft:wheat":6,"minecraft:nether_brick_fence":9,"minecraft:crimson_planks":34,"minecraft:raw_copper":13,"minecraft:iron_leggings":1,"create:andesite_funnel":1,"minecraft:sea_pickle":8,"minecraft:activator_rail":4,"create:mechanical_press":1,"minecraft:calcite":4,"minecraft:iron_pickaxe":1,"minecraft:furnace":2,"minecraft:stick":1117,"minecraft:torch":63,"tetra:holo":1,"create:large_cogwheel":5,"minecraft:rotten_flesh":13,"minecraft:blaze_powder":1,"minecraft:obsidian":14,"create:speedometer":2,"minecraft:cobblestone":1190,"minecraft:cherry_planks":21,"minecraft:andesite":956,"minecraft:potato":8,"map_atlases:atlas":1,"create:belt_connector":13,"minecraft:tuff":79,"create:raw_zinc":132,"minecraft:wither_skeleton_skull":1,"minecraft:lapis_lazuli":28,"minecraft:dirt":1774,"rechiseled:oak_planks_mosaic":25,"minecraft:glass":13,"minecraft:bone":21,"minecraft:bow":2,"minecraft:wheat_seeds":186,"minecraft:raw_gold":8,"minecraft:bamboo":19,"minecraft:powered_rail":5,"minecraft:oak_planks":71,"artifacts:rooted_boots":1,"create:cogwheel":11,"minecraft:sand":44,"minecraft:nether_brick_stairs":42,"minecraft:mossy_cobblestone":19,"minecraft:diamond":36,"magistuarmory:corruptedroundshield":2,"minecraft:cracked_polished_blackstone_bricks":5,"minecraft:bone_meal":7,"minecraft:emerald":4,"minecraft:oak_sapling":2476,"minecraft:netherrack":137,"create:white_sail":51,"minecraft:charcoal":26,"minecraft:chicken":1,"minecraft:brown_mushroom":1,"create:rotation_speed_controller":5,"minecraft:gold_block":13,"minecraft:brick":6,"create:mechanical_harvester":1,"minecraft:moss_carpet":5,"artifacts:feral_claws":11,"minecraft:item_frame":1,"create:chute":3,"minecraft:birch_fence":1,"minecraft:cyan_carpet":16,"minecraft:blackstone":18,"minecraft:blue_orchid":1,"create:basin":1,"minecraft:light_gray_wool":7,"minecraft:sugar_cane":17,"create:linear_chassis":37,"minecraft:phantom_membrane":1,"minecraft:raw_iron":137,"forbidden_arcanus:bat_wing":3,"minecraft:copper_ingot":127,"minecraft:polished_blackstone_bricks":27,"create:windmill_bearing":4,"magistuarmory:rustedkettlehat":1,"create:hand_crank":2,"create:zinc_ingot":29,"create:deployer":16,"minecraft:howl_pottery_sherd":1,"minecraft:arrow":2,"minecraft:nether_bricks":106,"artifacts:running_shoes":14,"minecraft:nether_brick_wall":2,"minecraft:skeleton_skull":1,"forbidden_arcanus:spawner_scrap":1,"minecraft:crimson_stem":7,"minecraft:glow_ink_sac":1,"minecraft:salmon":5,"minecraft:leather":32,"minecraft:birch_planks":14,"artifacts:superstitious_hat":1,"minecraft:gunpowder":6,"create:blaze_burner":1,"rechiseled:stone_big_tiles":10,"minecraft:red_nether_brick_stairs":4,"minecraft:iron_ingot":133,"minecraft:soul_sand":6,"minecraft:book":16,"create:mechanical_bearing":4,"create:large_water_wheel":2,"create:layered_limestone":4,"minecraft:dandelion":14,"minecraft:quartz":111,"minecraft:lava_bucket":1,"minecraft:amethyst_shard":9,"minecraft:red_banner":1,"minecraft:blast_furnace":6,"minecraft:white_bed":10,"minecraft:spider_eye":1,"create:zinc_nugget":3,"create:encased_fan":2,"minecraft:iron_helmet":1,"minecraft:coal":207},"minecraft:broken":{"minecraft:golden_boots":1,"minecraft:iron_boots":3,"minecraft:iron_leggings":2,"minecraft:diamond_pickaxe":1,"minecraft:iron_sword":1,"minecraft:iron_hoe":1,"magistuarmory:corruptedroundshield":1,"minecraft:chainmail_helmet":1,"minecraft:shield":4,"minecraft:iron_axe":3,"minecraft:iron_pickaxe":3,"minecraft:iron_helmet":3,"magistuarmory:rustedchainmail_leggings":1,"minecraft:golden_helmet":1,"minecraft:iron_shovel":1,"minecraft:stone_pickaxe":4,"minecraft:stone_axe":1,"minecraft:stone_shovel":3,"minecraft:golden_chestplate":1,"immersive_armors:heavy_leggings":1,"create:sand_paper":2},"minecraft:killed_by":{"minecraft:piglin_brute":3,"specialmobs:hungryzombie":1,"specialmobs:witherskeleton":2,"specialmobs:mothercavespider":1,"specialmobs:knightskeleton":1,"specialmobs:blaze":2,"specialmobs:skeleton":4,"specialmobs:knightwitherskeleton":1,"specialmobs:giantzombie":2,"specialmobs:sniperwitherskeleton":1,"minecraft:player":21,"specialmobs:zombie":5,"specialmobs:joltblaze":1,"specialmobs:brutewitherskeleton":2},"minecraft:dropped":{"minecraft:glass_bottle":7,"minecraft:diamond":8,"minecraft:spore_blossom":3,"create:incomplete_precision_mechanism":8,"minecraft:saddle":2,"minecraft:rail":19,"minecraft:emerald":3,"minecraft:dirt":208,"minecraft:gold_nugget":2,"magistuarmory:corruptedroundshield":1,"minecraft:white_wool":12,"minecraft:cyan_carpet":14,"minecraft:bone":13,"minecraft:birch_sapling":4,"minecraft:obsidian":4,"minecraft:rotten_flesh":7,"minecraft:charcoal":8,"magistuarmory:gothic_boots":2,"minecraft:red_nether_bricks":7,"minecraft:glass":6,"minecraft:iron_ingot":3,"minecraft:enchanted_book":1,"minecraft:golden_boots":8,"minecraft:chiseled_nether_bricks":1,"minecraft:wheat_seeds":90,"minecraft:feather":3,"minecraft:iron_helmet":1,"minecraft:cobblestone":69,"minecraft:coal":3,"minecraft:cherry_planks":16,"minecraft:cooked_salmon":2,"magistuarmory:rustedbarbute":1,"minecraft:string":3,"minecraft:moss_carpet":5,"minecraft:chicken":1,"magistuarmory:rusted_heavymace":1,"minecraft:nether_bricks":37,"forbidden_arcanus:bat_wing":1,"minecraft:blast_furnace":4,"minecraft:big_dripleaf":2,"minecraft:potato":7,"minecraft:bundle":1,"create:zinc_ingot":73,"minecraft:barrel":3,"minecraft:spider_eye":1,"minecraft:warped_button":1,"minecraft:bow":1,"artifacts:snowshoes":1,"minecraft:nether_brick_stairs":30,"minecraft:brown_mushroom":1,"minecraft:oak_log":689,"minecraft:leather":9,"create:crimsite":5,"minecraft:flint":1,"forbidden_arcanus:rune":4,"minecraft:cornflower":36,"gravestone:obituary":93,"minecraft:amethyst_shard":3,"minecraft:polished_blackstone_bricks":10,"minecraft:gold_ingot":17,"minecraft:chiseled_polished_blackstone":3,"minecraft:spyglass":1,"minecraft:honey_bottle":2,"minecraft:poppy":1,"minecraft:gunpowder":4,"minecraft:chest":2,"create:brass_ingot":9,"minecraft:arrow":3,"minecraft:powered_rail":5,"magistuarmory:rustedchainmail_boots":3,"minecraft:quartz":6,"minecraft:netherrack":8,"create:andesite_alloy":5,"minecraft:bread":4,"magistuarmory:rustedkettlehat":1,"minecraft:mossy_cobblestone":9,"create:zinc_nugget":64,"minecraft:activator_rail":4,"minecraft:copper_ingot":108,"minecraft:stick":395,"create:crushed_raw_gold":1,"minecraft:torch":12,"minecraft:flowering_azalea":1,"minecraft:dandelion":10,"minecraft:redstone":64,"minecraft:coarse_dirt":1,"minecraft:tuff":14,"magistuarmory:rustedhalfarmor_chestplate":1,"minecraft:red_nether_brick_stairs":1,"minecraft:shield":1,"artifacts:steadfast_spikes":1,"minecraft:andesite":33,"minecraft:oak_sapling":1926,"create:golden_sheet":5},"minecraft:killed":{"specialmobs:poisonsilverfish":1,"specialmobs:albinosilverfish":1,"minecraft:chicken":1,"specialmobs:puffersilverfish":5,"specialmobs:fishingzombie":1,"specialmobs:volatilemagmacube":3,"specialmobs:bouncingmagmacube":7,"minecraft:pillager":3,"specialmobs:giantzombie":3,"minecraft:glow_squid":1,"specialmobs:cavespider":10,"minecraft:cow":9,"specialmobs:deathcreeper":1,"specialmobs:zombie":21,"specialmobs:joltblaze":1,"specialmobs:blaze":6,"specialmobs:silverfish":2,"specialmobs:witherskeleton":9,"specialmobs:creeper":6,"specialmobs:brutezombie":1,"specialmobs:skeleton":13,"artifacts:mimic":1,"minecraft:piglin":1,"minecraft:zombie_villager":1,"specialmobs:brutewitherskeleton":2,"minecraft:sheep":2,"specialmobs:bruteskeleton":1,"specialmobs:icewitch":1,"specialmobs:spider":12,"specialmobs:knightwitherskeleton":1,"specialmobs:splittingcreeper":1,"minecraft:phantom":4,"specialmobs:waterspider":3,"specialmobs:firezombie":2}},"DataVersion":3465}