{"stats":{"minecraft:used":{"minecraft:stone_sword":1,"minecraft:iron_shovel":252,"minecraft:bundle":1,"minecraft:birch_planks":6,"minecraft:stone_shovel":120,"minecraft:glass_bottle":3,"minecraft:stone_pickaxe":209,"minecraft:oak_planks":1,"minecraft:shield":5,"minecraft:chest":2,"minecraft:wooden_pickaxe":7,"minecraft:iron_sword":7,"minecraft:green_bed":4,"minecraft:torch":18,"minecraft:dirt":37,"minecraft:spyglass":8,"minecraft:crafting_table":6,"minecraft:white_bed":1,"minecraft:oak_log":2,"minecraft:glass":1,"minecraft:cornflower":1,"minecraft:diamond_pickaxe":1,"minecraft:lantern":3,"minecraft:bread":12,"minecraft:iron_pickaxe":259,"minecraft:stone_axe":27,"minecraft:cobblestone":23,"minecraft:furnace":2,"minecraft:cooked_porkchop":3,"minecraft:birch_log":2,"minecraft:cobbled_deepslate":1,"minecraft:iron_leggings":1},"minecraft:killed":{"minecraft:chicken":1,"specialmobs:cavespider":1},"minecraft:mined":{"create:zinc_ore":7,"minecraft:white_bed":1,"minecraft:amethyst_cluster":1,"minecraft:dandelion":1,"minecraft:cornflower":2,"minecraft:crafting_table":2,"gravestone:gravestone":2,"minecraft:grass_block":188,"minecraft:glass":1,"minecraft:cobblestone":60,"minecraft:tall_grass":20,"minecraft:oak_planks":1,"minecraft:hopper":2,"minecraft:pink_petals":1,"minecraft:hay_block":34,"minecraft:birch_planks":6,"minecraft:furnace":1,"minecraft:birch_log":11,"minecraft:iron_ore":10,"minecraft:andesite":69,"minecraft:gold_block":1,"minecraft:grass":87,"minecraft:oak_log":14,"minecraft:coal_ore":54,"minecraft:gravel":2,"minecraft:sand":13,"minecraft:dirt":176,"minecraft:stone":247,"minecraft:green_bed":5,"minecraft:deepslate":1},"minecraft:dropped":{"minecraft:wheat_seeds":11,"minecraft:diamond":2,"minecraft:birch_sapling":3,"minecraft:obsidian":4,"minecraft:chicken":1,"minecraft:leather":2,"minecraft:copper_ingot":19,"minecraft:honey_bottle":2,"minecraft:blast_furnace":4,"minecraft:emerald":3,"minecraft:dirt":69,"minecraft:potato":7,"minecraft:cornflower":11,"minecraft:amethyst_shard":3,"minecraft:glass":6,"minecraft:white_wool":12,"minecraft:netherrack":8},"minecraft:crafted":{"minecraft:glass_bottle":3,"minecraft:oak_planks":40,"minecraft:stone_shovel":2,"minecraft:cooked_porkchop":3,"minecraft:spyglass":1,"minecraft:crafting_table":4,"minecraft:wooden_pickaxe":1,"minecraft:iron_sword":1,"minecraft:furnace":1,"minecraft:birch_planks":36,"minecraft:stone_axe":1,"minecraft:air":0,"minecraft:glass":9,"minecraft:shield":1,"minecraft:stick":24,"minecraft:iron_ingot":6,"minecraft:stone_pickaxe":3,"minecraft:stone_sword":1,"minecraft:iron_leggings":1,"minecraft:torch":52,"minecraft:shears":1},"minecraft:custom":{"minecraft:interact_with_furnace":12,"minecraft:mob_kills":2,"minecraft:interact_with_crafting_table":13,"minecraft:leave_game":1,"minecraft:time_since_death":2408,"minecraft:sleep_in_bed":5,"minecraft:climb_one_cm":1689,"minecraft:damage_blocked_by_shield":210,"minecraft:time_since_rest":2465,"minecraft:sprint_one_cm":155711,"minecraft:damage_taken":745,"minecraft:walk_one_cm":284398,"minecraft:drop":23,"minecraft:damage_dealt":471,"minecraft:swim_one_cm":11367,"minecraft:fly_one_cm":254385,"minecraft:open_chest":18,"minecraft:crouch_one_cm":7155,"minecraft:play_time":109916,"minecraft:deaths":1,"minecraft:sneak_time":3197,"minecraft:walk_under_water_one_cm":3550,"minecraft:jump":1426,"minecraft:walk_on_water_one_cm":3383,"minecraft:total_world_time":109916,"minecraft:fall_one_cm":37998},"minecraft:broken":{"minecraft:stone_pickaxe":1,"minecraft:iron_shovel":1,"minecraft:iron_pickaxe":1,"minecraft:stone_shovel":1},"minecraft:picked_up":{"minecraft:birch_log":11,"minecraft:crafting_table":2,"minecraft:chicken":1,"minecraft:andesite":91,"minecraft:leather":6,"minecraft:potato":7,"minecraft:birch_planks":6,"minecraft:gold_block":1,"create:raw_zinc":7,"minecraft:oak_log":14,"minecraft:cornflower":20,"minecraft:dirt":485,"minecraft:lantern":4,"minecraft:glass":7,"minecraft:wheat_seeds":12,"minecraft:cobbled_deepslate":1,"minecraft:birch_sapling":1,"minecraft:oak_planks":1,"minecraft:furnace":1,"minecraft:stick":3,"minecraft:raw_iron":11,"minecraft:copper_ingot":19,"minecraft:torch":1,"magistuarmory:rustedbarbute":1,"minecraft:dandelion":1,"minecraft:green_bed":5,"minecraft:gravel":2,"minecraft:sand":16,"minecraft:amethyst_shard":7,"minecraft:blast_furnace":4,"minecraft:white_bed":1,"minecraft:honey_bottle":2,"minecraft:diamond":2,"minecraft:hay_block":33,"minecraft:emerald":3,"minecraft:bread":3,"minecraft:oak_sapling":3,"minecraft:obsidian":4,"minecraft:coal":69,"minecraft:hopper":2,"minecraft:white_wool":8,"minecraft:cobblestone":383}},"DataVersion":3465}