{"stats":{"minecraft:killed_by":{"minecraft:player":1,"specialmobs:skeleton":3,"specialmobs:hungryzombie":1,"specialmobs:zombie":4,"specialmobs:mothercavespider":1},"minecraft:broken":{"minecraft:iron_shovel":1,"minecraft:iron_boots":1,"magistuarmory:corruptedroundshield":1,"minecraft:stone_pickaxe":4,"minecraft:shield":2,"minecraft:stone_axe":1,"minecraft:iron_sword":1,"minecraft:iron_pickaxe":2,"minecraft:iron_helmet":1,"minecraft:stone_shovel":3,"minecraft:golden_chestplate":1},"minecraft:dropped":{"minecraft:enchanted_book":1,"minecraft:iron_ingot":3,"minecraft:bread":4,"magistuarmory:rustedkettlehat":1,"minecraft:wheat_seeds":12,"minecraft:mossy_cobblestone":1,"minecraft:diamond":2,"minecraft:leather":2,"create:crimsite":1,"minecraft:activator_rail":4,"minecraft:copper_ingot":19,"minecraft:rail":19,"minecraft:stick":2,"minecraft:emerald":3,"minecraft:dirt":71,"minecraft:cornflower":11,"gravestone:obituary":11,"minecraft:amethyst_shard":3,"magistuarmory:corruptedroundshield":1,"magistuarmory:rustedbarbute":1,"minecraft:string":3,"minecraft:white_wool":12,"minecraft:cyan_carpet":7,"minecraft:bone":4,"minecraft:spyglass":1,"minecraft:birch_sapling":3,"minecraft:obsidian":4,"minecraft:chicken":1,"magistuarmory:rustedhalfarmor_chestplate":1,"minecraft:rotten_flesh":2,"magistuarmory:rusted_heavymace":1,"minecraft:honey_bottle":2,"forbidden_arcanus:bat_wing":1,"minecraft:blast_furnace":4,"minecraft:potato":7,"minecraft:gunpowder":4,"minecraft:bundle":1,"minecraft:andesite":3,"minecraft:chest":1,"minecraft:barrel":3,"minecraft:powered_rail":5,"minecraft:arrow":2,"minecraft:glass":6,"magistuarmory:rustedchainmail_boots":3,"minecraft:netherrack":8},"minecraft:picked_up":{"minecraft:crafting_table":4,"minecraft:chicken":1,"minecraft:leather_leggings":1,"minecraft:oak_stairs":2,"minecraft:gold_block":1,"minecraft:enchanted_book":1,"gravestone:obituary":4,"minecraft:cornflower":45,"forbidden_arcanus:xpetrified_orb":7,"minecraft:string":10,"minecraft:raw_copper":5,"create:limestone":16,"minecraft:cooked_salmon":68,"minecraft:pufferfish":1,"minecraft:cyan_carpet":14,"minecraft:blackstone":8,"minecraft:sea_pickle":8,"minecraft:activator_rail":4,"minecraft:gold_nugget":5,"minecraft:cobbled_deepslate":19,"minecraft:iron_pickaxe":1,"minecraft:chest":4,"minecraft:birch_sapling":1,"minecraft:furnace":1,"minecraft:stick":4,"minecraft:raw_iron":73,"forbidden_arcanus:bat_wing":3,"minecraft:copper_ingot":64,"minecraft:torch":12,"magistuarmory:rustedbarbute":1,"minecraft:green_bed":9,"sophisticatedbackpacks:backpack":1,"magistuarmory:rusted_heavymace":1,"minecraft:golden_axe":1,"magistuarmory:rustedkettlehat":1,"minecraft:cherry_log":13,"minecraft:redstone":62,"rechiseled:cherry_planks_small_tiles":66,"minecraft:arrow":2,"minecraft:honey_bottle":2,"minecraft:rotten_flesh":5,"minecraft:hay_block":33,"minecraft:rail":19,"minecraft:obsidian":14,"minecraft:cobblestone":904,"minecraft:white_wool":8,"rechiseled:cobblestone_pulverized":36,"minecraft:birch_log":11,"magistuarmory:rustedhalfarmor_chestplate":2,"magistuarmory:rustedchainmail_boots":3,"minecraft:cherry_planks":15,"minecraft:salmon":4,"minecraft:andesite":123,"minecraft:leather":6,"minecraft:potato":7,"minecraft:birch_planks":8,"minecraft:tuff":1,"create:raw_zinc":48,"minecraft:oak_log":14,"minecraft:lapis_lazuli":10,"rechiseled:birch_planks_large_tiles":13,"minecraft:gunpowder":4,"rechiseled:stone_big_tiles":10,"minecraft:dirt":857,"minecraft:lantern":5,"rechiseled:oak_planks_mosaic":25,"minecraft:glass":7,"minecraft:bone":10,"minecraft:bow":1,"minecraft:raw_gold":2,"minecraft:wheat_seeds":27,"minecraft:iron_ingot":41,"forbidden_arcanus:rune":1,"minecraft:bamboo":19,"minecraft:powered_rail":5,"minecraft:oak_planks":39,"minecraft:book":2,"minecraft:smooth_basalt":1,"minecraft:dandelion":1,"minecraft:spyglass":1,"minecraft:gravel":2,"minecraft:dead_fire_coral_block":11,"minecraft:sand":16,"minecraft:amethyst_shard":7,"minecraft:blast_furnace":5,"minecraft:white_bed":4,"magistuarmory:rustedchainmail_leggings":2,"minecraft:barrel":3,"minecraft:spider_eye":1,"minecraft:mossy_cobblestone":2,"forbidden_arcanus:arcane_crystal":9,"create:crimsite":1,"minecraft:diamond":13,"minecraft:bone_meal":7,"magistuarmory:corruptedroundshield":2,"minecraft:dead_brain_coral_block":35,"minecraft:emerald":4,"minecraft:bread":3,"minecraft:oak_sapling":3,"minecraft:coal":95,"minecraft:hopper":2},"minecraft:mined":{"create:zinc_ore":7,"create:deepslate_zinc_ore":14,"minecraft:tuff":1,"minecraft:white_bed":4,"minecraft:mossy_cobblestone":1,"rechiseled:oak_planks_mosaic":25,"minecraft:deepslate_diamond_ore":9,"gravestone:gravestone":12,"minecraft:grass_block":331,"minecraft:infested_cobblestone":4,"specialmobs:infested_brain_coral_block":2,"minecraft:hopper":2,"forbidden_arcanus:arcane_crystal_ore":4,"minecraft:hay_block":34,"rechiseled:birch_planks_large_tiles":15,"minecraft:redstone_ore":2,"forbidden_arcanus:deepslate_arcane_crystal_ore":5,"minecraft:furnace":1,"minecraft:barrel":4,"minecraft:iron_ore":47,"minecraft:fire":16,"minecraft:andesite":91,"rechiseled:stone_big_tiles":10,"rechiseled:cobblestone_pulverized":37,"minecraft:gold_block":1,"minecraft:deepslate_iron_ore":21,"minecraft:stone":581,"minecraft:brain_coral_block":6,"minecraft:fire_coral_block":1,"create:limestone":16,"minecraft:green_bed":7,"minecraft:deepslate_redstone_ore":12,"minecraft:blackstone":8,"rechiseled:cherry_planks_small_tiles":52,"minecraft:amethyst_cluster":1,"minecraft:dandelion":1,"minecraft:crafting_table":4,"minecraft:cornflower":3,"minecraft:torch":1,"minecraft:blast_furnace":1,"minecraft:emerald_ore":1,"minecraft:chest":3,"minecraft:glass":1,"minecraft:tall_grass":21,"minecraft:cobblestone":192,"minecraft:deepslate_gold_ore":2,"minecraft:lapis_ore":2,"minecraft:oak_planks":5,"minecraft:pink_petals":1,"minecraft:seagrass":1,"minecraft:dead_fire_coral_block":3,"minecraft:birch_planks":8,"forbidden_arcanus:xpetrified_ore":7,"minecraft:sea_pickle":8,"minecraft:birch_log":11,"minecraft:dead_brain_coral_block":18,"minecraft:grass":90,"minecraft:coal_ore":80,"minecraft:oak_log":14,"minecraft:cyan_carpet":2,"minecraft:gravel":2,"minecraft:sand":13,"minecraft:dirt":342,"minecraft:smooth_basalt":1,"minecraft:gold_ore":1,"create:crimsite":2,"forbidden_arcanus:runic_deepslate":1,"minecraft:deepslate":35},"minecraft:custom":{"minecraft:interact_with_anvil":1,"minecraft:interact_with_smithing_table":1,"minecraft:mob_kills":57,"minecraft:interact_with_crafting_table":43,"minecraft:open_barrel":15,"minecraft:leave_game":3,"minecraft:time_since_death":21178,"minecraft:climb_one_cm":3742,"minecraft:sprint_one_cm":571889,"minecraft:walk_one_cm":934765,"minecraft:damage_blocked_by_shield":6597,"minecraft:drop":73,"minecraft:play_time":348404,"minecraft:deaths":11,"minecraft:sneak_time":19062,"minecraft:walk_under_water_one_cm":40548,"minecraft:jump":5050,"minecraft:interact_with_blast_furnace":61,"minecraft:walk_on_water_one_cm":49903,"minecraft:enchant_item":4,"minecraft:total_world_time":348404,"minecraft:interact_with_furnace":21,"minecraft:sleep_in_bed":13,"minecraft:time_since_rest":21226,"minecraft:damage_taken":8918,"minecraft:damage_dealt":11832,"minecraft:swim_one_cm":16589,"minecraft:fly_one_cm":1000299,"minecraft:player_kills":1,"minecraft:open_chest":100,"minecraft:crouch_one_cm":82274,"minecraft:interact_with_smoker":1,"minecraft:fall_one_cm":115384},"minecraft:killed":{"specialmobs:poisonsilverfish":1,"specialmobs:skeleton":6,"specialmobs:albinosilverfish":1,"minecraft:chicken":1,"specialmobs:zombie":12,"specialmobs:puffersilverfish":5,"minecraft:zombie_villager":1,"specialmobs:waterspider":1,"specialmobs:silverfish":2,"specialmobs:firezombie":1,"specialmobs:creeper":1,"specialmobs:bruteskeleton":1,"specialmobs:giantzombie":1,"specialmobs:cavespider":10,"specialmobs:spider":10,"specialmobs:brutezombie":1},"minecraft:crafted":{"minecraft:cherry_planks":52,"minecraft:oak_planks":40,"minecraft:stone_shovel":3,"minecraft:spyglass":1,"minecraft:furnace":1,"minecraft:stone":5,"minecraft:glass":9,"minecraft:iron_boots":2,"minecraft:iron_axe":1,"magistuarmory:steel_ingot":1,"minecraft:stone_pickaxe":4,"minecraft:chest":8,"minecraft:glass_bottle":3,"minecraft:diamond_sword":1,"sophisticatedbackpacks:backpack":1,"minecraft:cooked_porkchop":3,"minecraft:enchanting_table":1,"minecraft:crafting_table":6,"minecraft:iron_helmet":2,"minecraft:wooden_pickaxe":1,"minecraft:iron_sword":1,"minecraft:birch_planks":148,"minecraft:stone_axe":1,"minecraft:air":0,"rechiseled:chisel":1,"minecraft:shield":3,"minecraft:stick":80,"minecraft:iron_pickaxe":1,"minecraft:iron_ingot":73,"minecraft:cherry_door":3,"minecraft:stone_sword":1,"minecraft:iron_leggings":1,"minecraft:torch":192,"minecraft:shears":1,"minecraft:diamond_chestplate":1},"minecraft:used":{"minecraft:enchanting_table":1,"magistuarmory:corruptedroundshield":4,"create:limestone":16,"magistuarmory:rusted_heavymace":3,"minecraft:stone_sword":1,"minecraft:iron_shovel":252,"rechiseled:stone_big_tiles":10,"minecraft:stone_shovel":425,"rechiseled:birch_planks_large_tiles":66,"minecraft:chest":11,"minecraft:shield":121,"minecraft:stone":37,"minecraft:iron_sword":250,"minecraft:cooked_salmon":23,"minecraft:torch":198,"minecraft:dirt":38,"minecraft:spyglass":77,"minecraft:dead_brain_coral_block":23,"minecraft:glass":1,"minecraft:bookshelf":2,"minecraft:iron_axe":59,"minecraft:lantern":5,"minecraft:furnace":2,"minecraft:gold_block":1,"rechiseled:cherry_planks_small_tiles":92,"minecraft:cobbled_deepslate":11,"minecraft:iron_leggings":1,"minecraft:bundle":1,"minecraft:birch_planks":36,"minecraft:glass_bottle":3,"minecraft:stone_pickaxe":515,"minecraft:oak_planks":15,"minecraft:blackstone":4,"minecraft:wooden_pickaxe":7,"minecraft:green_bed":8,"minecraft:crafting_table":10,"rechiseled:oak_planks_mosaic":26,"minecraft:dead_fire_coral_block":8,"minecraft:blast_furnace":5,"minecraft:white_bed":4,"minecraft:oak_log":2,"minecraft:diamond_pickaxe":139,"minecraft:cornflower":1,"minecraft:cherry_door":1,"minecraft:bread":95,"minecraft:iron_pickaxe":614,"minecraft:pufferfish":1,"minecraft:stone_axe":78,"minecraft:diamond_sword":19,"minecraft:cobblestone":151,"rechiseled:cobblestone_pulverized":1019,"minecraft:andesite":29,"minecraft:cooked_porkchop":3,"minecraft:birch_log":2}},"DataVersion":3465}