{"stats":{"minecraft:mined":{"create:deepslate_zinc_ore":17,"minecraft:spruce_planks":3,"minecraft:white_bed":6,"create:andesite_casing":12,"minecraft:grass_block":512,"minecraft:infested_cobblestone":4,"minecraft:hopper":2,"rechiseled:birch_planks_large_tiles":15,"minecraft:fire":16,"minecraft:barrel":4,"minecraft:iron_ore":56,"minecraft:cobbled_deepslate":1,"rechiseled:cobblestone_pulverized":37,"minecraft:blue_orchid":1,"minecraft:brain_coral_block":6,"create:limestone":16,"minecraft:green_bed":7,"minecraft:deepslate_redstone_ore":12,"create:cogwheel":7,"minecraft:blackstone":8,"minecraft:amethyst_cluster":1,"minecraft:torch":1,"minecraft:blast_furnace":1,"minecraft:poppy":1,"minecraft:chest":3,"minecraft:glass":1,"minecraft:cobblestone":192,"minecraft:oak_planks":6,"minecraft:wall_torch":1,"create:large_water_wheel":1,"minecraft:pink_petals":1,"minecraft:seagrass":1,"minecraft:birch_log":88,"minecraft:grass":273,"minecraft:oak_log":15,"minecraft:sand":13,"minecraft:dirt":514,"minecraft:smooth_basalt":1,"create:crimsite":2,"minecraft:oak_leaves":2,"minecraft:deepslate":94,"create:zinc_ore":21,"minecraft:tuff":6,"minecraft:mossy_cobblestone":1,"rechiseled:oak_planks_mosaic":25,"minecraft:deepslate_diamond_ore":9,"tetra:block_geode":1,"gravestone:gravestone":13,"create:large_cogwheel":2,"minecraft:decorated_pot":2,"specialmobs:infested_brain_coral_block":2,"minecraft:hay_block":34,"forbidden_arcanus:arcane_crystal_ore":4,"minecraft:redstone_ore":2,"create:shaft":9,"forbidden_arcanus:deepslate_arcane_crystal_ore":5,"minecraft:furnace":1,"minecraft:andesite":137,"rechiseled:stone_big_tiles":10,"minecraft:gold_block":1,"minecraft:deepslate_iron_ore":38,"minecraft:vine":16,"minecraft:stone":689,"minecraft:fire_coral_block":1,"rechiseled:cherry_planks_small_tiles":52,"minecraft:dandelion":4,"minecraft:crafting_table":5,"minecraft:cornflower":5,"minecraft:emerald_ore":1,"create:water_wheel":9,"minecraft:campfire":1,"minecraft:tall_grass":72,"minecraft:lapis_ore":2,"minecraft:deepslate_gold_ore":2,"create:mechanical_saw":5,"minecraft:birch_planks":8,"create:water_wheel_structure":1,"minecraft:dead_fire_coral_block":3,"minecraft:coarse_dirt":33,"forbidden_arcanus:xpetrified_ore":8,"minecraft:sea_pickle":8,"minecraft:birch_leaves":12,"minecraft:dead_brain_coral_block":18,"minecraft:coal_ore":82,"minecraft:gravel":2,"minecraft:cyan_carpet":2,"minecraft:gold_ore":1,"forbidden_arcanus:runic_deepslate":2},"minecraft:used":{"magistuarmory:corruptedroundshield":4,"magistuarmory:rusted_heavymace":3,"minecraft:iron_shovel":252,"rechiseled:stone_big_tiles":10,"minecraft:chest":11,"minecraft:shield":121,"minecraft:stone":37,"minecraft:iron_sword":250,"create:cogwheel":9,"create:depot":1,"minecraft:obsidian":10,"minecraft:glass":1,"minecraft:lantern":5,"minecraft:blue_orchid":1,"minecraft:birch_sapling":12,"create:shaft":9,"minecraft:furnace":2,"minecraft:gold_block":1,"rechiseled:cherry_planks_small_tiles":92,"minecraft:stone_pickaxe":515,"minecraft:oak_planks":16,"minecraft:blackstone":4,"minecraft:wooden_pickaxe":7,"create:mechanical_saw":10,"rechiseled:oak_planks_mosaic":26,"minecraft:blast_furnace":5,"tetra:modular_double":1,"minecraft:lever":1,"minecraft:bread":95,"create:andesite_casing":1,"minecraft:pufferfish":1,"minecraft:diamond_sword":56,"rechiseled:cobblestone_pulverized":1019,"minecraft:birch_log":11,"minecraft:andesite":29,"create:vertical_gearbox":1,"minecraft:coarse_dirt":28,"create:large_cogwheel":7,"create:limestone":16,"minecraft:enchanting_table":1,"minecraft:stone_sword":1,"minecraft:stone_shovel":425,"rechiseled:birch_planks_large_tiles":66,"minecraft:spruce_planks":3,"minecraft:cooked_salmon":39,"minecraft:torch":207,"minecraft:dirt":663,"minecraft:spyglass":86,"minecraft:dead_brain_coral_block":23,"minecraft:bookshelf":3,"create:wrench":20,"minecraft:iron_axe":202,"minecraft:diamond_chestplate":1,"minecraft:cobbled_deepslate":14,"minecraft:iron_leggings":1,"minecraft:water_bucket":1,"minecraft:bundle":1,"minecraft:birch_planks":36,"minecraft:glass_bottle":3,"minecraft:birch_boat":1,"minecraft:green_bed":8,"minecraft:salmon":4,"minecraft:crafting_table":15,"minecraft:dead_fire_coral_block":8,"minecraft:white_bed":6,"minecraft:oak_log":2,"minecraft:diamond_pickaxe":325,"minecraft:cornflower":1,"minecraft:diamond_shovel":385,"create:mechanical_press":1,"minecraft:cherry_door":1,"minecraft:iron_pickaxe":735,"create:water_wheel":9,"forbidden_arcanus:aureal_bottle":1,"create:large_water_wheel":3,"minecraft:stone_axe":78,"minecraft:cobblestone":151,"minecraft:cooked_porkchop":3,"create:clutch":1,"create:hand_crank":1},"minecraft:custom":{"minecraft:interact_with_crafting_table":58,"minecraft:open_barrel":17,"minecraft:leave_game":7,"minecraft:time_since_death":50378,"minecraft:sprint_one_cm":733292,"minecraft:damage_blocked_by_shield":6597,"minecraft:drop":84,"minecraft:play_time":489310,"minecraft:deaths":12,"minecraft:jump":6744,"minecraft:walk_on_water_one_cm":60567,"minecraft:enchant_item":4,"minecraft:interact_with_furnace":21,"minecraft:sleep_in_bed":21,"minecraft:damage_dealt":13594,"minecraft:player_kills":1,"minecraft:crouch_one_cm":104528,"minecraft:interact_with_smoker":3,"minecraft:interact_with_smithing_table":1,"minecraft:interact_with_anvil":1,"minecraft:mob_kills":66,"minecraft:climb_one_cm":4331,"minecraft:walk_one_cm":1151713,"minecraft:sneak_time":25277,"minecraft:walk_under_water_one_cm":45460,"minecraft:interact_with_blast_furnace":74,"minecraft:total_world_time":489310,"minecraft:time_since_rest":6153,"minecraft:damage_taken":9771,"minecraft:swim_one_cm":73590,"minecraft:fly_one_cm":1404872,"minecraft:open_chest":130,"minecraft:fall_one_cm":163317},"minecraft:broken":{"minecraft:iron_shovel":1,"minecraft:iron_boots":1,"minecraft:stone_pickaxe":4,"minecraft:stone_axe":1,"minecraft:iron_sword":1,"minecraft:stone_shovel":3,"minecraft:golden_chestplate":1,"magistuarmory:corruptedroundshield":1,"minecraft:shield":2,"minecraft:iron_pickaxe":3,"minecraft:iron_helmet":1},"minecraft:dropped":{"minecraft:glass_bottle":1,"minecraft:diamond":2,"minecraft:leather":2,"create:crimsite":1,"minecraft:rail":19,"minecraft:emerald":3,"minecraft:dirt":71,"minecraft:cornflower":22,"gravestone:obituary":11,"minecraft:amethyst_shard":3,"magistuarmory:corruptedroundshield":1,"minecraft:white_wool":12,"minecraft:cyan_carpet":14,"minecraft:bone":4,"minecraft:spyglass":1,"minecraft:birch_sapling":3,"minecraft:obsidian":4,"minecraft:rotten_flesh":3,"minecraft:honey_bottle":2,"minecraft:poppy":1,"minecraft:gunpowder":4,"minecraft:chest":1,"minecraft:glass":6,"minecraft:arrow":2,"minecraft:powered_rail":5,"magistuarmory:rustedchainmail_boots":3,"minecraft:netherrack":8,"minecraft:bread":4,"minecraft:enchanted_book":1,"minecraft:iron_ingot":3,"magistuarmory:rustedkettlehat":1,"minecraft:wheat_seeds":54,"minecraft:mossy_cobblestone":1,"minecraft:cobblestone":64,"minecraft:activator_rail":4,"minecraft:copper_ingot":19,"minecraft:stick":2,"minecraft:cooked_salmon":2,"magistuarmory:rustedbarbute":1,"minecraft:string":3,"minecraft:dandelion":10,"minecraft:chicken":1,"magistuarmory:rustedhalfarmor_chestplate":1,"magistuarmory:rusted_heavymace":1,"forbidden_arcanus:bat_wing":1,"minecraft:blast_furnace":4,"minecraft:potato":7,"minecraft:bundle":1,"minecraft:andesite":3,"minecraft:oak_sapling":1,"minecraft:barrel":3},"minecraft:killed":{"specialmobs:poisonsilverfish":1,"specialmobs:skeleton":6,"specialmobs:albinosilverfish":1,"minecraft:chicken":1,"artifacts:mimic":1,"specialmobs:puffersilverfish":5,"minecraft:zombie_villager":1,"minecraft:sheep":2,"specialmobs:bruteskeleton":1,"specialmobs:giantzombie":2,"specialmobs:cavespider":10,"specialmobs:spider":10,"minecraft:cow":4,"specialmobs:zombie":12,"specialmobs:waterspider":1,"specialmobs:silverfish":2,"specialmobs:firezombie":1,"specialmobs:creeper":2,"specialmobs:brutezombie":1},"minecraft:picked_up":{"minecraft:oak_stairs":2,"minecraft:enchanted_book":1,"forbidden_arcanus:xpetrified_orb":7,"minecraft:string":11,"minecraft:raw_copper":5,"create:limestone":16,"minecraft:cooked_salmon":68,"minecraft:pufferfish":1,"create:water_wheel":9,"minecraft:sea_pickle":8,"minecraft:activator_rail":4,"minecraft:gold_nugget":5,"minecraft:cobbled_deepslate":40,"minecraft:spruce_planks":3,"minecraft:iron_pickaxe":1,"minecraft:furnace":1,"minecraft:stick":11,"forbidden_arcanus:aureal_bottle":1,"minecraft:torch":14,"tetra:holo":1,"minecraft:green_bed":9,"create:andesite_casing":12,"magistuarmory:rusted_heavymace":1,"minecraft:golden_axe":1,"minecraft:cherry_log":13,"create:large_cogwheel":2,"minecraft:honey_bottle":2,"minecraft:rotten_flesh":7,"minecraft:obsidian":14,"minecraft:cobblestone":976,"minecraft:birch_log":87,"magistuarmory:rustedchainmail_boots":3,"minecraft:cherry_planks":15,"minecraft:andesite":187,"minecraft:potato":7,"minecraft:tuff":1,"create:raw_zinc":68,"minecraft:lapis_lazuli":10,"minecraft:dirt":1211,"minecraft:lantern":5,"rechiseled:oak_planks_mosaic":25,"minecraft:glass":7,"minecraft:bone":10,"minecraft:bow":1,"minecraft:wheat_seeds":111,"minecraft:raw_gold":2,"forbidden_arcanus:rune":2,"create:shaft":8,"minecraft:bamboo":19,"minecraft:powered_rail":5,"minecraft:oak_planks":40,"create:cogwheel":7,"minecraft:sand":16,"minecraft:barrel":3,"minecraft:mossy_cobblestone":2,"create:crimsite":1,"minecraft:diamond":13,"magistuarmory:corruptedroundshield":2,"minecraft:dead_brain_coral_block":35,"minecraft:bone_meal":7,"minecraft:bread":3,"minecraft:emerald":4,"minecraft:oak_sapling":4,"minecraft:shelter_pottery_sherd":1,"minecraft:coarse_dirt":33,"minecraft:crafting_table":5,"minecraft:chicken":1,"minecraft:leather_leggings":1,"minecraft:gold_block":1,"gravestone:obituary":4,"minecraft:brick":6,"minecraft:cornflower":56,"minecraft:cyan_carpet":14,"minecraft:blackstone":8,"minecraft:blue_orchid":1,"minecraft:beef":12,"minecraft:poppy":1,"minecraft:chest":4,"minecraft:birch_sapling":13,"minecraft:raw_iron":94,"forbidden_arcanus:bat_wing":3,"minecraft:copper_ingot":64,"magistuarmory:rustedbarbute":1,"sophisticatedbackpacks:backpack":1,"magistuarmory:rustedkettlehat":1,"minecraft:redstone":62,"minecraft:howl_pottery_sherd":1,"rechiseled:cherry_planks_small_tiles":66,"minecraft:arrow":2,"artifacts:snowshoes":1,"minecraft:hay_block":33,"minecraft:mutton":2,"minecraft:rail":19,"minecraft:white_wool":10,"rechiseled:cobblestone_pulverized":36,"create:iron_sheet":1,"magistuarmory:rustedhalfarmor_chestplate":2,"minecraft:salmon":4,"minecraft:leather":11,"minecraft:birch_planks":8,"minecraft:oak_log":15,"rechiseled:birch_planks_large_tiles":13,"minecraft:gunpowder":4,"rechiseled:stone_big_tiles":10,"minecraft:kelp":65,"minecraft:iron_ingot":41,"minecraft:glass_bottle":1,"create:mechanical_saw":5,"minecraft:book":2,"minecraft:smooth_basalt":1,"create:large_water_wheel":2,"minecraft:dandelion":11,"minecraft:spyglass":1,"minecraft:gravel":2,"minecraft:dead_fire_coral_block":11,"minecraft:amethyst_shard":7,"minecraft:blast_furnace":5,"minecraft:white_bed":6,"magistuarmory:rustedchainmail_leggings":2,"minecraft:spider_eye":1,"forbidden_arcanus:arcane_crystal":9,"tetra:geode":1,"minecraft:coal":98,"minecraft:hopper":2},"minecraft:crafted":{"minecraft:oak_planks":40,"minecraft:birch_boat":1,"minecraft:stone":5,"minecraft:lever":1,"create:vertical_gearbox":1,"minecraft:glass":9,"minecraft:iron_boots":2,"create:mechanical_press":1,"minecraft:chest":8,"create:cogwheel":6,"minecraft:glass_bottle":3,"create:depot":1,"sophisticatedbackpacks:backpack":1,"minecraft:cooked_porkchop":3,"minecraft:crafting_table":10,"minecraft:spruce_planks":28,"create:mechanical_saw":5,"minecraft:wooden_pickaxe":1,"minecraft:iron_helmet":2,"create:zinc_nugget":45,"minecraft:birch_planks":208,"create:clutch":1,"rechiseled:chisel":1,"create:gearbox":1,"create:water_wheel":3,"minecraft:shield":3,"minecraft:stick":84,"minecraft:iron_ingot":94,"minecraft:iron_pickaxe":2,"minecraft:iron_block":1,"minecraft:stone_sword":1,"minecraft:gold_ingot":2,"create:large_cogwheel":2,"minecraft:shears":1,"minecraft:cherry_planks":52,"minecraft:stone_shovel":3,"create:wrench":1,"minecraft:spyglass":1,"minecraft:furnace":1,"minecraft:iron_axe":1,"magistuarmory:steel_ingot":1,"minecraft:stone_pickaxe":4,"tetra:modular_double":1,"create:andesite_alloy":22,"create:hand_crank":1,"minecraft:diamond_sword":1,"minecraft:enchanting_table":1,"minecraft:iron_sword":1,"create:large_water_wheel":1,"minecraft:stone_axe":1,"minecraft:air":0,"minecraft:iron_leggings":1,"minecraft:cherry_door":3,"minecraft:white_bed":1,"create:shaft":16,"minecraft:torch":204,"create:zinc_ingot":15,"minecraft:diamond_chestplate":1},"minecraft:killed_by":{"specialmobs:skeleton":3,"specialmobs:giantzombie":1,"minecraft:player":1,"specialmobs:hungryzombie":1,"specialmobs:zombie":4,"specialmobs:mothercavespider":1}},"DataVersion":3465}