{"stats":{"minecraft:broken":{"minecraft:golden_boots":1,"minecraft:iron_boots":2,"minecraft:iron_leggings":1,"minecraft:iron_sword":1,"magistuarmory:corruptedroundshield":1,"minecraft:chainmail_helmet":1,"minecraft:shield":4,"minecraft:iron_axe":2,"minecraft:iron_pickaxe":3,"minecraft:iron_helmet":2,"magistuarmory:rustedchainmail_leggings":1,"minecraft:golden_helmet":1,"minecraft:iron_shovel":1,"minecraft:stone_pickaxe":4,"minecraft:stone_axe":1,"minecraft:stone_shovel":3,"minecraft:golden_chestplate":1,"immersive_armors:heavy_leggings":1,"create:sand_paper":2},"minecraft:custom":{"minecraft:interact_with_crafting_table":70,"minecraft:open_barrel":85,"minecraft:leave_game":31,"minecraft:time_since_death":534,"minecraft:damage_blocked_by_shield":13208,"minecraft:play_time":1189279,"minecraft:deaths":37,"minecraft:jump":13608,"minecraft:enchant_item":4,"minecraft:interact_with_furnace":33,"minecraft:sleep_in_bed":35,"minecraft:damage_dealt":29442,"minecraft:interact_with_smoker":11,"minecraft:interact_with_smithing_table":2,"minecraft:interact_with_anvil":1,"minecraft:inspect_hopper":2,"minecraft:sneak_time":56500,"minecraft:interact_with_blast_furnace":92,"minecraft:total_world_time":1189279,"minecraft:time_since_rest":556,"minecraft:swim_one_cm":160634,"minecraft:fly_one_cm":2892291,"minecraft:open_chest":407,"minecraft:fall_one_cm":352490,"minecraft:sprint_one_cm":1778456,"minecraft:drop":263,"minecraft:walk_on_water_one_cm":88740,"minecraft:player_kills":1,"minecraft:crouch_one_cm":209891,"minecraft:mob_kills":142,"minecraft:climb_one_cm":11401,"minecraft:walk_one_cm":2795451,"minecraft:walk_under_water_one_cm":68865,"minecraft:damage_taken":25445},"minecraft:picked_up":{"minecraft:oak_stairs":2,"minecraft:enchanted_book":2,"forbidden_arcanus:xpetrified_orb":7,"minecraft:polished_blackstone_brick_stairs":3,"minecraft:string":12,"create:limestone":20,"minecraft:cooked_salmon":173,"minecraft:red_nether_bricks":23,"minecraft:pufferfish":1,"minecraft:shroomlight":1,"create:water_wheel":9,"minecraft:gold_nugget":7,"minecraft:cobbled_deepslate":67,"minecraft:spruce_planks":3,"minecraft:mangrove_log":14,"forbidden_arcanus:aureal_bottle":1,"minecraft:green_bed":9,"create:andesite_casing":57,"magistuarmory:rusted_heavymace":1,"minecraft:golden_axe":1,"minecraft:cherry_log":49,"minecraft:warped_button":1,"minecraft:chiseled_nether_bricks":3,"minecraft:honey_bottle":2,"artifacts:lucky_scarf":4,"minecraft:blaze_rod":1,"minecraft:iron_bars":3,"minecraft:birch_log":87,"minecraft:magma_block":1,"minecraft:feather":3,"magistuarmory:rustedchainmail_boots":3,"create:rope_pulley":1,"minecraft:flint":1,"minecraft:map":1,"minecraft:lantern":5,"create:encased_chain_drive":16,"tetra:scroll_rolled":2,"forbidden_arcanus:rune":8,"create:shaft":60,"minecraft:glowstone_dust":7,"minecraft:chiseled_polished_blackstone":3,"create:empty_blaze_burner":7,"minecraft:birch_fence_gate":1,"minecraft:dark_oak_log":1,"minecraft:barrel":3,"create:crimsite":1,"minecraft:lever":1,"minecraft:dead_brain_coral_block":39,"minecraft:bread":3,"create:precision_mechanism":1,"minecraft:coarse_dirt":46,"sophisticatedbackpacks:gold_backpack":12,"minecraft:shelter_pottery_sherd":1,"minecraft:crafting_table":7,"minecraft:nether_wart":11,"minecraft:leather_leggings":1,"gravestone:obituary":17,"minecraft:cornflower":127,"minecraft:compass":1,"create:brass_funnel":5,"minecraft:beef":22,"minecraft:poppy":1,"minecraft:chest":22,"minecraft:birch_sapling":15,"create:clutch":1,"magistuarmory:gothic_boots":2,"magistuarmory:rustedbarbute":1,"sophisticatedbackpacks:backpack":1,"minecraft:redstone":355,"create:brass_casing":1,"create:vertical_gearbox":7,"rechiseled:cherry_planks_small_tiles":66,"minecraft:cooked_cod":2,"magistuarmory:steel_ingot":1,"artifacts:snowshoes":1,"minecraft:hay_block":57,"create:depot":1,"minecraft:gold_ingot":50,"artifacts:pocket_piston":11,"minecraft:mutton":2,"minecraft:oxeye_daisy":1,"minecraft:rail":19,"minecraft:white_wool":17,"rechiseled:cobblestone_pulverized":36,"create:iron_sheet":1,"magistuarmory:rustedhalfarmor_chestplate":3,"minecraft:clock":1,"minecraft:oak_log":4052,"minecraft:golden_boots":8,"rechiseled:birch_planks_large_tiles":13,"minecraft:paper":7,"minecraft:white_banner":1,"minecraft:apple":142,"minecraft:kelp":86,"minecraft:spore_blossom":5,"minecraft:glass_bottle":3,"minecraft:mangrove_planks":3,"create:mechanical_saw":12,"minecraft:smooth_basalt":1,"minecraft:cracked_nether_bricks":10,"minecraft:spyglass":1,"minecraft:gravel":2,"minecraft:dead_fire_coral_block":16,"magistuarmory:rustedchainmail_leggings":3,"create:gearbox":8,"forbidden_arcanus:arcane_crystal":23,"tetra:geode":1,"minecraft:gray_wool":6,"create:portable_storage_interface":6,"minecraft:hopper":8,"minecraft:wheat":6,"minecraft:nether_brick_fence":9,"minecraft:crimson_planks":16,"minecraft:raw_copper":11,"minecraft:iron_leggings":1,"create:andesite_funnel":1,"minecraft:sea_pickle":8,"minecraft:activator_rail":4,"create:mechanical_press":1,"minecraft:calcite":4,"minecraft:iron_pickaxe":1,"minecraft:furnace":2,"minecraft:stick":744,"minecraft:torch":36,"tetra:holo":1,"create:large_cogwheel":5,"minecraft:rotten_flesh":13,"minecraft:obsidian":14,"minecraft:blaze_powder":1,"create:speedometer":2,"minecraft:cobblestone":1072,"minecraft:cherry_planks":21,"minecraft:andesite":315,"minecraft:potato":8,"map_atlases:atlas":1,"create:belt_connector":13,"minecraft:tuff":65,"create:raw_zinc":132,"minecraft:wither_skeleton_skull":1,"minecraft:lapis_lazuli":28,"minecraft:dirt":1685,"rechiseled:oak_planks_mosaic":25,"minecraft:glass":13,"minecraft:bone":21,"minecraft:bow":2,"minecraft:wheat_seeds":175,"minecraft:raw_gold":8,"minecraft:bamboo":19,"minecraft:powered_rail":5,"minecraft:oak_planks":49,"artifacts:rooted_boots":1,"create:cogwheel":11,"minecraft:sand":44,"minecraft:nether_brick_stairs":42,"minecraft:mossy_cobblestone":3,"minecraft:diamond":36,"magistuarmory:corruptedroundshield":2,"minecraft:cracked_polished_blackstone_bricks":5,"minecraft:bone_meal":7,"minecraft:emerald":4,"minecraft:oak_sapling":119,"minecraft:netherrack":137,"create:white_sail":50,"minecraft:charcoal":26,"minecraft:chicken":1,"minecraft:brown_mushroom":1,"create:rotation_speed_controller":5,"minecraft:gold_block":13,"minecraft:brick":6,"artifacts:feral_claws":11,"minecraft:item_frame":1,"create:chute":1,"minecraft:birch_fence":1,"minecraft:cyan_carpet":15,"minecraft:blackstone":14,"minecraft:blue_orchid":1,"create:basin":1,"minecraft:light_gray_wool":7,"minecraft:sugar_cane":17,"create:linear_chassis":33,"minecraft:phantom_membrane":1,"minecraft:raw_iron":119,"forbidden_arcanus:bat_wing":3,"minecraft:copper_ingot":127,"minecraft:polished_blackstone_bricks":27,"create:windmill_bearing":4,"magistuarmory:rustedkettlehat":1,"create:hand_crank":2,"create:zinc_ingot":29,"create:deployer":10,"minecraft:howl_pottery_sherd":1,"minecraft:arrow":2,"minecraft:nether_bricks":106,"artifacts:running_shoes":14,"minecraft:nether_brick_wall":2,"minecraft:skeleton_skull":1,"forbidden_arcanus:spawner_scrap":1,"minecraft:crimson_stem":7,"minecraft:salmon":5,"minecraft:leather":18,"minecraft:birch_planks":14,"minecraft:gunpowder":6,"create:blaze_burner":1,"rechiseled:stone_big_tiles":10,"minecraft:red_nether_brick_stairs":4,"minecraft:iron_ingot":41,"minecraft:soul_sand":4,"minecraft:book":16,"create:large_water_wheel":2,"create:layered_limestone":4,"minecraft:dandelion":14,"minecraft:quartz":111,"minecraft:lava_bucket":1,"minecraft:amethyst_shard":9,"minecraft:blast_furnace":5,"minecraft:white_bed":10,"minecraft:spider_eye":1,"create:encased_fan":2,"minecraft:coal":207},"minecraft:killed_by":{"minecraft:piglin_brute":3,"specialmobs:hungryzombie":1,"specialmobs:witherskeleton":2,"specialmobs:mothercavespider":1,"specialmobs:knightskeleton":1,"specialmobs:blaze":2,"specialmobs:skeleton":4,"specialmobs:knightwitherskeleton":1,"specialmobs:giantzombie":2,"specialmobs:sniperwitherskeleton":1,"minecraft:player":7,"specialmobs:zombie":5,"specialmobs:joltblaze":1,"specialmobs:brutewitherskeleton":2},"minecraft:killed":{"specialmobs:poisonsilverfish":1,"specialmobs:albinosilverfish":1,"minecraft:chicken":1,"specialmobs:puffersilverfish":5,"specialmobs:fishingzombie":1,"specialmobs:volatilemagmacube":3,"specialmobs:bouncingmagmacube":7,"minecraft:pillager":3,"specialmobs:giantzombie":3,"specialmobs:cavespider":10,"minecraft:cow":9,"specialmobs:deathcreeper":1,"specialmobs:zombie":21,"specialmobs:joltblaze":1,"specialmobs:blaze":6,"specialmobs:silverfish":2,"specialmobs:witherskeleton":9,"specialmobs:creeper":6,"specialmobs:brutezombie":1,"specialmobs:skeleton":13,"artifacts:mimic":1,"minecraft:piglin":1,"minecraft:zombie_villager":1,"specialmobs:brutewitherskeleton":2,"minecraft:sheep":2,"specialmobs:bruteskeleton":1,"specialmobs:icewitch":1,"specialmobs:spider":12,"specialmobs:knightwitherskeleton":1,"specialmobs:splittingcreeper":1,"minecraft:phantom":4,"specialmobs:waterspider":3,"specialmobs:firezombie":2},"minecraft:used":{"magistuarmory:corruptedroundshield":4,"create:deployer":18,"rechiseled:stone_big_tiles":10,"minecraft:chest":45,"minecraft:stone":37,"create:white_sail":77,"create:depot":2,"minecraft:lava_bucket":2,"minecraft:birch_sapling":13,"create:andesite_funnel":2,"create:rotation_speed_controller":6,"create:shaft":111,"minecraft:oak_sapling":12,"minecraft:furnace":3,"minecraft:cooked_cod":2,"minecraft:blackstone":10,"minecraft:wooden_pickaxe":7,"rechiseled:oak_planks_mosaic":26,"minecraft:blast_furnace":5,"tetra:modular_double":1,"minecraft:birch_fence":16,"minecraft:pufferfish":1,"minecraft:diamond_sword":381,"create:basin":2,"minecraft:birch_log":29,"minecraft:enchanting_table":1,"minecraft:iron_bars":2,"create:limestone":20,"minecraft:stone_sword":1,"minecraft:cooked_salmon":141,"minecraft:netherrack":82,"minecraft:torch":356,"tetra:scroll_rolled":2,"minecraft:dead_brain_coral_block":24,"minecraft:nether_brick_stairs":1,"minecraft:shroomlight":1,"create:wrench":57,"create:gearbox":14,"minecraft:iron_axe":547,"minecraft:diamond_chestplate":1,"minecraft:goat_horn":17,"minecraft:cobbled_deepslate":28,"minecraft:cherry_log":18,"create:belt_connector":25,"sophisticatedbackpacks:gold_backpack":3,"minecraft:water_bucket":7,"minecraft:birch_planks":42,"minecraft:bundle":1,"create:brass_tunnel":1,"minecraft:cherry_planks":54,"create:blaze_burner":1,"minecraft:polished_blackstone_bricks":17,"minecraft:salmon":5,"create:encased_fan":3,"minecraft:crafting_table":16,"minecraft:white_bed":10,"minecraft:campfire":1,"create:filter":1,"minecraft:oak_log":25,"minecraft:diamond_pickaxe":1410,"minecraft:cornflower":1,"minecraft:diamond_shovel":775,"minecraft:iron_pickaxe":735,"create:water_wheel":9,"forbidden_arcanus:aureal_bottle":1,"minecraft:cobblestone":207,"minecraft:cooked_porkchop":3,"create:clutch":2,"minecraft:kelp":5,"magistuarmory:rusted_heavymace":3,"minecraft:iron_shovel":252,"create:portable_storage_interface":9,"minecraft:shield":209,"minecraft:iron_sword":250,"create:mechanical_bearing":1,"create:cogwheel":15,"minecraft:nether_bricks":69,"minecraft:tuff":37,"create:speedometer":2,"minecraft:obsidian":10,"minecraft:glass":1,"minecraft:lantern":5,"minecraft:blue_orchid":1,"minecraft:iron_helmet":1,"minecraft:gold_block":1,"minecraft:skeleton_skull":1,"rechiseled:cherry_planks_small_tiles":92,"minecraft:stone_pickaxe":515,"minecraft:mangrove_planks":44,"minecraft:oak_planks":16,"minecraft:sugar_cane":14,"create:mechanical_saw":17,"minecraft:lever":2,"minecraft:birch_fence_gate":2,"minecraft:bread":111,"create:andesite_casing":5,"rechiseled:cobblestone_pulverized":1024,"minecraft:andesite":30,"create:vertical_gearbox":16,"minecraft:coarse_dirt":31,"minecraft:bone_meal":22,"minecraft:experience_bottle":2,"create:large_cogwheel":9,"minecraft:flint_and_steel":1,"minecraft:stone_shovel":425,"rechiseled:birch_planks_large_tiles":66,"minecraft:spruce_planks":3,"minecraft:dirt":1170,"minecraft:spyglass":114,"create:mechanical_mixer":1,"create:layered_limestone":4,"minecraft:hopper":5,"create:chute":2,"minecraft:bookshelf":3,"minecraft:iron_boots":1,"minecraft:crimson_planks":28,"minecraft:cooked_beef":22,"minecraft:iron_leggings":3,"minecraft:cooked_mutton":2,"minecraft:glass_bottle":3,"create:empty_blaze_burner":7,"minecraft:red_nether_bricks":6,"minecraft:birch_boat":1,"minecraft:green_bed":8,"create:brass_funnel":9,"minecraft:dead_fire_coral_block":9,"create:linear_chassis":45,"minecraft:apple":6,"create:birch_window":40,"create:mechanical_press":2,"minecraft:cherry_door":1,"create:windmill_bearing":5,"create:large_water_wheel":3,"minecraft:stone_axe":78,"minecraft:bucket":7,"create:hand_crank":2,"minecraft:gray_wool":3},"minecraft:mined":{"minecraft:dark_oak_planks":5,"minecraft:white_bed":10,"create:andesite_casing":57,"minecraft:cherry_log":10,"minecraft:red_nether_bricks":20,"minecraft:chiseled_polished_blackstone":1,"minecraft:hopper":6,"create:belt":4,"create:rotation_speed_controller":5,"minecraft:oxeye_daisy":1,"minecraft:nether_wart":4,"minecraft:polished_blackstone_bricks":29,"minecraft:fire":37,"minecraft:cobbled_deepslate":6,"create:speedometer":2,"minecraft:barrel":4,"minecraft:deepslate_lapis_ore":2,"minecraft:nether_brick_stairs":16,"rechiseled:cobblestone_pulverized":37,"minecraft:blue_orchid":1,"create:mechanical_press":1,"create:limestone":20,"create:lit_blaze_burner":2,"create:cogwheel":11,"minecraft:kelp_plant":1,"minecraft:crimson_nylium":4,"minecraft:amethyst_cluster":1,"minecraft:torch":9,"minecraft:blast_furnace":1,"minecraft:glass":1,"minecraft:sugar_cane":9,"create:basin":1,"create:andesite_belt_funnel":1,"create:portable_storage_interface":7,"create:brass_belt_funnel":1,"minecraft:grass":378,"create:hand_crank":1,"minecraft:mangrove_log":15,"minecraft:smooth_basalt":1,"create:linear_chassis":33,"create:clutch":1,"minecraft:deepslate":105,"create:zinc_ore":22,"minecraft:mossy_cobblestone":4,"rechiseled:oak_planks_mosaic":25,"minecraft:nether_brick_wall":2,"tetra:block_geode":1,"minecraft:dark_oak_log":1,"minecraft:birch_fence_gate":1,"minecraft:nether_bricks":70,"minecraft:spruce_fence":1,"create:encased_fan":2,"minecraft:redstone_ore":2,"create:shaft":48,"forbidden_arcanus:deepslate_arcane_crystal_ore":5,"minecraft:andesite":265,"rechiseled:stone_big_tiles":10,"minecraft:potatoes":1,"minecraft:vine":17,"create:chute":1,"create:deployer":10,"minecraft:fire_coral_block":2,"minecraft:cherry_planks":6,"minecraft:soul_sand":4,"minecraft:brown_stained_glass_pane":2,"minecraft:dandelion":6,"minecraft:cornflower":15,"minecraft:emerald_ore":1,"create:water_wheel":9,"minecraft:campfire":2,"minecraft:copper_ore":2,"minecraft:tall_grass":105,"minecraft:deepslate_gold_ore":6,"create:mechanical_saw":12,"create:water_wheel_structure":1,"create:blaze_burner":5,"minecraft:coarse_dirt":46,"create:gearbox":15,"minecraft:birch_leaves":17,"minecraft:gravel":2,"minecraft:gold_ore":1,"create:andesite_funnel":1,"create:deepslate_zinc_ore":65,"minecraft:spruce_planks":3,"minecraft:oak_sapling":8,"sophisticatedbackpacks:gold_backpack":3,"minecraft:grass_block":824,"minecraft:infested_cobblestone":4,"minecraft:cracked_polished_blackstone_bricks":11,"rechiseled:birch_planks_large_tiles":15,"minecraft:glowstone":3,"minecraft:red_nether_brick_stairs":4,"minecraft:iron_ore":56,"minecraft:skeleton_wall_skull":1,"minecraft:iron_bars":3,"minecraft:brain_coral_block":7,"create:layered_limestone":4,"minecraft:green_bed":7,"minecraft:deepslate_redstone_ore":37,"minecraft:blackstone":13,"tetra:scroll_rolled":2,"minecraft:calcite":4,"minecraft:poppy":1,"minecraft:chest":20,"create:brass_casing":1,"minecraft:nether_quartz_ore":91,"minecraft:cobblestone":210,"minecraft:oak_planks":14,"minecraft:wall_torch":1,"create:large_water_wheel":1,"minecraft:pink_petals":1,"minecraft:seagrass":1,"create:rope_pulley":1,"minecraft:birch_log":88,"minecraft:oak_log":47,"minecraft:sand":42,"minecraft:dirt":630,"minecraft:crimson_planks":16,"create:encased_chain_drive":17,"minecraft:netherrack":126,"create:crimsite":2,"minecraft:oak_leaves":27,"create:brass_funnel":4,"minecraft:tuff":48,"minecraft:deepslate_diamond_ore":27,"gravestone:gravestone":39,"minecraft:decorated_pot":2,"create:large_cogwheel":5,"create:depot":1,"specialmobs:infested_brain_coral_block":2,"minecraft:spruce_leaves":2,"minecraft:cracked_nether_bricks":10,"minecraft:crimson_stem":7,"minecraft:hay_block":59,"forbidden_arcanus:arcane_crystal_ore":4,"minecraft:spore_blossom":1,"minecraft:furnace":2,"create:white_sail":47,"create:windmill_bearing":4,"minecraft:gold_block":15,"minecraft:nether_brick_fence":8,"minecraft:shroomlight":1,"minecraft:deepslate_iron_ore":56,"minecraft:stone":767,"rechiseled:cherry_planks_small_tiles":52,"minecraft:crafting_table":6,"minecraft:deepslate_coal_ore":46,"minecraft:lapis_ore":2,"minecraft:polished_blackstone_brick_stairs":2,"minecraft:birch_planks":13,"minecraft:dead_fire_coral_block":3,"minecraft:gray_wool":3,"forbidden_arcanus:xpetrified_ore":8,"minecraft:sea_pickle":9,"minecraft:ice":1,"minecraft:mangrove_planks":3,"minecraft:dead_brain_coral_block":18,"minecraft:coal_ore":114,"create:birch_window":1,"minecraft:cyan_carpet":2,"create:andesite_encased_shaft":5,"forbidden_arcanus:runic_deepslate":4,"minecraft:birch_fence":1},"minecraft:crafted":{"minecraft:birch_boat":1,"minecraft:blaze_powder":2,"minecraft:lever":1,"sophisticatedbackpacks:crafting_upgrade":1,"minecraft:cooked_mutton":2,"minecraft:iron_bars":16,"create:vertical_gearbox":10,"minecraft:glass":30,"sophisticatedbackpacks:smelting_upgrade":1,"create:rotation_speed_controller":1,"create:andesite_funnel":2,"create:mechanical_press":1,"minecraft:birch_fence_gate":1,"create:brass_funnel":4,"create:cogwheel":61,"minecraft:glass_bottle":3,"create:rose_quartz":5,"minecraft:cooked_porkchop":3,"minecraft:campfire":1,"create:mechanical_mixer":1,"create:clutch":1,"create:gearbox":10,"create:encased_fan":1,"minecraft:compass":1,"minecraft:iron_pickaxe":2,"minecraft:iron_block":1,"minecraft:gold_ingot":20,"create:large_cogwheel":11,"create:propeller":1,"minecraft:stone_shovel":3,"create:wrench":1,"minecraft:iron_nugget":18,"minecraft:spyglass":1,"minecraft:stone_pickaxe":4,"create:electron_tube":3,"create:belt_connector":10,"tetra:modular_double":1,"minecraft:enchanting_table":1,"create:brass_tunnel":2,"minecraft:dried_kelp":81,"sophisticatedbackpacks:gold_backpack":2,"create:speedometer":1,"minecraft:iron_leggings":1,"minecraft:white_bed":1,"create:shaft":136,"minecraft:oak_planks":48,"create:birch_window":6,"minecraft:stone":5,"create:mechanical_bearing":1,"create:deployer":1,"minecraft:hopper":3,"minecraft:iron_boots":2,"minecraft:chest":15,"minecraft:golden_boots":1,"create:depot":1,"sophisticatedbackpacks:backpack":2,"minecraft:crafting_table":10,"minecraft:spruce_planks":28,"create:mechanical_saw":5,"minecraft:iron_helmet":2,"minecraft:wooden_pickaxe":1,"create:zinc_nugget":261,"create:sand_paper":3,"minecraft:birch_planks":208,"sophisticatedbackpacks:upgrade_base":2,"rechiseled:chisel":1,"minecraft:paper":3,"create:water_wheel":3,"minecraft:shield":5,"create:portable_storage_interface":2,"create:super_glue":1,"minecraft:birch_fence":12,"minecraft:stick":84,"minecraft:iron_ingot":94,"minecraft:stone_sword":1,"minecraft:shears":1,"create:empty_blaze_burner":1,"create:chute":4,"minecraft:cherry_planks":212,"minecraft:furnace":2,"minecraft:iron_axe":3,"magistuarmory:steel_ingot":1,"create:basin":1,"create:filter":1,"sophisticatedbackpacks:iron_backpack":1,"minecraft:cooked_beef":22,"minecraft:crimson_planks":28,"create:andesite_alloy":22,"create:hand_crank":1,"minecraft:diamond_sword":1,"minecraft:iron_sword":1,"create:large_water_wheel":1,"minecraft:cooked_salmon":3,"minecraft:mangrove_planks":56,"minecraft:stone_axe":1,"minecraft:air":0,"minecraft:blue_dye":1,"create:whisk":1,"create:linear_chassis":15,"minecraft:cherry_door":3,"minecraft:torch":224,"create:zinc_ingot":52,"minecraft:diamond_chestplate":1},"minecraft:dropped":{"minecraft:glass_bottle":1,"minecraft:diamond":8,"minecraft:spore_blossom":3,"create:incomplete_precision_mechanism":8,"minecraft:saddle":2,"minecraft:rail":19,"minecraft:emerald":3,"minecraft:dirt":208,"minecraft:gold_nugget":2,"magistuarmory:corruptedroundshield":1,"minecraft:white_wool":12,"minecraft:cyan_carpet":14,"minecraft:bone":13,"minecraft:birch_sapling":4,"minecraft:obsidian":4,"minecraft:rotten_flesh":7,"minecraft:charcoal":8,"magistuarmory:gothic_boots":2,"minecraft:red_nether_bricks":7,"minecraft:glass":6,"minecraft:enchanted_book":1,"minecraft:golden_boots":8,"minecraft:iron_ingot":3,"minecraft:chiseled_nether_bricks":1,"minecraft:wheat_seeds":80,"minecraft:feather":3,"minecraft:cobblestone":67,"minecraft:coal":3,"minecraft:cherry_planks":16,"minecraft:cooked_salmon":2,"magistuarmory:rustedbarbute":1,"minecraft:string":3,"minecraft:chicken":1,"magistuarmory:rusted_heavymace":1,"minecraft:nether_bricks":37,"forbidden_arcanus:bat_wing":1,"minecraft:blast_furnace":4,"minecraft:potato":7,"minecraft:bundle":1,"create:zinc_ingot":41,"minecraft:spider_eye":1,"minecraft:barrel":3,"minecraft:warped_button":1,"minecraft:bow":1,"artifacts:snowshoes":1,"minecraft:nether_brick_stairs":30,"minecraft:brown_mushroom":1,"minecraft:oak_log":244,"minecraft:leather":9,"create:crimsite":1,"forbidden_arcanus:rune":4,"minecraft:cornflower":36,"gravestone:obituary":43,"minecraft:amethyst_shard":3,"minecraft:polished_blackstone_bricks":10,"minecraft:gold_ingot":17,"minecraft:chiseled_polished_blackstone":3,"minecraft:spyglass":1,"minecraft:honey_bottle":2,"minecraft:poppy":1,"minecraft:gunpowder":4,"minecraft:chest":1,"create:brass_ingot":9,"minecraft:arrow":3,"minecraft:powered_rail":5,"magistuarmory:rustedchainmail_boots":3,"minecraft:quartz":6,"minecraft:netherrack":8,"create:andesite_alloy":5,"minecraft:bread":4,"magistuarmory:rustedkettlehat":1,"minecraft:mossy_cobblestone":1,"create:zinc_nugget":64,"minecraft:activator_rail":4,"minecraft:copper_ingot":76,"minecraft:stick":11,"create:crushed_raw_gold":1,"minecraft:torch":11,"minecraft:dandelion":10,"minecraft:redstone":64,"minecraft:coarse_dirt":1,"minecraft:tuff":14,"magistuarmory:rustedhalfarmor_chestplate":1,"minecraft:red_nether_brick_stairs":1,"artifacts:steadfast_spikes":1,"minecraft:andesite":31,"minecraft:oak_sapling":4,"create:golden_sheet":5}},"DataVersion":3465}