{"stats":{"minecraft:crafted":{"minecraft:oak_planks":40,"minecraft:stone":5,"minecraft:glass":9,"minecraft:iron_boots":2,"create:mechanical_press":1,"minecraft:chest":8,"create:cogwheel":1,"minecraft:glass_bottle":3,"create:depot":1,"sophisticatedbackpacks:backpack":1,"minecraft:cooked_porkchop":3,"minecraft:crafting_table":6,"minecraft:spruce_planks":28,"minecraft:wooden_pickaxe":1,"minecraft:iron_helmet":2,"create:zinc_nugget":45,"minecraft:birch_planks":148,"rechiseled:chisel":1,"create:water_wheel":1,"minecraft:shield":3,"minecraft:stick":80,"minecraft:iron_pickaxe":1,"minecraft:iron_ingot":73,"minecraft:iron_block":1,"minecraft:stone_sword":1,"minecraft:shears":1,"minecraft:cherry_planks":52,"minecraft:stone_shovel":3,"minecraft:spyglass":1,"minecraft:furnace":1,"minecraft:iron_axe":1,"magistuarmory:steel_ingot":1,"minecraft:stone_pickaxe":4,"create:andesite_alloy":22,"create:hand_crank":1,"minecraft:diamond_sword":1,"minecraft:enchanting_table":1,"minecraft:iron_sword":1,"create:large_water_wheel":1,"minecraft:stone_axe":1,"minecraft:air":0,"minecraft:iron_leggings":1,"minecraft:cherry_door":3,"create:shaft":16,"minecraft:torch":192,"create:zinc_ingot":14,"minecraft:diamond_chestplate":1},"minecraft:mined":{"create:deepslate_zinc_ore":14,"minecraft:spruce_planks":3,"minecraft:white_bed":4,"create:andesite_casing":9,"minecraft:grass_block":398,"minecraft:infested_cobblestone":4,"minecraft:hopper":2,"rechiseled:birch_planks_large_tiles":15,"minecraft:fire":16,"minecraft:iron_ore":47,"minecraft:barrel":4,"rechiseled:cobblestone_pulverized":37,"minecraft:blue_orchid":1,"minecraft:brain_coral_block":6,"create:limestone":16,"minecraft:green_bed":7,"minecraft:deepslate_redstone_ore":12,"create:cogwheel":1,"minecraft:blackstone":8,"minecraft:amethyst_cluster":1,"minecraft:torch":1,"minecraft:blast_furnace":1,"minecraft:poppy":1,"minecraft:chest":3,"minecraft:glass":1,"minecraft:cobblestone":192,"minecraft:oak_planks":6,"minecraft:wall_torch":1,"create:large_water_wheel":1,"minecraft:pink_petals":1,"minecraft:seagrass":1,"minecraft:birch_log":88,"minecraft:grass":254,"minecraft:oak_log":15,"minecraft:sand":13,"minecraft:dirt":415,"minecraft:smooth_basalt":1,"create:crimsite":2,"minecraft:oak_leaves":2,"minecraft:deepslate":35,"create:zinc_ore":7,"minecraft:tuff":1,"minecraft:mossy_cobblestone":1,"rechiseled:oak_planks_mosaic":25,"minecraft:deepslate_diamond_ore":9,"gravestone:gravestone":12,"specialmobs:infested_brain_coral_block":2,"minecraft:hay_block":34,"forbidden_arcanus:arcane_crystal_ore":4,"minecraft:redstone_ore":2,"create:shaft":1,"forbidden_arcanus:deepslate_arcane_crystal_ore":5,"minecraft:furnace":1,"minecraft:andesite":91,"rechiseled:stone_big_tiles":10,"minecraft:gold_block":1,"minecraft:deepslate_iron_ore":21,"minecraft:vine":16,"minecraft:stone":581,"minecraft:fire_coral_block":1,"rechiseled:cherry_planks_small_tiles":52,"minecraft:dandelion":4,"minecraft:cornflower":5,"minecraft:crafting_table":4,"minecraft:emerald_ore":1,"minecraft:tall_grass":67,"minecraft:lapis_ore":2,"minecraft:deepslate_gold_ore":2,"minecraft:birch_planks":8,"create:water_wheel_structure":1,"minecraft:dead_fire_coral_block":3,"minecraft:coarse_dirt":32,"forbidden_arcanus:xpetrified_ore":7,"minecraft:sea_pickle":8,"minecraft:birch_leaves":12,"minecraft:dead_brain_coral_block":18,"minecraft:coal_ore":80,"minecraft:gravel":2,"minecraft:cyan_carpet":2,"minecraft:gold_ore":1,"forbidden_arcanus:runic_deepslate":1},"minecraft:broken":{"minecraft:iron_shovel":1,"minecraft:iron_boots":1,"minecraft:stone_pickaxe":4,"minecraft:stone_axe":1,"minecraft:iron_sword":1,"minecraft:stone_shovel":3,"minecraft:golden_chestplate":1,"magistuarmory:corruptedroundshield":1,"minecraft:shield":2,"minecraft:iron_pickaxe":2,"minecraft:iron_helmet":1},"minecraft:killed_by":{"specialmobs:skeleton":3,"minecraft:player":1,"specialmobs:hungryzombie":1,"specialmobs:zombie":4,"specialmobs:mothercavespider":1},"minecraft:picked_up":{"minecraft:oak_stairs":2,"minecraft:enchanted_book":1,"forbidden_arcanus:xpetrified_orb":7,"minecraft:string":10,"minecraft:raw_copper":5,"create:limestone":16,"minecraft:cooked_salmon":68,"minecraft:pufferfish":1,"minecraft:sea_pickle":8,"minecraft:activator_rail":4,"minecraft:cobbled_deepslate":19,"minecraft:gold_nugget":5,"minecraft:spruce_planks":3,"minecraft:iron_pickaxe":1,"minecraft:furnace":1,"minecraft:stick":11,"forbidden_arcanus:aureal_bottle":1,"minecraft:torch":13,"minecraft:green_bed":9,"create:andesite_casing":8,"magistuarmory:rusted_heavymace":1,"minecraft:golden_axe":1,"minecraft:cherry_log":13,"minecraft:honey_bottle":2,"minecraft:rotten_flesh":6,"minecraft:obsidian":14,"minecraft:cobblestone":904,"minecraft:birch_log":87,"magistuarmory:rustedchainmail_boots":3,"minecraft:cherry_planks":15,"minecraft:andesite":141,"minecraft:potato":7,"minecraft:tuff":1,"create:raw_zinc":49,"minecraft:lapis_lazuli":10,"minecraft:dirt":997,"minecraft:lantern":5,"rechiseled:oak_planks_mosaic":25,"minecraft:glass":7,"minecraft:bone":10,"minecraft:bow":1,"minecraft:wheat_seeds":61,"minecraft:raw_gold":2,"forbidden_arcanus:rune":1,"create:shaft":1,"minecraft:bamboo":19,"minecraft:powered_rail":5,"minecraft:oak_planks":40,"create:cogwheel":1,"minecraft:sand":16,"minecraft:barrel":3,"minecraft:mossy_cobblestone":2,"create:crimsite":1,"minecraft:diamond":13,"magistuarmory:corruptedroundshield":2,"minecraft:dead_brain_coral_block":35,"minecraft:bone_meal":7,"minecraft:bread":3,"minecraft:emerald":4,"minecraft:oak_sapling":4,"minecraft:coarse_dirt":32,"minecraft:crafting_table":4,"minecraft:chicken":1,"minecraft:leather_leggings":1,"minecraft:gold_block":1,"gravestone:obituary":4,"minecraft:cornflower":48,"minecraft:cyan_carpet":14,"minecraft:blackstone":8,"minecraft:blue_orchid":1,"minecraft:poppy":1,"minecraft:chest":4,"minecraft:birch_sapling":13,"minecraft:raw_iron":73,"forbidden_arcanus:bat_wing":3,"minecraft:copper_ingot":64,"magistuarmory:rustedbarbute":1,"sophisticatedbackpacks:backpack":1,"magistuarmory:rustedkettlehat":1,"minecraft:redstone":62,"rechiseled:cherry_planks_small_tiles":66,"minecraft:arrow":2,"minecraft:hay_block":33,"minecraft:rail":19,"minecraft:white_wool":8,"rechiseled:cobblestone_pulverized":36,"magistuarmory:rustedhalfarmor_chestplate":2,"minecraft:salmon":4,"minecraft:leather":6,"minecraft:birch_planks":8,"minecraft:oak_log":15,"rechiseled:birch_planks_large_tiles":13,"minecraft:gunpowder":4,"rechiseled:stone_big_tiles":10,"minecraft:iron_ingot":41,"minecraft:book":2,"minecraft:smooth_basalt":1,"create:large_water_wheel":2,"minecraft:dandelion":6,"minecraft:spyglass":1,"minecraft:gravel":2,"minecraft:dead_fire_coral_block":11,"minecraft:amethyst_shard":7,"minecraft:blast_furnace":5,"minecraft:white_bed":4,"magistuarmory:rustedchainmail_leggings":2,"minecraft:spider_eye":1,"forbidden_arcanus:arcane_crystal":9,"minecraft:coal":95,"minecraft:hopper":2},"minecraft:killed":{"specialmobs:poisonsilverfish":1,"specialmobs:skeleton":6,"specialmobs:albinosilverfish":1,"minecraft:chicken":1,"specialmobs:puffersilverfish":5,"minecraft:zombie_villager":1,"specialmobs:bruteskeleton":1,"specialmobs:giantzombie":1,"specialmobs:spider":10,"specialmobs:cavespider":10,"specialmobs:zombie":12,"specialmobs:waterspider":1,"specialmobs:silverfish":2,"specialmobs:firezombie":1,"specialmobs:creeper":1,"specialmobs:brutezombie":1},"minecraft:dropped":{"minecraft:diamond":2,"minecraft:leather":2,"create:crimsite":1,"minecraft:rail":19,"minecraft:emerald":3,"minecraft:dirt":71,"minecraft:cornflower":11,"gravestone:obituary":11,"minecraft:amethyst_shard":3,"magistuarmory:corruptedroundshield":1,"minecraft:white_wool":12,"minecraft:cyan_carpet":7,"minecraft:bone":4,"minecraft:spyglass":1,"minecraft:birch_sapling":3,"minecraft:obsidian":4,"minecraft:rotten_flesh":3,"minecraft:honey_bottle":2,"minecraft:gunpowder":4,"minecraft:chest":1,"minecraft:arrow":2,"minecraft:powered_rail":5,"minecraft:glass":6,"magistuarmory:rustedchainmail_boots":3,"minecraft:netherrack":8,"minecraft:bread":4,"minecraft:enchanted_book":1,"minecraft:iron_ingot":3,"magistuarmory:rustedkettlehat":1,"minecraft:wheat_seeds":12,"minecraft:mossy_cobblestone":1,"minecraft:activator_rail":4,"minecraft:copper_ingot":19,"minecraft:stick":2,"magistuarmory:rustedbarbute":1,"minecraft:string":3,"minecraft:chicken":1,"magistuarmory:rustedhalfarmor_chestplate":1,"magistuarmory:rusted_heavymace":1,"forbidden_arcanus:bat_wing":1,"minecraft:blast_furnace":4,"minecraft:potato":7,"minecraft:bundle":1,"minecraft:andesite":3,"minecraft:oak_sapling":1,"minecraft:barrel":3},"minecraft:used":{"magistuarmory:corruptedroundshield":4,"magistuarmory:rusted_heavymace":3,"minecraft:iron_shovel":252,"rechiseled:stone_big_tiles":10,"minecraft:chest":11,"minecraft:shield":121,"minecraft:stone":37,"minecraft:iron_sword":250,"create:cogwheel":1,"create:depot":1,"minecraft:glass":1,"minecraft:blue_orchid":1,"minecraft:lantern":5,"minecraft:birch_sapling":12,"create:shaft":3,"minecraft:furnace":2,"minecraft:gold_block":1,"rechiseled:cherry_planks_small_tiles":92,"minecraft:stone_pickaxe":515,"minecraft:oak_planks":16,"minecraft:blackstone":4,"minecraft:wooden_pickaxe":7,"rechiseled:oak_planks_mosaic":26,"minecraft:blast_furnace":5,"minecraft:bread":95,"minecraft:pufferfish":1,"minecraft:diamond_sword":19,"rechiseled:cobblestone_pulverized":1019,"minecraft:birch_log":11,"minecraft:andesite":29,"minecraft:coarse_dirt":28,"minecraft:enchanting_table":1,"create:limestone":16,"minecraft:stone_sword":1,"minecraft:stone_shovel":425,"rechiseled:birch_planks_large_tiles":66,"minecraft:spruce_planks":3,"minecraft:cooked_salmon":27,"minecraft:torch":199,"minecraft:dirt":624,"minecraft:spyglass":77,"minecraft:dead_brain_coral_block":23,"minecraft:bookshelf":3,"minecraft:iron_axe":194,"minecraft:diamond_chestplate":1,"minecraft:cobbled_deepslate":11,"minecraft:iron_leggings":1,"minecraft:water_bucket":1,"minecraft:birch_planks":36,"minecraft:bundle":1,"minecraft:glass_bottle":3,"minecraft:green_bed":8,"minecraft:crafting_table":10,"minecraft:dead_fire_coral_block":8,"minecraft:white_bed":4,"minecraft:oak_log":2,"minecraft:diamond_pickaxe":145,"minecraft:cornflower":1,"minecraft:diamond_shovel":176,"create:mechanical_press":1,"minecraft:cherry_door":1,"minecraft:iron_pickaxe":614,"forbidden_arcanus:aureal_bottle":1,"create:large_water_wheel":3,"minecraft:stone_axe":78,"minecraft:cobblestone":151,"minecraft:cooked_porkchop":3,"create:hand_crank":1},"minecraft:custom":{"minecraft:interact_with_crafting_table":48,"minecraft:open_barrel":15,"minecraft:leave_game":4,"minecraft:time_since_death":61962,"minecraft:sprint_one_cm":622323,"minecraft:damage_blocked_by_shield":6597,"minecraft:drop":75,"minecraft:play_time":389188,"minecraft:deaths":11,"minecraft:jump":5586,"minecraft:walk_on_water_one_cm":50253,"minecraft:enchant_item":4,"minecraft:interact_with_furnace":21,"minecraft:sleep_in_bed":16,"minecraft:damage_dealt":11832,"minecraft:player_kills":1,"minecraft:crouch_one_cm":98619,"minecraft:interact_with_smoker":1,"minecraft:interact_with_smithing_table":1,"minecraft:interact_with_anvil":1,"minecraft:mob_kills":57,"minecraft:climb_one_cm":4281,"minecraft:walk_one_cm":1020591,"minecraft:sneak_time":22018,"minecraft:walk_under_water_one_cm":41268,"minecraft:interact_with_blast_furnace":65,"minecraft:total_world_time":389188,"minecraft:time_since_rest":17769,"minecraft:damage_taken":8948,"minecraft:swim_one_cm":23336,"minecraft:fly_one_cm":1134586,"minecraft:open_chest":113,"minecraft:fall_one_cm":126910}},"DataVersion":3465}