{"stats":{"minecraft:killed":{"specialmobs:poisonsilverfish":1,"specialmobs:skeleton":12,"specialmobs:albinosilverfish":1,"minecraft:chicken":1,"artifacts:mimic":1,"specialmobs:puffersilverfish":5,"minecraft:piglin":1,"specialmobs:fishingzombie":1,"minecraft:zombie_villager":1,"specialmobs:brutewitherskeleton":2,"specialmobs:bouncingmagmacube":7,"specialmobs:volatilemagmacube":3,"minecraft:sheep":2,"specialmobs:bruteskeleton":1,"specialmobs:giantzombie":2,"specialmobs:cavespider":10,"specialmobs:spider":12,"minecraft:cow":9,"specialmobs:deathcreeper":1,"specialmobs:knightwitherskeleton":1,"specialmobs:zombie":15,"specialmobs:joltblaze":1,"specialmobs:blaze":5,"specialmobs:waterspider":2,"specialmobs:silverfish":2,"specialmobs:witherskeleton":8,"specialmobs:firezombie":2,"specialmobs:creeper":2,"specialmobs:brutezombie":1},"minecraft:picked_up":{"minecraft:wheat":6,"minecraft:nether_brick_fence":9,"minecraft:oak_stairs":2,"minecraft:enchanted_book":2,"forbidden_arcanus:xpetrified_orb":7,"minecraft:polished_blackstone_brick_stairs":3,"minecraft:string":12,"minecraft:raw_copper":5,"create:limestone":20,"minecraft:cooked_salmon":140,"minecraft:red_nether_bricks":21,"minecraft:iron_leggings":1,"minecraft:pufferfish":1,"minecraft:shroomlight":1,"create:water_wheel":9,"minecraft:sea_pickle":8,"minecraft:activator_rail":4,"create:mechanical_press":1,"minecraft:gold_nugget":6,"minecraft:cobbled_deepslate":40,"minecraft:spruce_planks":3,"minecraft:calcite":4,"minecraft:iron_pickaxe":1,"minecraft:mangrove_log":14,"minecraft:furnace":2,"minecraft:stick":15,"forbidden_arcanus:aureal_bottle":1,"tetra:holo":1,"minecraft:torch":19,"minecraft:green_bed":9,"create:andesite_casing":33,"magistuarmory:rusted_heavymace":1,"minecraft:golden_axe":1,"minecraft:cherry_log":38,"minecraft:warped_button":1,"minecraft:chiseled_nether_bricks":3,"create:large_cogwheel":4,"artifacts:lucky_scarf":2,"minecraft:honey_bottle":2,"minecraft:rotten_flesh":9,"minecraft:obsidian":14,"minecraft:blaze_rod":1,"minecraft:iron_bars":2,"create:speedometer":2,"minecraft:cobblestone":1021,"minecraft:birch_log":87,"minecraft:magma_block":1,"minecraft:feather":3,"magistuarmory:rustedchainmail_boots":3,"minecraft:cherry_planks":15,"minecraft:andesite":187,"create:rope_pulley":1,"minecraft:potato":8,"map_atlases:atlas":1,"create:belt_connector":11,"minecraft:tuff":1,"create:raw_zinc":68,"minecraft:wither_skeleton_skull":1,"minecraft:map":1,"minecraft:lapis_lazuli":10,"minecraft:dirt":1515,"minecraft:lantern":5,"create:encased_chain_drive":16,"minecraft:bone":20,"rechiseled:oak_planks_mosaic":25,"minecraft:glass":13,"tetra:scroll_rolled":2,"minecraft:bow":2,"minecraft:wheat_seeds":131,"minecraft:raw_gold":2,"forbidden_arcanus:rune":2,"create:shaft":25,"minecraft:bamboo":19,"minecraft:glowstone_dust":7,"minecraft:powered_rail":5,"minecraft:oak_planks":41,"minecraft:chiseled_polished_blackstone":2,"create:cogwheel":9,"create:empty_blaze_burner":6,"minecraft:birch_fence_gate":1,"minecraft:sand":44,"minecraft:nether_brick_stairs":26,"minecraft:dark_oak_log":1,"minecraft:barrel":3,"minecraft:mossy_cobblestone":2,"create:crimsite":1,"minecraft:diamond":13,"minecraft:lever":1,"magistuarmory:corruptedroundshield":2,"minecraft:cracked_polished_blackstone_bricks":5,"minecraft:dead_brain_coral_block":39,"minecraft:bone_meal":7,"minecraft:bread":3,"minecraft:emerald":4,"minecraft:oak_sapling":7,"minecraft:netherrack":131,"create:white_sail":13,"minecraft:crafting_table":7,"sophisticatedbackpacks:gold_backpack":8,"minecraft:charcoal":2,"minecraft:shelter_pottery_sherd":1,"minecraft:coarse_dirt":34,"minecraft:chicken":1,"minecraft:leather_leggings":1,"minecraft:brown_mushroom":1,"minecraft:gold_block":13,"gravestone:obituary":14,"minecraft:brick":6,"minecraft:cornflower":126,"artifacts:feral_claws":7,"minecraft:compass":1,"minecraft:birch_fence":1,"minecraft:blackstone":14,"minecraft:cyan_carpet":14,"minecraft:blue_orchid":1,"minecraft:beef":22,"minecraft:poppy":1,"minecraft:light_gray_wool":7,"minecraft:chest":5,"minecraft:sugar_cane":17,"minecraft:birch_sapling":15,"create:clutch":1,"minecraft:raw_iron":94,"forbidden_arcanus:bat_wing":3,"magistuarmory:gothic_boots":2,"minecraft:copper_ingot":110,"magistuarmory:rustedbarbute":1,"sophisticatedbackpacks:backpack":1,"minecraft:polished_blackstone_bricks":27,"create:windmill_bearing":1,"magistuarmory:rustedkettlehat":1,"create:hand_crank":1,"minecraft:redstone":93,"create:zinc_ingot":29,"create:vertical_gearbox":2,"minecraft:howl_pottery_sherd":1,"rechiseled:cherry_planks_small_tiles":66,"magistuarmory:steel_ingot":1,"minecraft:arrow":2,"minecraft:cooked_cod":2,"minecraft:nether_bricks":106,"artifacts:snowshoes":1,"minecraft:hay_block":57,"artifacts:running_shoes":7,"create:depot":1,"minecraft:gold_ingot":50,"artifacts:pocket_piston":6,"minecraft:mutton":2,"minecraft:nether_brick_wall":2,"minecraft:white_wool":17,"forbidden_arcanus:spawner_scrap":1,"minecraft:skeleton_skull":1,"minecraft:rail":19,"rechiseled:cobblestone_pulverized":36,"create:iron_sheet":1,"minecraft:clock":1,"magistuarmory:rustedhalfarmor_chestplate":3,"minecraft:crimson_stem":7,"minecraft:salmon":4,"minecraft:leather":18,"minecraft:birch_planks":12,"minecraft:oak_log":20,"rechiseled:birch_planks_large_tiles":13,"minecraft:golden_boots":8,"minecraft:gunpowder":6,"rechiseled:stone_big_tiles":10,"minecraft:paper":7,"minecraft:red_nether_brick_stairs":4,"minecraft:kelp":65,"minecraft:iron_ingot":41,"minecraft:glass_bottle":1,"minecraft:mangrove_planks":3,"minecraft:book":16,"minecraft:smooth_basalt":1,"create:mechanical_saw":12,"create:large_water_wheel":2,"create:layered_limestone":4,"minecraft:quartz":111,"minecraft:spyglass":1,"minecraft:dandelion":12,"minecraft:cracked_nether_bricks":10,"minecraft:gravel":2,"minecraft:dead_fire_coral_block":16,"minecraft:amethyst_shard":9,"minecraft:blast_furnace":5,"minecraft:white_bed":10,"magistuarmory:rustedchainmail_leggings":2,"minecraft:spider_eye":1,"create:gearbox":1,"forbidden_arcanus:arcane_crystal":23,"tetra:geode":1,"minecraft:gray_wool":5,"minecraft:coal":107,"minecraft:hopper":4},"minecraft:used":{"magistuarmory:corruptedroundshield":4,"magistuarmory:rusted_heavymace":3,"minecraft:iron_shovel":252,"rechiseled:stone_big_tiles":10,"minecraft:chest":11,"minecraft:shield":206,"minecraft:stone":37,"minecraft:iron_sword":250,"create:mechanical_bearing":1,"create:white_sail":39,"create:cogwheel":12,"minecraft:nether_bricks":69,"create:depot":2,"create:speedometer":2,"minecraft:obsidian":10,"minecraft:glass":1,"minecraft:lantern":5,"minecraft:birch_sapling":13,"minecraft:blue_orchid":1,"create:shaft":22,"minecraft:furnace":3,"minecraft:cooked_cod":2,"minecraft:gold_block":1,"rechiseled:cherry_planks_small_tiles":92,"minecraft:stone_pickaxe":515,"minecraft:oak_planks":16,"minecraft:mangrove_planks":44,"minecraft:blackstone":10,"minecraft:wooden_pickaxe":7,"minecraft:sugar_cane":14,"create:mechanical_saw":17,"rechiseled:oak_planks_mosaic":26,"minecraft:blast_furnace":5,"tetra:modular_double":1,"minecraft:birch_fence":16,"minecraft:lever":2,"minecraft:birch_fence_gate":2,"minecraft:bread":111,"create:andesite_casing":4,"minecraft:pufferfish":1,"minecraft:diamond_sword":252,"create:basin":1,"rechiseled:cobblestone_pulverized":1019,"minecraft:birch_log":29,"minecraft:andesite":29,"create:large_cogwheel":7,"create:vertical_gearbox":5,"minecraft:coarse_dirt":28,"minecraft:experience_bottle":2,"create:limestone":20,"minecraft:enchanting_table":1,"minecraft:stone_sword":1,"minecraft:flint_and_steel":1,"minecraft:stone_shovel":425,"rechiseled:birch_planks_large_tiles":66,"minecraft:spruce_planks":3,"minecraft:cooked_salmon":97,"minecraft:netherrack":82,"minecraft:torch":216,"minecraft:dirt":1147,"minecraft:spyglass":97,"create:mechanical_mixer":1,"create:layered_limestone":4,"tetra:scroll_rolled":2,"minecraft:dead_brain_coral_block":24,"minecraft:shroomlight":1,"minecraft:bookshelf":3,"create:wrench":37,"create:gearbox":3,"minecraft:iron_axe":319,"minecraft:crimson_planks":28,"minecraft:diamond_chestplate":1,"minecraft:goat_horn":17,"minecraft:cobbled_deepslate":14,"minecraft:cooked_beef":22,"create:belt_connector":2,"minecraft:iron_leggings":2,"sophisticatedbackpacks:gold_backpack":3,"minecraft:cooked_mutton":2,"minecraft:water_bucket":7,"minecraft:bundle":1,"minecraft:birch_planks":39,"minecraft:glass_bottle":3,"create:empty_blaze_burner":6,"minecraft:red_nether_bricks":6,"minecraft:birch_boat":1,"minecraft:green_bed":8,"minecraft:polished_blackstone_bricks":15,"minecraft:salmon":4,"minecraft:crafting_table":16,"minecraft:dead_fire_coral_block":9,"minecraft:campfire":1,"minecraft:white_bed":10,"minecraft:diamond_pickaxe":879,"minecraft:oak_log":2,"minecraft:cornflower":1,"create:birch_window":40,"create:windmill_bearing":2,"create:mechanical_press":2,"minecraft:diamond_shovel":709,"minecraft:cherry_door":1,"minecraft:iron_pickaxe":735,"create:water_wheel":9,"forbidden_arcanus:aureal_bottle":1,"create:large_water_wheel":3,"minecraft:stone_axe":78,"minecraft:cobblestone":164,"minecraft:cooked_porkchop":3,"minecraft:bucket":6,"create:clutch":2,"create:hand_crank":2,"minecraft:gray_wool":3},"minecraft:broken":{"minecraft:golden_helmet":1,"minecraft:iron_shovel":1,"minecraft:golden_boots":1,"minecraft:iron_boots":1,"minecraft:iron_leggings":1,"minecraft:stone_pickaxe":4,"minecraft:stone_axe":1,"minecraft:iron_sword":1,"minecraft:stone_shovel":3,"minecraft:golden_chestplate":1,"magistuarmory:corruptedroundshield":1,"minecraft:shield":4,"minecraft:iron_axe":1,"minecraft:iron_pickaxe":3,"minecraft:iron_helmet":2},"minecraft:custom":{"minecraft:interact_with_crafting_table":68,"minecraft:open_barrel":84,"minecraft:leave_game":21,"minecraft:time_since_death":8093,"minecraft:sprint_one_cm":1350678,"minecraft:damage_blocked_by_shield":13058,"minecraft:drop":158,"minecraft:play_time":849306,"minecraft:deaths":26,"minecraft:jump":10741,"minecraft:walk_on_water_one_cm":69650,"minecraft:enchant_item":4,"minecraft:interact_with_furnace":33,"minecraft:sleep_in_bed":31,"minecraft:damage_dealt":22385,"minecraft:player_kills":1,"minecraft:crouch_one_cm":191511,"minecraft:interact_with_smoker":8,"minecraft:interact_with_smithing_table":2,"minecraft:interact_with_anvil":1,"minecraft:mob_kills":115,"minecraft:climb_one_cm":4807,"minecraft:walk_one_cm":1879482,"minecraft:sneak_time":50084,"minecraft:walk_under_water_one_cm":52071,"minecraft:interact_with_blast_furnace":83,"minecraft:total_world_time":849306,"minecraft:time_since_rest":8117,"minecraft:damage_taken":19814,"minecraft:swim_one_cm":126107,"minecraft:fly_one_cm":2306019,"minecraft:open_chest":245,"minecraft:fall_one_cm":281389},"minecraft:killed_by":{"minecraft:piglin_brute":3,"specialmobs:blaze":2,"specialmobs:skeleton":4,"specialmobs:knightwitherskeleton":1,"specialmobs:giantzombie":1,"specialmobs:sniperwitherskeleton":1,"minecraft:player":1,"specialmobs:hungryzombie":1,"specialmobs:zombie":5,"specialmobs:witherskeleton":2,"specialmobs:mothercavespider":1,"specialmobs:brutewitherskeleton":2,"specialmobs:knightskeleton":1},"minecraft:dropped":{"minecraft:nether_brick_stairs":16,"minecraft:brown_mushroom":1,"minecraft:diamond":3,"minecraft:glass_bottle":1,"minecraft:leather":9,"create:crimsite":1,"minecraft:rail":19,"minecraft:emerald":3,"minecraft:dirt":107,"minecraft:cornflower":36,"gravestone:obituary":28,"minecraft:amethyst_shard":3,"magistuarmory:corruptedroundshield":1,"minecraft:white_wool":12,"minecraft:cyan_carpet":14,"minecraft:bone":12,"minecraft:chiseled_polished_blackstone":1,"minecraft:spyglass":1,"minecraft:birch_sapling":4,"minecraft:obsidian":4,"minecraft:rotten_flesh":5,"minecraft:honey_bottle":2,"minecraft:poppy":1,"minecraft:gunpowder":4,"minecraft:chest":1,"minecraft:red_nether_bricks":7,"minecraft:bread":4,"minecraft:netherrack":8,"magistuarmory:gothic_boots":2,"minecraft:glass":6,"minecraft:arrow":2,"magistuarmory:rustedchainmail_boots":3,"minecraft:powered_rail":5,"minecraft:quartz":6,"minecraft:iron_ingot":3,"minecraft:enchanted_book":1,"minecraft:golden_boots":8,"minecraft:chiseled_nether_bricks":1,"minecraft:wheat_seeds":55,"magistuarmory:rustedkettlehat":1,"minecraft:mossy_cobblestone":1,"minecraft:feather":3,"minecraft:cobblestone":64,"minecraft:activator_rail":4,"minecraft:copper_ingot":28,"minecraft:stick":2,"minecraft:cooked_salmon":2,"minecraft:cherry_planks":16,"magistuarmory:rustedbarbute":1,"minecraft:string":3,"minecraft:dandelion":10,"minecraft:coarse_dirt":1,"minecraft:chicken":1,"magistuarmory:rustedhalfarmor_chestplate":1,"magistuarmory:rusted_heavymace":1,"forbidden_arcanus:bat_wing":1,"minecraft:nether_bricks":37,"minecraft:red_nether_brick_stairs":1,"minecraft:blast_furnace":4,"minecraft:potato":7,"minecraft:bundle":1,"create:zinc_ingot":9,"artifacts:steadfast_spikes":1,"minecraft:andesite":3,"minecraft:oak_sapling":4,"minecraft:barrel":3,"minecraft:warped_button":1,"minecraft:bow":1,"artifacts:snowshoes":1},"minecraft:mined":{"minecraft:dark_oak_planks":5,"create:deepslate_zinc_ore":17,"minecraft:spruce_planks":3,"minecraft:white_bed":10,"create:andesite_casing":33,"sophisticatedbackpacks:gold_backpack":3,"minecraft:red_nether_bricks":18,"minecraft:chiseled_polished_blackstone":1,"minecraft:grass_block":753,"minecraft:infested_cobblestone":4,"minecraft:cracked_polished_blackstone_bricks":11,"minecraft:hopper":2,"create:belt":1,"rechiseled:birch_planks_large_tiles":15,"minecraft:polished_blackstone_bricks":29,"minecraft:glowstone":3,"minecraft:red_nether_brick_stairs":4,"minecraft:cobbled_deepslate":1,"create:speedometer":2,"minecraft:iron_ore":56,"minecraft:barrel":4,"minecraft:fire":30,"minecraft:nether_brick_stairs":13,"rechiseled:cobblestone_pulverized":37,"minecraft:skeleton_wall_skull":1,"minecraft:iron_bars":2,"minecraft:blue_orchid":1,"minecraft:brain_coral_block":7,"create:mechanical_press":1,"create:limestone":20,"minecraft:green_bed":7,"create:layered_limestone":4,"create:lit_blaze_burner":2,"minecraft:deepslate_redstone_ore":12,"create:cogwheel":9,"minecraft:blackstone":13,"tetra:scroll_rolled":2,"minecraft:crimson_nylium":4,"minecraft:amethyst_cluster":1,"minecraft:torch":1,"minecraft:blast_furnace":1,"minecraft:calcite":4,"minecraft:poppy":1,"minecraft:chest":4,"minecraft:glass":1,"minecraft:nether_quartz_ore":87,"minecraft:cobblestone":199,"minecraft:oak_planks":6,"minecraft:sugar_cane":9,"minecraft:wall_torch":1,"create:large_water_wheel":1,"minecraft:pink_petals":1,"minecraft:seagrass":1,"create:rope_pulley":1,"minecraft:birch_log":88,"minecraft:grass":311,"minecraft:oak_log":20,"create:hand_crank":1,"minecraft:sand":42,"minecraft:dirt":582,"minecraft:mangrove_log":15,"create:encased_chain_drive":17,"minecraft:smooth_basalt":1,"minecraft:netherrack":120,"create:clutch":1,"create:crimsite":2,"minecraft:oak_leaves":13,"minecraft:deepslate":94,"create:zinc_ore":21,"minecraft:tuff":6,"minecraft:mossy_cobblestone":3,"rechiseled:oak_planks_mosaic":25,"minecraft:deepslate_diamond_ore":9,"minecraft:nether_brick_wall":2,"tetra:block_geode":1,"minecraft:dark_oak_log":1,"minecraft:nether_bricks":70,"minecraft:birch_fence_gate":1,"gravestone:gravestone":28,"minecraft:spruce_fence":1,"create:large_cogwheel":4,"minecraft:decorated_pot":2,"create:depot":1,"specialmobs:infested_brain_coral_block":2,"minecraft:spruce_leaves":2,"minecraft:cracked_nether_bricks":10,"minecraft:crimson_stem":7,"minecraft:hay_block":59,"forbidden_arcanus:arcane_crystal_ore":4,"minecraft:redstone_ore":2,"create:shaft":15,"forbidden_arcanus:deepslate_arcane_crystal_ore":5,"minecraft:furnace":2,"create:white_sail":13,"minecraft:andesite":137,"rechiseled:stone_big_tiles":10,"create:windmill_bearing":1,"minecraft:gold_block":15,"minecraft:nether_brick_fence":8,"minecraft:potatoes":1,"minecraft:deepslate_iron_ore":38,"minecraft:shroomlight":1,"minecraft:vine":16,"minecraft:stone":728,"minecraft:fire_coral_block":2,"rechiseled:cherry_planks_small_tiles":52,"minecraft:brown_stained_glass_pane":2,"minecraft:dandelion":4,"minecraft:crafting_table":6,"minecraft:cornflower":14,"minecraft:emerald_ore":1,"minecraft:campfire":2,"create:water_wheel":9,"minecraft:tall_grass":91,"minecraft:deepslate_gold_ore":2,"minecraft:lapis_ore":2,"minecraft:polished_blackstone_brick_stairs":2,"minecraft:birch_planks":11,"minecraft:gray_wool":2,"create:mechanical_saw":12,"create:blaze_burner":4,"create:water_wheel_structure":1,"minecraft:dead_fire_coral_block":3,"minecraft:coarse_dirt":34,"forbidden_arcanus:xpetrified_ore":8,"minecraft:sea_pickle":9,"create:gearbox":3,"minecraft:ice":1,"minecraft:birch_leaves":17,"minecraft:mangrove_planks":3,"minecraft:dead_brain_coral_block":18,"minecraft:coal_ore":86,"create:birch_window":1,"minecraft:cyan_carpet":2,"minecraft:gravel":2,"minecraft:gold_ore":1,"create:andesite_encased_shaft":5,"forbidden_arcanus:runic_deepslate":2,"minecraft:birch_fence":1},"minecraft:crafted":{"minecraft:oak_planks":48,"minecraft:birch_boat":1,"minecraft:blaze_powder":2,"create:birch_window":6,"minecraft:stone":5,"minecraft:lever":1,"sophisticatedbackpacks:crafting_upgrade":1,"create:mechanical_bearing":1,"minecraft:cooked_mutton":2,"create:vertical_gearbox":4,"sophisticatedbackpacks:smelting_upgrade":1,"minecraft:glass":30,"minecraft:iron_boots":2,"create:mechanical_press":1,"minecraft:birch_fence_gate":1,"minecraft:chest":8,"create:cogwheel":28,"minecraft:golden_boots":1,"minecraft:glass_bottle":3,"create:depot":1,"sophisticatedbackpacks:backpack":2,"create:rose_quartz":5,"minecraft:cooked_porkchop":3,"minecraft:crafting_table":10,"minecraft:spruce_planks":28,"create:mechanical_saw":5,"minecraft:wooden_pickaxe":1,"minecraft:iron_helmet":2,"create:zinc_nugget":261,"create:sand_paper":3,"minecraft:birch_planks":208,"minecraft:campfire":1,"sophisticatedbackpacks:upgrade_base":2,"create:mechanical_mixer":1,"create:clutch":1,"rechiseled:chisel":1,"create:gearbox":4,"minecraft:paper":3,"create:water_wheel":3,"minecraft:shield":5,"create:super_glue":1,"minecraft:birch_fence":12,"minecraft:stick":84,"minecraft:iron_ingot":94,"minecraft:compass":1,"minecraft:iron_pickaxe":2,"minecraft:iron_block":1,"minecraft:stone_sword":1,"minecraft:gold_ingot":11,"create:large_cogwheel":2,"minecraft:shears":1,"create:empty_blaze_burner":1,"minecraft:cherry_planks":68,"minecraft:stone_shovel":3,"create:wrench":1,"minecraft:spyglass":1,"minecraft:furnace":2,"minecraft:iron_axe":2,"magistuarmory:steel_ingot":1,"minecraft:stone_pickaxe":4,"create:basin":1,"create:electron_tube":1,"create:belt_connector":10,"tetra:modular_double":1,"sophisticatedbackpacks:iron_backpack":1,"minecraft:cooked_beef":22,"minecraft:crimson_planks":28,"create:andesite_alloy":22,"create:hand_crank":1,"minecraft:diamond_sword":1,"minecraft:enchanting_table":1,"minecraft:dried_kelp":64,"minecraft:iron_sword":1,"create:large_water_wheel":1,"minecraft:cooked_salmon":3,"sophisticatedbackpacks:gold_backpack":2,"minecraft:mangrove_planks":56,"minecraft:stone_axe":1,"minecraft:air":0,"minecraft:blue_dye":1,"create:speedometer":1,"create:whisk":1,"minecraft:iron_leggings":1,"minecraft:cherry_door":3,"minecraft:white_bed":1,"create:shaft":16,"minecraft:torch":204,"create:zinc_ingot":39,"minecraft:diamond_chestplate":1}},"DataVersion":3465}