{"stats":{"minecraft:used":{"minecraft:stone_sword":1,"minecraft:iron_shovel":252,"minecraft:stone_shovel":393,"minecraft:chest":2,"minecraft:shield":64,"minecraft:iron_sword":51,"minecraft:torch":37,"minecraft:dirt":37,"minecraft:spyglass":26,"minecraft:glass":1,"minecraft:lantern":4,"minecraft:furnace":2,"minecraft:cobbled_deepslate":1,"minecraft:iron_leggings":1,"minecraft:birch_planks":11,"minecraft:bundle":1,"minecraft:glass_bottle":3,"minecraft:stone_pickaxe":384,"minecraft:oak_planks":1,"minecraft:wooden_pickaxe":7,"minecraft:green_bed":4,"minecraft:crafting_table":6,"minecraft:blast_furnace":5,"minecraft:white_bed":1,"minecraft:oak_log":2,"minecraft:diamond_pickaxe":40,"minecraft:cornflower":1,"minecraft:bread":31,"minecraft:iron_pickaxe":259,"minecraft:stone_axe":28,"minecraft:cobblestone":29,"minecraft:cooked_porkchop":3,"minecraft:birch_log":2},"minecraft:killed_by":{"specialmobs:skeleton":1,"specialmobs:zombie":1},"minecraft:killed":{"specialmobs:skeleton":1,"minecraft:chicken":1,"specialmobs:zombie":5,"specialmobs:bruteskeleton":1,"specialmobs:giantzombie":1,"specialmobs:spider":1,"specialmobs:cavespider":2},"minecraft:mined":{"create:zinc_ore":7,"minecraft:white_bed":1,"gravestone:gravestone":4,"minecraft:grass_block":310,"minecraft:hopper":2,"minecraft:hay_block":34,"minecraft:furnace":1,"minecraft:iron_ore":16,"minecraft:andesite":69,"minecraft:gold_block":1,"minecraft:stone":453,"minecraft:green_bed":5,"minecraft:amethyst_cluster":1,"minecraft:dandelion":1,"minecraft:crafting_table":2,"minecraft:cornflower":3,"minecraft:blast_furnace":1,"minecraft:tall_grass":20,"minecraft:glass":1,"minecraft:cobblestone":60,"minecraft:oak_planks":1,"minecraft:pink_petals":1,"minecraft:birch_planks":7,"minecraft:birch_log":11,"minecraft:grass":87,"minecraft:coal_ore":54,"minecraft:oak_log":14,"minecraft:gravel":2,"minecraft:sand":13,"minecraft:dirt":330,"minecraft:deepslate":1},"minecraft:dropped":{"minecraft:iron_ingot":3,"magistuarmory:rustedkettlehat":1,"minecraft:wheat_seeds":11,"minecraft:diamond":2,"minecraft:leather":2,"minecraft:copper_ingot":19,"minecraft:stick":1,"minecraft:emerald":3,"minecraft:dirt":69,"minecraft:cornflower":11,"minecraft:amethyst_shard":3,"magistuarmory:corruptedroundshield":1,"magistuarmory:rustedbarbute":1,"minecraft:white_wool":12,"minecraft:birch_sapling":3,"minecraft:obsidian":4,"minecraft:chicken":1,"minecraft:honey_bottle":2,"minecraft:blast_furnace":4,"minecraft:potato":7,"minecraft:glass":6,"magistuarmory:rustedchainmail_boots":3,"minecraft:netherrack":8},"minecraft:crafted":{"minecraft:oak_planks":40,"minecraft:stone_shovel":3,"minecraft:spyglass":1,"minecraft:furnace":1,"minecraft:glass":9,"minecraft:iron_boots":1,"minecraft:stone_pickaxe":3,"minecraft:glass_bottle":3,"minecraft:cooked_porkchop":3,"minecraft:crafting_table":4,"minecraft:wooden_pickaxe":1,"minecraft:iron_helmet":1,"minecraft:iron_sword":1,"minecraft:birch_planks":148,"minecraft:stone_axe":1,"minecraft:air":0,"rechiseled:chisel":1,"minecraft:shield":2,"minecraft:stick":44,"minecraft:iron_ingot":15,"minecraft:stone_sword":1,"minecraft:iron_leggings":1,"minecraft:torch":52,"minecraft:shears":1},"minecraft:broken":{"minecraft:iron_shovel":1,"minecraft:stone_pickaxe":3,"minecraft:shield":1,"minecraft:iron_pickaxe":1,"minecraft:stone_shovel":3},"minecraft:custom":{"minecraft:mob_kills":12,"minecraft:interact_with_crafting_table":24,"minecraft:leave_game":1,"minecraft:time_since_death":11438,"minecraft:climb_one_cm":3591,"minecraft:sprint_one_cm":257831,"minecraft:walk_one_cm":411590,"minecraft:damage_blocked_by_shield":3330,"minecraft:drop":33,"minecraft:play_time":157916,"minecraft:deaths":3,"minecraft:sneak_time":6287,"minecraft:walk_under_water_one_cm":3550,"minecraft:jump":2179,"minecraft:interact_with_blast_furnace":13,"minecraft:walk_on_water_one_cm":3383,"minecraft:total_world_time":157916,"minecraft:interact_with_furnace":13,"minecraft:sleep_in_bed":7,"minecraft:time_since_rest":11726,"minecraft:damage_taken":2105,"minecraft:damage_dealt":2203,"minecraft:swim_one_cm":11367,"minecraft:fly_one_cm":413624,"minecraft:open_chest":32,"minecraft:crouch_one_cm":21811,"minecraft:fall_one_cm":56439},"minecraft:picked_up":{"minecraft:crafting_table":2,"minecraft:chicken":1,"minecraft:gold_block":1,"minecraft:cornflower":22,"minecraft:string":1,"minecraft:cobbled_deepslate":1,"minecraft:birch_sapling":1,"minecraft:furnace":1,"minecraft:stick":4,"minecraft:raw_iron":17,"minecraft:copper_ingot":19,"minecraft:green_bed":5,"minecraft:torch":2,"magistuarmory:rustedbarbute":1,"magistuarmory:rustedkettlehat":1,"minecraft:honey_bottle":2,"minecraft:rotten_flesh":1,"minecraft:hay_block":33,"minecraft:obsidian":4,"minecraft:white_wool":8,"minecraft:cobblestone":615,"minecraft:birch_log":11,"magistuarmory:rustedhalfarmor_chestplate":1,"magistuarmory:rustedchainmail_boots":3,"minecraft:andesite":91,"minecraft:leather":6,"minecraft:potato":7,"minecraft:birch_planks":7,"minecraft:oak_log":14,"create:raw_zinc":7,"minecraft:dirt":804,"minecraft:lantern":4,"minecraft:glass":7,"minecraft:bone":2,"minecraft:wheat_seeds":13,"minecraft:iron_ingot":3,"minecraft:oak_planks":1,"minecraft:dandelion":1,"minecraft:gravel":2,"minecraft:sand":16,"minecraft:amethyst_shard":7,"minecraft:blast_furnace":5,"minecraft:white_bed":1,"minecraft:diamond":2,"magistuarmory:corruptedroundshield":1,"minecraft:bread":3,"minecraft:emerald":3,"minecraft:oak_sapling":3,"minecraft:coal":69,"minecraft:hopper":2}},"DataVersion":3465}