{"stats":{"minecraft:mined":{"create:asurine":12,"minecraft:grass_block":10,"minecraft:oak_log":11,"minecraft:dirt":5,"minecraft:birch_log":2,"minecraft:stone":6,"minecraft:oak_leaves":4},"minecraft:picked_up":{"minecraft:birch_log":2,"minecraft:stick":16,"create:asurine":12,"minecraft:oak_log":11,"minecraft:oak_sapling":1,"minecraft:dirt":15,"minecraft:cobblestone":8},"minecraft:crafted":{"minecraft:stone_sword":1,"minecraft:oak_planks":44,"minecraft:stone_axe":1,"minecraft:crafting_table":1,"minecraft:stick":16,"minecraft:wooden_pickaxe":1,"minecraft:stone_pickaxe":1},"minecraft:custom":{"minecraft:time_since_rest":1763,"minecraft:damage_taken":525,"minecraft:play_time":16928,"minecraft:sprint_one_cm":7731,"minecraft:walk_one_cm":18610,"minecraft:deaths":2,"minecraft:jump":103,"minecraft:damage_dealt":28,"minecraft:leave_game":3,"minecraft:time_since_death":1680,"minecraft:walk_on_water_one_cm":167,"minecraft:total_world_time":16928,"minecraft:interact_with_crafting_table":3,"minecraft:fly_one_cm":6190,"minecraft:fall_one_cm":1077},"minecraft:killed_by":{"specialmobs:skeleton":2},"minecraft:used":{"minecraft:stone_axe":9,"minecraft:dirt":6,"minecraft:crafting_table":1,"minecraft:stone_pickaxe":12,"minecraft:wooden_pickaxe":14}},"DataVersion":3465}