{"stats":{"minecraft:mined":{"minecraft:dark_oak_planks":5,"create:deepslate_zinc_ore":17,"minecraft:spruce_planks":3,"minecraft:white_bed":10,"create:andesite_casing":33,"sophisticatedbackpacks:gold_backpack":2,"minecraft:grass_block":742,"minecraft:infested_cobblestone":4,"minecraft:hopper":2,"create:belt":1,"rechiseled:birch_planks_large_tiles":15,"minecraft:glowstone":3,"minecraft:cobbled_deepslate":1,"minecraft:barrel":4,"create:speedometer":2,"minecraft:iron_ore":56,"minecraft:fire":18,"rechiseled:cobblestone_pulverized":37,"minecraft:skeleton_wall_skull":1,"minecraft:iron_bars":2,"minecraft:blue_orchid":1,"minecraft:brain_coral_block":7,"create:mechanical_press":1,"create:limestone":16,"minecraft:green_bed":7,"create:lit_blaze_burner":2,"minecraft:deepslate_redstone_ore":12,"create:cogwheel":8,"minecraft:blackstone":8,"minecraft:crimson_nylium":4,"minecraft:amethyst_cluster":1,"minecraft:torch":1,"minecraft:blast_furnace":1,"minecraft:poppy":1,"minecraft:chest":4,"minecraft:nether_quartz_ore":32,"minecraft:glass":1,"minecraft:cobblestone":195,"minecraft:sugar_cane":3,"minecraft:oak_planks":6,"minecraft:wall_torch":1,"create:large_water_wheel":1,"minecraft:pink_petals":1,"minecraft:seagrass":1,"minecraft:birch_log":88,"minecraft:grass":311,"minecraft:oak_log":20,"minecraft:sand":42,"minecraft:dirt":577,"minecraft:mangrove_log":15,"minecraft:smooth_basalt":1,"minecraft:netherrack":63,"create:crimsite":2,"minecraft:oak_leaves":13,"minecraft:deepslate":94,"create:zinc_ore":21,"minecraft:tuff":6,"minecraft:mossy_cobblestone":1,"rechiseled:oak_planks_mosaic":25,"minecraft:deepslate_diamond_ore":9,"tetra:block_geode":1,"minecraft:dark_oak_log":1,"minecraft:birch_fence_gate":1,"gravestone:gravestone":14,"minecraft:decorated_pot":2,"minecraft:spruce_fence":1,"create:large_cogwheel":2,"create:depot":1,"specialmobs:infested_brain_coral_block":2,"minecraft:spruce_leaves":2,"minecraft:crimson_stem":7,"minecraft:hay_block":59,"forbidden_arcanus:arcane_crystal_ore":4,"minecraft:redstone_ore":2,"create:shaft":15,"forbidden_arcanus:deepslate_arcane_crystal_ore":5,"minecraft:furnace":2,"create:white_sail":13,"minecraft:andesite":137,"rechiseled:stone_big_tiles":10,"create:windmill_bearing":1,"minecraft:gold_block":2,"minecraft:potatoes":1,"minecraft:shroomlight":1,"minecraft:deepslate_iron_ore":38,"minecraft:vine":16,"minecraft:stone":728,"minecraft:fire_coral_block":2,"rechiseled:cherry_planks_small_tiles":52,"minecraft:brown_stained_glass_pane":2,"minecraft:dandelion":4,"minecraft:crafting_table":6,"minecraft:cornflower":13,"minecraft:emerald_ore":1,"create:water_wheel":9,"minecraft:campfire":2,"minecraft:tall_grass":91,"minecraft:deepslate_gold_ore":2,"minecraft:lapis_ore":2,"create:mechanical_saw":5,"create:water_wheel_structure":1,"minecraft:dead_fire_coral_block":3,"minecraft:gray_wool":1,"minecraft:birch_planks":11,"minecraft:coarse_dirt":34,"forbidden_arcanus:xpetrified_ore":8,"minecraft:sea_pickle":9,"create:gearbox":2,"minecraft:ice":1,"minecraft:birch_leaves":17,"minecraft:mangrove_planks":3,"minecraft:dead_brain_coral_block":18,"minecraft:coal_ore":86,"minecraft:cyan_carpet":2,"minecraft:gravel":2,"minecraft:gold_ore":1,"forbidden_arcanus:runic_deepslate":2,"minecraft:birch_fence":1},"minecraft:killed":{"specialmobs:poisonsilverfish":1,"specialmobs:skeleton":7,"specialmobs:albinosilverfish":1,"minecraft:chicken":1,"artifacts:mimic":1,"specialmobs:puffersilverfish":5,"minecraft:piglin":1,"specialmobs:fishingzombie":1,"minecraft:zombie_villager":1,"minecraft:sheep":2,"specialmobs:bruteskeleton":1,"specialmobs:giantzombie":2,"specialmobs:cavespider":10,"specialmobs:spider":12,"minecraft:cow":4,"specialmobs:deathcreeper":1,"specialmobs:zombie":15,"specialmobs:waterspider":2,"specialmobs:silverfish":2,"specialmobs:witherskeleton":1,"specialmobs:firezombie":1,"specialmobs:creeper":2,"specialmobs:brutezombie":1},"minecraft:used":{"magistuarmory:corruptedroundshield":4,"magistuarmory:rusted_heavymace":3,"minecraft:iron_shovel":252,"rechiseled:stone_big_tiles":10,"minecraft:chest":11,"minecraft:shield":134,"minecraft:stone":37,"minecraft:iron_sword":250,"create:white_sail":39,"create:cogwheel":12,"create:depot":2,"create:speedometer":2,"minecraft:obsidian":10,"minecraft:glass":1,"minecraft:lantern":5,"minecraft:birch_sapling":13,"minecraft:blue_orchid":1,"create:shaft":22,"minecraft:furnace":3,"minecraft:cooked_cod":2,"minecraft:gold_block":1,"rechiseled:cherry_planks_small_tiles":92,"minecraft:stone_pickaxe":515,"minecraft:oak_planks":16,"minecraft:mangrove_planks":44,"minecraft:blackstone":4,"minecraft:wooden_pickaxe":7,"minecraft:sugar_cane":3,"create:mechanical_saw":10,"rechiseled:oak_planks_mosaic":26,"minecraft:blast_furnace":5,"tetra:modular_double":1,"minecraft:birch_fence":16,"minecraft:lever":1,"minecraft:birch_fence_gate":2,"minecraft:bread":111,"create:andesite_casing":4,"minecraft:pufferfish":1,"minecraft:diamond_sword":116,"create:basin":1,"rechiseled:cobblestone_pulverized":1019,"minecraft:birch_log":29,"minecraft:andesite":29,"create:vertical_gearbox":5,"minecraft:coarse_dirt":28,"create:large_cogwheel":7,"minecraft:experience_bottle":2,"create:limestone":16,"minecraft:enchanting_table":1,"minecraft:stone_sword":1,"minecraft:flint_and_steel":1,"minecraft:stone_shovel":425,"rechiseled:birch_planks_large_tiles":66,"minecraft:spruce_planks":3,"minecraft:cooked_salmon":45,"minecraft:netherrack":31,"minecraft:torch":216,"minecraft:dirt":1135,"minecraft:spyglass":87,"create:mechanical_mixer":1,"minecraft:dead_brain_coral_block":24,"minecraft:bookshelf":3,"create:wrench":37,"create:gearbox":3,"minecraft:iron_axe":317,"minecraft:diamond_chestplate":1,"minecraft:goat_horn":7,"minecraft:cobbled_deepslate":14,"minecraft:cooked_beef":12,"create:belt_connector":2,"minecraft:iron_leggings":2,"sophisticatedbackpacks:gold_backpack":2,"minecraft:cooked_mutton":2,"minecraft:water_bucket":7,"minecraft:bundle":1,"minecraft:birch_planks":39,"minecraft:glass_bottle":3,"create:empty_blaze_burner":2,"minecraft:birch_boat":1,"minecraft:green_bed":8,"minecraft:salmon":4,"minecraft:crafting_table":15,"minecraft:dead_fire_coral_block":9,"minecraft:campfire":1,"minecraft:white_bed":10,"minecraft:oak_log":2,"minecraft:diamond_pickaxe":507,"minecraft:cornflower":1,"minecraft:diamond_shovel":702,"create:mechanical_press":2,"minecraft:cherry_door":1,"create:windmill_bearing":2,"minecraft:iron_pickaxe":735,"create:water_wheel":9,"forbidden_arcanus:aureal_bottle":1,"create:large_water_wheel":3,"minecraft:stone_axe":78,"minecraft:cobblestone":161,"minecraft:cooked_porkchop":3,"minecraft:bucket":6,"create:clutch":1,"create:hand_crank":2,"minecraft:gray_wool":1},"minecraft:crafted":{"minecraft:oak_planks":48,"minecraft:birch_boat":1,"minecraft:stone":5,"minecraft:lever":1,"sophisticatedbackpacks:crafting_upgrade":1,"minecraft:cooked_mutton":2,"create:vertical_gearbox":4,"sophisticatedbackpacks:smelting_upgrade":1,"minecraft:glass":9,"minecraft:iron_boots":2,"create:mechanical_press":1,"minecraft:birch_fence_gate":1,"minecraft:chest":8,"create:cogwheel":28,"minecraft:glass_bottle":3,"create:depot":1,"create:rose_quartz":5,"sophisticatedbackpacks:backpack":2,"minecraft:cooked_porkchop":3,"minecraft:crafting_table":10,"minecraft:spruce_planks":28,"create:mechanical_saw":5,"minecraft:wooden_pickaxe":1,"minecraft:iron_helmet":2,"create:zinc_nugget":261,"create:sand_paper":3,"minecraft:birch_planks":208,"minecraft:campfire":1,"sophisticatedbackpacks:upgrade_base":2,"create:mechanical_mixer":1,"create:clutch":1,"rechiseled:chisel":1,"create:gearbox":4,"minecraft:paper":3,"create:water_wheel":3,"minecraft:shield":3,"create:super_glue":1,"minecraft:birch_fence":12,"minecraft:stick":84,"minecraft:iron_pickaxe":2,"minecraft:iron_ingot":94,"minecraft:compass":1,"minecraft:iron_block":1,"minecraft:stone_sword":1,"minecraft:gold_ingot":11,"create:large_cogwheel":2,"create:empty_blaze_burner":1,"minecraft:shears":1,"minecraft:cherry_planks":52,"minecraft:stone_shovel":3,"create:wrench":1,"minecraft:spyglass":1,"minecraft:furnace":2,"minecraft:iron_axe":2,"magistuarmory:steel_ingot":1,"minecraft:stone_pickaxe":4,"create:basin":1,"create:belt_connector":10,"tetra:modular_double":1,"sophisticatedbackpacks:iron_backpack":1,"minecraft:cooked_beef":12,"minecraft:crimson_planks":28,"create:andesite_alloy":22,"create:hand_crank":1,"minecraft:diamond_sword":1,"minecraft:enchanting_table":1,"minecraft:dried_kelp":64,"minecraft:iron_sword":1,"create:large_water_wheel":1,"minecraft:cooked_salmon":3,"sophisticatedbackpacks:gold_backpack":2,"minecraft:mangrove_planks":56,"minecraft:stone_axe":1,"minecraft:blue_dye":1,"minecraft:air":0,"create:speedometer":1,"create:whisk":1,"minecraft:iron_leggings":1,"minecraft:cherry_door":3,"minecraft:white_bed":1,"create:shaft":16,"minecraft:torch":204,"create:zinc_ingot":39,"minecraft:diamond_chestplate":1},"minecraft:custom":{"minecraft:interact_with_crafting_table":67,"minecraft:open_barrel":23,"minecraft:leave_game":17,"minecraft:time_since_death":87702,"minecraft:sprint_one_cm":1063216,"minecraft:damage_blocked_by_shield":7422,"minecraft:drop":112,"minecraft:play_time":693165,"minecraft:deaths":13,"minecraft:jump":9146,"minecraft:walk_on_water_one_cm":67838,"minecraft:enchant_item":4,"minecraft:interact_with_furnace":27,"minecraft:sleep_in_bed":28,"minecraft:damage_dealt":16206,"minecraft:player_kills":1,"minecraft:crouch_one_cm":149261,"minecraft:interact_with_smoker":4,"minecraft:interact_with_smithing_table":2,"minecraft:interact_with_anvil":1,"minecraft:mob_kills":78,"minecraft:climb_one_cm":4807,"minecraft:walk_one_cm":1478668,"minecraft:walk_under_water_one_cm":51588,"minecraft:sneak_time":34492,"minecraft:interact_with_blast_furnace":83,"minecraft:total_world_time":693165,"minecraft:time_since_rest":44512,"minecraft:damage_taken":11681,"minecraft:swim_one_cm":112402,"minecraft:fly_one_cm":1987346,"minecraft:open_chest":218,"minecraft:fall_one_cm":239129},"minecraft:broken":{"minecraft:iron_shovel":1,"minecraft:iron_boots":1,"minecraft:iron_leggings":1,"minecraft:stone_pickaxe":4,"minecraft:stone_axe":1,"minecraft:iron_sword":1,"minecraft:stone_shovel":3,"minecraft:golden_chestplate":1,"magistuarmory:corruptedroundshield":1,"minecraft:shield":2,"minecraft:iron_axe":1,"minecraft:iron_pickaxe":3,"minecraft:iron_helmet":1},"minecraft:killed_by":{"specialmobs:skeleton":3,"specialmobs:giantzombie":1,"minecraft:player":1,"specialmobs:hungryzombie":1,"specialmobs:zombie":5,"specialmobs:mothercavespider":1},"minecraft:dropped":{"minecraft:glass_bottle":1,"minecraft:diamond":3,"minecraft:leather":2,"create:crimsite":1,"minecraft:rail":19,"minecraft:emerald":3,"minecraft:dirt":106,"minecraft:cornflower":36,"gravestone:obituary":11,"minecraft:amethyst_shard":3,"magistuarmory:corruptedroundshield":1,"minecraft:white_wool":12,"minecraft:cyan_carpet":14,"minecraft:bone":4,"minecraft:spyglass":1,"minecraft:birch_sapling":4,"minecraft:obsidian":4,"minecraft:rotten_flesh":5,"minecraft:honey_bottle":2,"minecraft:poppy":1,"minecraft:gunpowder":4,"minecraft:chest":1,"minecraft:glass":6,"minecraft:arrow":2,"minecraft:powered_rail":5,"magistuarmory:rustedchainmail_boots":3,"minecraft:netherrack":8,"minecraft:bread":4,"minecraft:iron_ingot":3,"minecraft:enchanted_book":1,"magistuarmory:rustedkettlehat":1,"minecraft:wheat_seeds":55,"minecraft:mossy_cobblestone":1,"minecraft:cobblestone":64,"minecraft:activator_rail":4,"minecraft:copper_ingot":28,"minecraft:stick":2,"minecraft:cooked_salmon":2,"magistuarmory:rustedbarbute":1,"minecraft:string":3,"minecraft:dandelion":10,"minecraft:coarse_dirt":1,"minecraft:chicken":1,"magistuarmory:rustedhalfarmor_chestplate":1,"magistuarmory:rusted_heavymace":1,"forbidden_arcanus:bat_wing":1,"minecraft:blast_furnace":4,"minecraft:potato":7,"minecraft:bundle":1,"create:zinc_ingot":9,"artifacts:steadfast_spikes":1,"minecraft:andesite":3,"minecraft:oak_sapling":4,"minecraft:barrel":3},"minecraft:picked_up":{"minecraft:wheat":6,"minecraft:oak_stairs":2,"minecraft:enchanted_book":1,"forbidden_arcanus:xpetrified_orb":7,"minecraft:string":12,"minecraft:raw_copper":5,"create:limestone":16,"minecraft:cooked_salmon":83,"minecraft:iron_leggings":1,"minecraft:pufferfish":1,"minecraft:shroomlight":1,"create:water_wheel":9,"minecraft:sea_pickle":8,"minecraft:activator_rail":4,"minecraft:gold_nugget":5,"create:mechanical_press":1,"minecraft:cobbled_deepslate":40,"minecraft:spruce_planks":3,"minecraft:iron_pickaxe":1,"minecraft:mangrove_log":14,"minecraft:furnace":2,"minecraft:stick":15,"forbidden_arcanus:aureal_bottle":1,"tetra:holo":1,"minecraft:torch":19,"minecraft:green_bed":9,"create:andesite_casing":33,"magistuarmory:rusted_heavymace":1,"minecraft:golden_axe":1,"minecraft:cherry_log":13,"create:large_cogwheel":2,"minecraft:honey_bottle":2,"minecraft:rotten_flesh":9,"minecraft:obsidian":14,"minecraft:iron_bars":2,"create:speedometer":2,"minecraft:cobblestone":1018,"minecraft:birch_log":87,"minecraft:magma_block":1,"magistuarmory:rustedchainmail_boots":3,"minecraft:cherry_planks":15,"minecraft:andesite":187,"minecraft:potato":8,"map_atlases:atlas":1,"create:belt_connector":11,"minecraft:tuff":1,"create:raw_zinc":68,"minecraft:map":1,"minecraft:lapis_lazuli":10,"minecraft:dirt":1501,"minecraft:lantern":5,"rechiseled:oak_planks_mosaic":25,"minecraft:glass":13,"minecraft:bone":10,"minecraft:bow":1,"minecraft:wheat_seeds":131,"minecraft:raw_gold":2,"forbidden_arcanus:rune":2,"create:shaft":20,"minecraft:glowstone_dust":7,"minecraft:bamboo":19,"minecraft:powered_rail":5,"minecraft:oak_planks":41,"create:cogwheel":8,"create:empty_blaze_burner":2,"minecraft:birch_fence_gate":1,"minecraft:sand":44,"minecraft:dark_oak_log":1,"minecraft:barrel":3,"minecraft:mossy_cobblestone":2,"create:crimsite":1,"minecraft:diamond":13,"magistuarmory:corruptedroundshield":2,"minecraft:dead_brain_coral_block":39,"minecraft:bone_meal":7,"minecraft:charcoal":2,"minecraft:emerald":4,"minecraft:bread":3,"minecraft:oak_sapling":7,"minecraft:netherrack":74,"create:white_sail":13,"sophisticatedbackpacks:gold_backpack":2,"minecraft:coarse_dirt":34,"minecraft:shelter_pottery_sherd":1,"minecraft:crafting_table":6,"minecraft:chicken":1,"minecraft:leather_leggings":1,"minecraft:gold_block":2,"gravestone:obituary":5,"minecraft:brick":6,"minecraft:cornflower":125,"minecraft:compass":1,"minecraft:birch_fence":1,"minecraft:cyan_carpet":14,"minecraft:blackstone":8,"minecraft:blue_orchid":1,"minecraft:beef":12,"minecraft:poppy":1,"minecraft:light_gray_wool":7,"minecraft:sugar_cane":7,"minecraft:chest":5,"minecraft:birch_sapling":15,"minecraft:raw_iron":94,"forbidden_arcanus:bat_wing":3,"minecraft:copper_ingot":110,"magistuarmory:rustedbarbute":1,"sophisticatedbackpacks:backpack":1,"create:windmill_bearing":1,"magistuarmory:rustedkettlehat":1,"create:hand_crank":1,"minecraft:redstone":93,"create:zinc_ingot":29,"create:vertical_gearbox":1,"minecraft:howl_pottery_sherd":1,"rechiseled:cherry_planks_small_tiles":66,"minecraft:arrow":2,"minecraft:cooked_cod":2,"magistuarmory:steel_ingot":1,"artifacts:snowshoes":1,"minecraft:hay_block":57,"create:depot":1,"minecraft:gold_ingot":42,"minecraft:mutton":2,"forbidden_arcanus:spawner_scrap":1,"minecraft:rail":19,"minecraft:skeleton_skull":1,"minecraft:white_wool":13,"rechiseled:cobblestone_pulverized":36,"create:iron_sheet":1,"minecraft:clock":1,"magistuarmory:rustedhalfarmor_chestplate":3,"minecraft:crimson_stem":7,"minecraft:salmon":4,"minecraft:leather":11,"minecraft:birch_planks":12,"minecraft:oak_log":20,"rechiseled:birch_planks_large_tiles":13,"minecraft:gunpowder":6,"rechiseled:stone_big_tiles":10,"minecraft:paper":7,"minecraft:kelp":65,"minecraft:iron_ingot":41,"minecraft:glass_bottle":1,"minecraft:mangrove_planks":3,"create:mechanical_saw":5,"minecraft:book":16,"minecraft:smooth_basalt":1,"create:large_water_wheel":2,"minecraft:quartz":41,"minecraft:dandelion":12,"minecraft:spyglass":1,"minecraft:gravel":2,"minecraft:dead_fire_coral_block":16,"minecraft:amethyst_shard":9,"minecraft:blast_furnace":5,"minecraft:white_bed":10,"magistuarmory:rustedchainmail_leggings":2,"minecraft:spider_eye":1,"create:gearbox":1,"forbidden_arcanus:arcane_crystal":23,"tetra:geode":1,"minecraft:gray_wool":3,"minecraft:coal":105,"minecraft:hopper":4}},"DataVersion":3465}