{"stats":{"minecraft:used":{"minecraft:stone_sword":1,"minecraft:iron_shovel":252,"rechiseled:stone_big_tiles":5,"minecraft:stone_shovel":425,"rechiseled:birch_planks_large_tiles":32,"minecraft:chest":2,"minecraft:shield":78,"minecraft:iron_sword":116,"minecraft:torch":90,"minecraft:dirt":37,"minecraft:spyglass":46,"minecraft:glass":1,"minecraft:lantern":4,"minecraft:furnace":2,"rechiseled:cherry_planks_small_tiles":3,"minecraft:cobbled_deepslate":1,"minecraft:iron_leggings":1,"minecraft:birch_planks":36,"minecraft:bundle":1,"minecraft:glass_bottle":3,"minecraft:stone_pickaxe":515,"minecraft:oak_planks":1,"minecraft:wooden_pickaxe":7,"minecraft:green_bed":6,"minecraft:crafting_table":6,"minecraft:blast_furnace":5,"minecraft:white_bed":2,"minecraft:oak_log":2,"minecraft:diamond_pickaxe":44,"minecraft:cornflower":1,"minecraft:bread":56,"minecraft:iron_pickaxe":293,"minecraft:stone_axe":43,"minecraft:cobblestone":29,"rechiseled:cobblestone_pulverized":409,"minecraft:cooked_porkchop":3,"minecraft:birch_log":2},"minecraft:killed_by":{"specialmobs:skeleton":1,"specialmobs:zombie":4,"specialmobs:mothercavespider":1},"minecraft:killed":{"specialmobs:skeleton":1,"minecraft:chicken":1,"specialmobs:zombie":9,"specialmobs:puffersilverfish":1,"specialmobs:creeper":1,"specialmobs:bruteskeleton":1,"specialmobs:giantzombie":1,"specialmobs:spider":6,"specialmobs:cavespider":4},"minecraft:mined":{"create:zinc_ore":7,"minecraft:white_bed":2,"gravestone:gravestone":8,"minecraft:grass_block":331,"minecraft:hopper":2,"rechiseled:birch_planks_large_tiles":11,"minecraft:hay_block":34,"minecraft:furnace":1,"minecraft:iron_ore":17,"minecraft:andesite":69,"rechiseled:stone_big_tiles":5,"rechiseled:cobblestone_pulverized":35,"minecraft:gold_block":1,"minecraft:stone":572,"minecraft:brain_coral_block":2,"minecraft:green_bed":6,"minecraft:blackstone":4,"rechiseled:cherry_planks_small_tiles":3,"minecraft:amethyst_cluster":1,"minecraft:dandelion":1,"minecraft:crafting_table":2,"minecraft:cornflower":3,"minecraft:blast_furnace":1,"minecraft:tall_grass":20,"minecraft:glass":1,"minecraft:cobblestone":60,"minecraft:oak_planks":1,"minecraft:pink_petals":1,"minecraft:birch_planks":8,"minecraft:sea_pickle":2,"minecraft:birch_log":11,"minecraft:grass":88,"minecraft:coal_ore":54,"minecraft:oak_log":14,"minecraft:gravel":2,"minecraft:sand":13,"minecraft:dirt":342,"minecraft:smooth_basalt":1,"minecraft:deepslate":1},"minecraft:dropped":{"minecraft:iron_ingot":3,"magistuarmory:rustedkettlehat":1,"minecraft:wheat_seeds":12,"minecraft:diamond":2,"minecraft:leather":2,"minecraft:copper_ingot":19,"minecraft:stick":1,"minecraft:emerald":3,"minecraft:dirt":69,"minecraft:cornflower":11,"gravestone:obituary":6,"minecraft:amethyst_shard":3,"magistuarmory:corruptedroundshield":1,"magistuarmory:rustedbarbute":1,"minecraft:white_wool":12,"minecraft:bone":2,"minecraft:birch_sapling":3,"minecraft:obsidian":4,"minecraft:chicken":1,"minecraft:honey_bottle":2,"minecraft:blast_furnace":4,"minecraft:potato":7,"minecraft:bundle":1,"minecraft:glass":6,"magistuarmory:rustedchainmail_boots":3,"minecraft:netherrack":8},"minecraft:crafted":{"minecraft:cherry_planks":52,"minecraft:oak_planks":40,"minecraft:stone_shovel":3,"minecraft:spyglass":1,"minecraft:furnace":1,"minecraft:stone":5,"minecraft:glass":9,"minecraft:iron_boots":1,"minecraft:stone_pickaxe":4,"minecraft:chest":1,"minecraft:glass_bottle":3,"sophisticatedbackpacks:backpack":1,"minecraft:cooked_porkchop":3,"minecraft:crafting_table":4,"minecraft:wooden_pickaxe":1,"minecraft:iron_helmet":1,"minecraft:iron_sword":1,"minecraft:birch_planks":148,"minecraft:stone_axe":1,"minecraft:air":0,"rechiseled:chisel":1,"minecraft:shield":2,"minecraft:stick":44,"minecraft:iron_ingot":17,"minecraft:iron_pickaxe":1,"minecraft:stone_sword":1,"minecraft:iron_leggings":1,"minecraft:torch":104,"minecraft:shears":1},"minecraft:broken":{"minecraft:iron_shovel":1,"minecraft:stone_pickaxe":4,"minecraft:shield":1,"minecraft:iron_pickaxe":1,"minecraft:stone_shovel":3},"minecraft:custom":{"minecraft:mob_kills":25,"minecraft:interact_with_crafting_table":27,"minecraft:leave_game":1,"minecraft:time_since_death":42493,"minecraft:climb_one_cm":3591,"minecraft:sprint_one_cm":392683,"minecraft:walk_one_cm":646868,"minecraft:damage_blocked_by_shield":3932,"minecraft:drop":42,"minecraft:play_time":235916,"minecraft:deaths":7,"minecraft:sneak_time":8582,"minecraft:walk_under_water_one_cm":9587,"minecraft:jump":3248,"minecraft:interact_with_blast_furnace":23,"minecraft:walk_on_water_one_cm":7599,"minecraft:total_world_time":235916,"minecraft:interact_with_furnace":19,"minecraft:sleep_in_bed":10,"minecraft:time_since_rest":18367,"minecraft:damage_taken":4351,"minecraft:damage_dealt":5382,"minecraft:swim_one_cm":12583,"minecraft:fly_one_cm":648195,"minecraft:open_chest":41,"minecraft:crouch_one_cm":32728,"minecraft:interact_with_smoker":1,"minecraft:fall_one_cm":77411},"minecraft:picked_up":{"minecraft:crafting_table":2,"minecraft:chicken":1,"minecraft:gold_block":1,"gravestone:obituary":1,"minecraft:cornflower":45,"minecraft:string":5,"minecraft:blackstone":4,"minecraft:sea_pickle":1,"minecraft:cobbled_deepslate":1,"minecraft:birch_sapling":1,"minecraft:furnace":1,"minecraft:stick":4,"minecraft:raw_iron":18,"forbidden_arcanus:bat_wing":2,"minecraft:copper_ingot":19,"minecraft:green_bed":7,"minecraft:torch":4,"magistuarmory:rustedbarbute":1,"magistuarmory:rustedkettlehat":1,"minecraft:cherry_log":13,"rechiseled:cherry_planks_small_tiles":3,"minecraft:honey_bottle":2,"minecraft:rotten_flesh":1,"minecraft:hay_block":33,"minecraft:obsidian":4,"rechiseled:cobblestone_pulverized":34,"minecraft:white_wool":8,"minecraft:cobblestone":734,"minecraft:birch_log":11,"magistuarmory:rustedhalfarmor_chestplate":1,"magistuarmory:rustedchainmail_boots":3,"minecraft:andesite":91,"minecraft:leather":6,"minecraft:potato":7,"minecraft:birch_planks":8,"minecraft:oak_log":14,"create:raw_zinc":7,"rechiseled:birch_planks_large_tiles":9,"minecraft:gunpowder":2,"rechiseled:stone_big_tiles":5,"minecraft:dirt":848,"minecraft:lantern":5,"minecraft:glass":7,"minecraft:bone":5,"minecraft:wheat_seeds":25,"minecraft:iron_ingot":41,"minecraft:oak_planks":27,"minecraft:smooth_basalt":1,"minecraft:dandelion":1,"minecraft:gravel":2,"minecraft:sand":16,"minecraft:amethyst_shard":7,"minecraft:blast_furnace":5,"minecraft:white_bed":2,"minecraft:spider_eye":1,"minecraft:diamond":2,"minecraft:dead_brain_coral_block":3,"magistuarmory:corruptedroundshield":1,"minecraft:bread":3,"minecraft:emerald":3,"minecraft:oak_sapling":3,"minecraft:coal":69,"minecraft:hopper":2}},"DataVersion":3465}