{"stats":{"minecraft:crafted":{"minecraft:oak_planks":8,"minecraft:smooth_stone":3,"minecraft:cooked_chicken":2,"minecraft:stone":66,"minecraft:cooked_mutton":3,"minecraft:iron_boots":1,"minecraft:chest":1,"create:small_andesite_bricks":8,"minecraft:cooked_rabbit":6,"minecraft:cooked_porkchop":5,"minecraft:crafting_table":6,"minecraft:spruce_planks":8,"minecraft:iron_helmet":1,"minecraft:wooden_pickaxe":1,"minecraft:baked_potato":19,"minecraft:birch_planks":28,"minecraft:iron_chestplate":1,"minecraft:diamond_pickaxe":1,"minecraft:shield":1,"minecraft:stick":136,"minecraft:iron_ingot":154,"minecraft:iron_pickaxe":9,"minecraft:stone_sword":2,"minecraft:gold_ingot":30,"minecraft:golden_carrot":14,"minecraft:cherry_planks":88,"minecraft:stone_shovel":1,"minecraft:furnace":5,"minecraft:blast_furnace":1,"minecraft:bone_meal":9,"minecraft:flint_and_steel":1,"minecraft:iron_axe":1,"minecraft:stone_pickaxe":5,"minecraft:cooked_beef":4,"minecraft:diamond_sword":1,"minecraft:iron_sword":1,"minecraft:bucket":1,"minecraft:stone_axe":1,"minecraft:bread":2,"minecraft:air":0,"minecraft:gold_nugget":117,"minecraft:wooden_axe":1,"minecraft:iron_shovel":7,"minecraft:iron_leggings":1,"minecraft:stonecutter":1,"minecraft:white_bed":2,"minecraft:torch":252},"minecraft:mined":{"create:deepslate_zinc_ore":1,"minecraft:spruce_planks":1,"minecraft:white_bed":1,"minecraft:cherry_log":35,"minecraft:grass_block":741,"minecraft:infested_cobblestone":2,"minecraft:tube_coral_block":1,"minecraft:magma_block":3,"minecraft:fire":7,"minecraft:cobbled_deepslate":7,"minecraft:iron_ore":155,"create:asurine":5,"minecraft:dirt_path":4,"minecraft:oak_stairs":2,"minecraft:brain_coral_block":19,"minecraft:green_bed":4,"minecraft:deepslate_redstone_ore":3,"minecraft:red_bed":1,"minecraft:blackstone":7,"minecraft:smoker":3,"minecraft:torch":10,"minecraft:blast_furnace":4,"minecraft:calcite":6,"minecraft:cobblestone":125,"minecraft:oak_planks":6,"minecraft:wall_torch":8,"minecraft:pink_petals":2,"specialmobs:infested_fire_coral_block":4,"minecraft:birch_log":7,"minecraft:grass":128,"minecraft:oak_log":19,"minecraft:dirt":711,"minecraft:netherrack":41,"create:crimsite":3,"minecraft:oak_leaves":9,"minecraft:deepslate":94,"create:zinc_ore":19,"minecraft:tuff":16,"minecraft:mossy_cobblestone":5,"minecraft:deepslate_diamond_ore":1,"minecraft:glow_lichen":1,"gravestone:gravestone":16,"minecraft:decorated_pot":1,"specialmobs:infested_brain_coral_block":6,"minecraft:large_fern":1,"forbidden_arcanus:arcane_crystal_ore":2,"minecraft:redstone_ore":3,"forbidden_arcanus:deepslate_arcane_crystal_ore":10,"minecraft:furnace":6,"minecraft:andesite":237,"minecraft:bookshelf":2,"minecraft:deepslate_iron_ore":51,"minecraft:stone":2038,"minecraft:fire_coral_block":6,"minecraft:potted_lily_of_the_valley":1,"minecraft:stone_brick_slab":3,"minecraft:crafting_table":5,"minecraft:cornflower":5,"create:small_andesite_bricks":3,"minecraft:emerald_ore":1,"minecraft:andesite_slab":1,"minecraft:stone_slab":2,"minecraft:tall_grass":9,"minecraft:lapis_ore":11,"minecraft:deepslate_gold_ore":17,"minecraft:diorite":10,"minecraft:dead_fire_coral_block":6,"minecraft:coarse_dirt":1,"forbidden_arcanus:xpetrified_ore":16,"minecraft:dead_brain_coral_block":7,"minecraft:coal_ore":174,"minecraft:cherry_leaves":4,"minecraft:dripstone_block":2,"minecraft:gravel":2,"minecraft:cobweb":12,"minecraft:stone_bricks":4,"minecraft:gold_ore":12,"minecraft:fern":1},"minecraft:broken":{"minecraft:iron_shovel":5,"minecraft:stone_pickaxe":6,"minecraft:stone_shovel":1,"magistuarmory:rustedchainmail_boots":2,"magistuarmory:rustedkettlehat":1,"magistuarmory:corruptedroundshield":1,"magistuarmory:rustedgreathelm":1,"minecraft:wooden_pickaxe":1,"minecraft:shield":1,"minecraft:iron_pickaxe":7,"minecraft:golden_pickaxe":1,"magistuarmory:rustedbarbute":1},"minecraft:killed_by":{"specialmobs:skeleton":3,"specialmobs:creeper":2,"minecraft:player":1,"specialmobs:enderman":1,"specialmobs:hungryzombie":3,"specialmobs:weatheredskeleton":2,"specialmobs:gatlingskeleton":1,"specialmobs:zombie":2,"specialmobs:bruteskeleton":1},"minecraft:killed":{"minecraft:pufferfish":1,"specialmobs:skeleton":10,"minecraft:chicken":5,"specialmobs:firespider":1,"specialmobs:puffersilverfish":10,"minecraft:pig":8,"specialmobs:fishingzombie":3,"minecraft:salmon":9,"specialmobs:watercavespider":1,"minecraft:sheep":1,"minecraft:pillager":4,"specialmobs:gatlingskeleton":1,"specialmobs:giantzombie":1,"specialmobs:spider":4,"specialmobs:cavespider":2,"specialmobs:deathcreeper":1,"minecraft:cow":3,"specialmobs:zombie":8,"specialmobs:hungryzombie":2,"specialmobs:creeper":1},"minecraft:picked_up":{"minecraft:flower_pot":1,"minecraft:stone_slab":2,"minecraft:oak_stairs":2,"forbidden_arcanus:xpetrified_orb":15,"minecraft:string":16,"minecraft:raw_copper":3,"minecraft:cooked_salmon":72,"minecraft:pufferfish":2,"minecraft:sea_pickle":1,"minecraft:cobbled_deepslate":82,"minecraft:spruce_planks":1,"minecraft:calcite":4,"minecraft:furnace":6,"minecraft:stick":16,"forbidden_arcanus:aureal_bottle":1,"minecraft:torch":28,"minecraft:green_bed":5,"magistuarmory:rusted_heavymace":2,"minecraft:porkchop":13,"minecraft:cherry_log":35,"minecraft:diorite":8,"minecraft:stone_sword":2,"minecraft:rotten_flesh":2,"create:asurine":5,"minecraft:cobblestone":1885,"minecraft:birch_log":7,"minecraft:pink_petals":3,"minecraft:feather":7,"magistuarmory:rustedchainmail_boots":3,"minecraft:cherry_planks":1,"minecraft:andesite":240,"minecraft:smoker":3,"minecraft:tuff":17,"create:raw_zinc":20,"minecraft:lapis_lazuli":66,"minecraft:dirt":1302,"minecraft:leather_boots":1,"minecraft:bone":4,"minecraft:wheat_seeds":21,"minecraft:raw_gold":28,"minecraft:powered_rail":4,"minecraft:oak_planks":7,"minecraft:lily_of_the_valley":1,"magistuarmory:rustedgreathelm":1,"minecraft:mossy_cobblestone":6,"create:small_andesite_bricks":2,"minecraft:diamond":1,"minecraft:dead_brain_coral_block":15,"magistuarmory:corruptedroundshield":1,"minecraft:spruce_sign":2,"minecraft:emerald":1,"minecraft:bread":5,"minecraft:oak_sapling":4,"minecraft:netherrack":41,"minecraft:andesite_slab":1,"minecraft:coarse_dirt":1,"minecraft:crafting_table":5,"minecraft:chicken":5,"gravestone:obituary":4,"minecraft:cornflower":34,"minecraft:red_bed":1,"minecraft:blackstone":17,"minecraft:beef":8,"minecraft:birch_sapling":2,"minecraft:egg":4,"minecraft:raw_iron":194,"forbidden_arcanus:bat_wing":2,"magistuarmory:rustedbarbute":1,"minecraft:fire_charge":2,"magistuarmory:rustedkettlehat":1,"minecraft:redstone":26,"minecraft:arrow":4,"minecraft:decorated_pot":1,"minecraft:glow_berries":10,"minecraft:mutton":2,"minecraft:rail":7,"minecraft:white_wool":7,"minecraft:glow_ink_sac":1,"minecraft:salmon":4,"minecraft:leather":4,"artifacts:onion_ring":1,"minecraft:oak_log":19,"minecraft:gunpowder":3,"minecraft:white_banner":1,"minecraft:stone_bricks":4,"minecraft:stone_pickaxe":2,"minecraft:glass_bottle":1,"minecraft:book":6,"minecraft:stone_brick_slab":3,"minecraft:spyglass":1,"minecraft:gravel":2,"minecraft:dead_fire_coral_block":12,"minecraft:spruce_sapling":5,"minecraft:blast_furnace":4,"minecraft:white_bed":1,"magistuarmory:rustedchainmail_leggings":1,"minecraft:spider_eye":1,"forbidden_arcanus:arcane_crystal":16,"minecraft:cherry_sapling":1,"minecraft:coal":218},"minecraft:dropped":{"minecraft:lapis_lazuli":6,"minecraft:glow_ink_sac":1,"minecraft:glass_bottle":2,"minecraft:crafting_table":1,"minecraft:leather":4,"minecraft:flint":1,"minecraft:dirt":606,"minecraft:cornflower":14,"gravestone:obituary":15,"minecraft:gold_nugget":8,"minecraft:iron_pickaxe":1,"minecraft:white_wool":1,"minecraft:bone":1,"magistuarmory:rustedchainmail_leggings":1,"minecraft:gravel":1,"minecraft:stone_axe":1,"minecraft:compass":1,"minecraft:blackstone":17,"minecraft:spyglass":1,"minecraft:iron_nugget":6,"minecraft:golden_chestplate":1,"minecraft:wheat":2,"minecraft:obsidian":10,"minecraft:rotten_flesh":1,"minecraft:oak_planks":1,"forbidden_arcanus:aureal_bottle":1,"minecraft:honey_bottle":2,"minecraft:salmon":1,"minecraft:dead_fire_coral_block":4,"minecraft:leather_boots":2,"forbidden_arcanus:arcane_crystal":4,"minecraft:netherrack":17,"minecraft:iron_ingot":18,"minecraft:bread":3,"minecraft:wheat_seeds":10,"minecraft:cherry_log":13,"minecraft:cobblestone":158,"minecraft:book":2,"forbidden_arcanus:xpetrified_orb":12,"minecraft:pufferfish":1,"minecraft:diorite":8,"minecraft:cherry_planks":17,"minecraft:oak_stairs":2,"minecraft:paper":3,"create:raw_zinc":1,"minecraft:stone_brick_slab":3,"minecraft:stone_sword":3,"minecraft:green_bed":1,"minecraft:tuff":5,"magistuarmory:rusted_heavymace":1,"forbidden_arcanus:bat_wing":4,"minecraft:sea_pickle":1,"minecraft:andesite":47,"minecraft:oak_sapling":2,"minecraft:spider_eye":1,"minecraft:stone_pickaxe":1,"minecraft:dead_brain_coral_block":1,"minecraft:calcite":4},"minecraft:used":{"magistuarmory:corruptedroundshield":5,"magistuarmory:rusted_heavymace":2,"minecraft:iron_shovel":1315,"minecraft:chest":1,"minecraft:shield":41,"minecraft:stone":1,"minecraft:iron_sword":218,"minecraft:rotten_flesh":1,"minecraft:obsidian":1,"minecraft:furnace":9,"minecraft:egg":4,"minecraft:potato":5,"minecraft:stone_pickaxe":791,"minecraft:wooden_pickaxe":87,"minecraft:cookie":3,"minecraft:glow_berries":11,"minecraft:blast_furnace":4,"minecraft:melon_slice":3,"minecraft:bread":10,"minecraft:gravel":1,"minecraft:pufferfish":1,"minecraft:diamond_sword":30,"minecraft:cooked_rabbit":6,"minecraft:andesite":16,"create:small_andesite_bricks":74,"minecraft:coarse_dirt":1,"minecraft:golden_pickaxe":106,"minecraft:stone_sword":29,"minecraft:flint_and_steel":10,"minecraft:stone_shovel":132,"minecraft:spruce_planks":1,"minecraft:cooked_salmon":46,"minecraft:cooked_chicken":2,"minecraft:netherrack":24,"minecraft:torch":240,"minecraft:dirt":142,"minecraft:spyglass":6,"minecraft:dead_brain_coral_block":5,"minecraft:wooden_axe":34,"minecraft:iron_axe":22,"minecraft:golden_carrot":6,"minecraft:cooked_beef":4,"minecraft:cobbled_deepslate":32,"minecraft:cooked_mutton":4,"minecraft:water_bucket":6,"minecraft:baked_potato":15,"minecraft:spruce_sign":2,"minecraft:stonecutter":1,"minecraft:green_bed":3,"minecraft:crafting_table":10,"minecraft:red_bed":1,"minecraft:white_bed":3,"minecraft:smoker":2,"minecraft:oak_log":2,"minecraft:flower_pot":1,"minecraft:diamond_pickaxe":121,"minecraft:apple":4,"minecraft:iron_pickaxe":2106,"forbidden_arcanus:aureal_bottle":1,"minecraft:spruce_sapling":5,"minecraft:stone_axe":59,"minecraft:cobblestone":282,"minecraft:cooked_porkchop":4,"minecraft:white_banner":1,"minecraft:bucket":7},"minecraft:custom":{"minecraft:interact_with_crafting_table":63,"minecraft:open_barrel":14,"minecraft:leave_game":4,"minecraft:time_since_death":43132,"minecraft:sprint_one_cm":1186578,"minecraft:damage_blocked_by_shield":2535,"minecraft:drop":125,"minecraft:talked_to_villager":7,"minecraft:play_time":384951,"minecraft:deaths":18,"minecraft:jump":3507,"minecraft:walk_on_water_one_cm":96928,"minecraft:interact_with_furnace":62,"minecraft:interact_with_loom":1,"minecraft:sleep_in_bed":14,"minecraft:damage_dealt":12878,"minecraft:crouch_one_cm":44526,"minecraft:interact_with_smoker":15,"minecraft:mob_kills":78,"minecraft:climb_one_cm":6371,"minecraft:walk_one_cm":1188460,"minecraft:sneak_time":15993,"minecraft:walk_under_water_one_cm":50731,"minecraft:interact_with_blast_furnace":43,"minecraft:total_world_time":384951,"minecraft:pot_flower":1,"minecraft:interact_with_stonecutter":2,"minecraft:time_since_rest":17770,"minecraft:damage_taken":10877,"minecraft:swim_one_cm":60061,"minecraft:fly_one_cm":275078,"minecraft:open_chest":97,"minecraft:fall_one_cm":67025}},"DataVersion":3465}