{"stats":{"minecraft:broken":{"minecraft:wooden_pickaxe":1,"minecraft:stone_pickaxe":3},"minecraft:killed":{"specialmobs:fishingzombie":1,"minecraft:pig":4},"minecraft:dropped":{"minecraft:bread":3,"minecraft:book":2,"minecraft:flint":1,"gravestone:obituary":3,"minecraft:gold_nugget":3,"minecraft:stone_brick_slab":3,"minecraft:compass":1,"minecraft:golden_chestplate":1,"minecraft:stone_sword":1,"minecraft:wheat":2,"minecraft:honey_bottle":2,"minecraft:salmon":1,"minecraft:andesite":23,"minecraft:leather_boots":1,"minecraft:stone_pickaxe":1,"minecraft:netherrack":17},"minecraft:crafted":{"minecraft:cherry_planks":12,"minecraft:cooked_chicken":2,"minecraft:furnace":3,"minecraft:stone":4,"minecraft:cooked_mutton":3,"minecraft:stone_pickaxe":4,"create:small_andesite_bricks":8,"minecraft:cooked_rabbit":6,"minecraft:cooked_beef":4,"minecraft:cooked_porkchop":5,"minecraft:crafting_table":5,"minecraft:spruce_planks":8,"minecraft:wooden_pickaxe":1,"minecraft:baked_potato":19,"minecraft:birch_planks":28,"minecraft:stone_axe":1,"minecraft:bread":1,"minecraft:air":0,"minecraft:iron_chestplate":1,"minecraft:stick":44,"minecraft:iron_ingot":13,"minecraft:iron_pickaxe":1,"minecraft:wooden_axe":1,"minecraft:stone_sword":2,"minecraft:stonecutter":1,"minecraft:torch":32},"minecraft:mined":{"minecraft:spruce_planks":1,"minecraft:mossy_cobblestone":5,"minecraft:cherry_log":35,"gravestone:gravestone":2,"minecraft:grass_block":4,"minecraft:magma_block":3,"minecraft:furnace":3,"minecraft:iron_ore":18,"minecraft:fire":6,"minecraft:andesite":148,"minecraft:bookshelf":2,"minecraft:stone":251,"minecraft:green_bed":4,"minecraft:red_bed":1,"minecraft:potted_lily_of_the_valley":1,"minecraft:smoker":2,"minecraft:stone_brick_slab":3,"minecraft:crafting_table":4,"minecraft:torch":1,"create:small_andesite_bricks":3,"minecraft:emerald_ore":1,"minecraft:andesite_slab":1,"minecraft:stone_slab":1,"minecraft:tall_grass":6,"minecraft:cobblestone":45,"minecraft:wall_torch":2,"minecraft:pink_petals":2,"forbidden_arcanus:xpetrified_ore":1,"minecraft:birch_log":7,"minecraft:grass":30,"minecraft:coal_ore":99,"minecraft:oak_log":17,"minecraft:cherry_leaves":4,"minecraft:gravel":1,"minecraft:dirt":4,"minecraft:cobweb":3,"minecraft:stone_bricks":4,"minecraft:netherrack":41,"minecraft:gold_ore":1,"create:crimsite":3,"minecraft:oak_leaves":2},"minecraft:picked_up":{"minecraft:crafting_table":4,"minecraft:flower_pot":1,"minecraft:stone_slab":2,"minecraft:raw_copper":3,"forbidden_arcanus:xpetrified_orb":1,"minecraft:string":3,"minecraft:red_bed":1,"minecraft:spruce_planks":1,"minecraft:birch_sapling":2,"minecraft:furnace":3,"minecraft:stick":2,"minecraft:raw_iron":17,"minecraft:torch":3,"minecraft:green_bed":4,"minecraft:porkchop":7,"minecraft:cherry_log":35,"minecraft:stone_sword":1,"minecraft:cobblestone":278,"minecraft:birch_log":7,"minecraft:pink_petals":3,"minecraft:andesite":129,"minecraft:salmon":1,"minecraft:smoker":2,"minecraft:oak_log":17,"minecraft:dirt":9,"minecraft:leather_boots":1,"minecraft:stone_bricks":4,"minecraft:wheat_seeds":6,"minecraft:raw_gold":1,"minecraft:stone_pickaxe":1,"minecraft:book":6,"minecraft:stone_brick_slab":3,"minecraft:spyglass":1,"minecraft:gravel":1,"minecraft:spruce_sapling":5,"minecraft:lily_of_the_valley":1,"minecraft:mossy_cobblestone":6,"create:small_andesite_bricks":2,"minecraft:cherry_sapling":1,"minecraft:emerald":1,"minecraft:spruce_sign":2,"minecraft:bread":1,"minecraft:oak_sapling":2,"minecraft:netherrack":41,"minecraft:coal":106,"minecraft:andesite_slab":1},"minecraft:killed_by":{"specialmobs:weatheredskeleton":2,"specialmobs:zombie":1,"specialmobs:creeper":1},"minecraft:used":{"minecraft:stone_sword":23,"minecraft:spruce_planks":1,"minecraft:stone":1,"minecraft:cooked_chicken":2,"minecraft:netherrack":24,"minecraft:torch":19,"minecraft:dirt":6,"minecraft:spyglass":6,"minecraft:obsidian":1,"minecraft:wooden_axe":34,"minecraft:furnace":5,"minecraft:cooked_beef":3,"minecraft:potato":5,"minecraft:stone_pickaxe":441,"minecraft:baked_potato":3,"minecraft:wooden_pickaxe":87,"minecraft:spruce_sign":2,"minecraft:green_bed":3,"minecraft:stonecutter":1,"minecraft:crafting_table":8,"minecraft:red_bed":1,"minecraft:smoker":1,"minecraft:oak_log":2,"minecraft:flower_pot":1,"minecraft:bread":4,"minecraft:iron_pickaxe":94,"minecraft:spruce_sapling":5,"minecraft:gravel":1,"minecraft:stone_axe":39,"minecraft:cobblestone":58,"minecraft:cooked_porkchop":3,"minecraft:cooked_rabbit":1,"minecraft:andesite":3,"create:small_andesite_bricks":74,"minecraft:golden_pickaxe":50},"minecraft:custom":{"minecraft:mob_kills":6,"minecraft:interact_with_crafting_table":21,"minecraft:open_barrel":1,"minecraft:time_since_death":29992,"minecraft:climb_one_cm":4389,"minecraft:sprint_one_cm":259859,"minecraft:walk_one_cm":257903,"minecraft:drop":28,"minecraft:talked_to_villager":7,"minecraft:play_time":99629,"minecraft:deaths":4,"minecraft:sneak_time":4565,"minecraft:walk_under_water_one_cm":6628,"minecraft:jump":871,"minecraft:walk_on_water_one_cm":8729,"minecraft:total_world_time":99629,"minecraft:interact_with_furnace":28,"minecraft:interact_with_loom":1,"minecraft:pot_flower":1,"minecraft:interact_with_stonecutter":2,"minecraft:sleep_in_bed":6,"minecraft:time_since_rest":3991,"minecraft:damage_taken":2023,"minecraft:damage_dealt":1055,"minecraft:swim_one_cm":12427,"minecraft:fly_one_cm":72856,"minecraft:open_chest":45,"minecraft:crouch_one_cm":10264,"minecraft:interact_with_smoker":10,"minecraft:fall_one_cm":21145}},"DataVersion":3465}