{"stats":{"minecraft:dropped":{"minecraft:crimson_stem":26,"minecraft:iron_sword":3,"minecraft:porkchop":3,"minecraft:lapis_lazuli":165,"minecraft:glow_ink_sac":8,"minecraft:glass_bottle":2,"minecraft:diamond":8,"minecraft:crafting_table":2,"minecraft:weeping_vines":1,"minecraft:saddle":1,"minecraft:rail":3,"minecraft:item_frame":11,"minecraft:dirt":954,"minecraft:grass":36,"create:oak_window":19,"rechiseled:oak_planks_diagonal_tiles":20,"create:scorchia":2,"magistuarmory:rusted_bastardsword":1,"minecraft:gold_nugget":12,"minecraft:sand":215,"minecraft:phantom_membrane":1,"minecraft:iron_pickaxe":3,"minecraft:fermented_spider_eye":2,"minecraft:cherry_door":2,"minecraft:white_wool":4,"minecraft:cyan_carpet":13,"minecraft:bone":4,"magistuarmory:rustedchainmail_leggings":1,"minecraft:stone_axe":1,"minecraft:compass":1,"minecraft:iron_nugget":9,"minecraft:golden_chestplate":4,"minecraft:cobbled_deepslate":112,"minecraft:nether_brick":2,"minecraft:wheat":7,"minecraft:birch_sapling":37,"minecraft:obsidian":10,"minecraft:rotten_flesh":16,"minecraft:oak_planks":9,"recrafted_creatures:apple_slice":160,"minecraft:golden_shovel":1,"magistuarmory:leather_strip":5,"create:white_sail":4,"minecraft:dead_fire_coral_block":4,"minecraft:salmon":1,"create:polished_cut_tuff":1,"minecraft:leather_boots":2,"minecraft:ladder":7,"rechiseled:oak_planks_woven":64,"forbidden_arcanus:arcane_crystal":4,"minecraft:red_nether_bricks":1,"minecraft:glass":64,"minecraft:crimson_planks":14,"minecraft:egg":1,"minecraft:iron_ingot":82,"minecraft:golden_boots":4,"minecraft:chiseled_nether_bricks":1,"minecraft:wheat_seeds":17,"minecraft:dripstone_block":9,"minecraft:feather":7,"minecraft:book":2,"minecraft:oak_fence":6,"minecraft:cobblestone":849,"minecraft:iron_helmet":1,"forbidden_arcanus:stellarite_piece":1,"forbidden_arcanus:xpetrified_orb":12,"minecraft:apple":27,"minecraft:spruce_button":1,"minecraft:golden_apple":2,"minecraft:pufferfish":2,"artifacts:lucky_scarf":1,"minecraft:cherry_planks":17,"minecraft:cooked_salmon":9,"minecraft:potion":1,"minecraft:oak_stairs":2,"minecraft:iron_shovel":1,"minecraft:paper":6,"minecraft:string":10,"minecraft:spruce_sapling":5,"create:raw_zinc":36,"minecraft:stone_brick_slab":3,"minecraft:furnace":2,"minecraft:moss_carpet":5,"create:ochrum":1,"minecraft:stone_sword":3,"minecraft:green_bed":1,"minecraft:chicken":1,"minecraft:clay_ball":24,"minecraft:iron_boots":3,"sophisticatedbackpacks:backpack":1,"magistuarmory:rusted_heavymace":1,"minecraft:white_terracotta":1,"minecraft:nether_bricks":1,"forbidden_arcanus:bat_wing":4,"minecraft:shears":1,"minecraft:diamond_sword":1,"minecraft:potato":4,"minecraft:shroomlight":1,"minecraft:sea_pickle":7,"minecraft:spruce_trapdoor":2,"minecraft:spruce_planks":14,"minecraft:diamond_pickaxe":4,"create:hand_crank":1,"minecraft:barrel":1,"minecraft:spider_eye":2,"minecraft:warped_button":1,"minecraft:bow":1,"create:tiled_glass":1,"minecraft:nether_brick_stairs":12,"minecraft:moss_block":3,"minecraft:birch_planks":45,"minecraft:diamond_axe":2,"minecraft:oak_log":208,"minecraft:leather":32,"create:crimsite":21,"magistuarmory:rustednorman_helmet":1,"minecraft:flint":9,"minecraft:cornflower":23,"gravestone:obituary":89,"create:iron_sheet":1,"minecraft:gold_ingot":36,"minecraft:gravel":36,"minecraft:chiseled_polished_blackstone":1,"minecraft:blackstone":17,"minecraft:spyglass":4,"minecraft:pointed_dripstone":2,"forbidden_arcanus:aureal_bottle":1,"minecraft:honey_bottle":2,"minecraft:chest":1,"tetra:modular_double":1,"rechiseled:cobblestone_pulverized":2,"minecraft:netherrack":55,"minecraft:bread":3,"minecraft:crimson_pressure_plate":2,"minecraft:oak_slab":2,"tetra:scroll_rolled":9,"minecraft:cherry_log":13,"minecraft:mossy_cobblestone":2,"minecraft:stick":202,"minecraft:diorite":8,"minecraft:torch":1,"minecraft:fire_charge":9,"minecraft:smooth_quartz_slab":2,"minecraft:iron_axe":1,"minecraft:redstone":207,"minecraft:nether_brick_slab":6,"minecraft:raw_copper":2,"minecraft:tuff":56,"minecraft:raw_iron":2,"create:encased_chain_drive":2,"minecraft:crimson_button":1,"create:veridium":2,"minecraft:iron_chestplate":2,"minecraft:andesite":56,"minecraft:oak_sapling":2,"artifacts:pocket_piston":1,"minecraft:spruce_log":7,"minecraft:stone_pickaxe":1,"minecraft:raw_gold":3,"minecraft:dead_brain_coral_block":1,"minecraft:calcite":4},"minecraft:used":{"minecraft:moss_block":1,"magistuarmory:corruptedroundshield":5,"minecraft:ladder":100,"minecraft:chest":4,"minecraft:stone":1,"create:tiled_glass":64,"create:oak_window":1,"minecraft:rotten_flesh":1,"minecraft:soul_sand":4,"minecraft:spruce_boat":1,"create:layered_veridium":85,"minecraft:bow":49,"minecraft:oak_sapling":1,"minecraft:furnace":13,"minecraft:egg":22,"minecraft:potato":5,"minecraft:blackstone":4,"create:crimsite":11,"minecraft:wooden_pickaxe":87,"minecraft:cookie":3,"minecraft:golden_apple":19,"minecraft:glow_berries":11,"minecraft:sand":23,"minecraft:blast_furnace":6,"tetra:modular_double":1,"minecraft:cyan_carpet":2,"minecraft:pufferfish":1,"minecraft:nether_wart_block":8,"minecraft:diamond_sword":181,"minecraft:smithing_table":1,"minecraft:oak_boat":3,"minecraft:oak_trapdoor":6,"create:limestone":971,"minecraft:stone_sword":29,"create:veridium":330,"create:polished_cut_tuff":35,"minecraft:cooked_salmon":118,"minecraft:netherrack":159,"minecraft:torch":781,"minecraft:stone_stairs":2,"minecraft:nether_brick_slab":3,"minecraft:golden_shovel":13,"minecraft:dead_brain_coral_block":20,"minecraft:oak_fence_gate":2,"minecraft:shroomlight":15,"create:polished_cut_tuff_slab":6,"minecraft:iron_axe":313,"minecraft:spruce_button":1,"rechiseled:oak_planks_diagonal_tiles":709,"minecraft:barrel":23,"magistuarmory:diamond_chainmorgenstern":31,"create:horizontal_framed_glass":32,"minecraft:goat_horn":12,"minecraft:crimson_pressure_plate":1,"minecraft:cobbled_deepslate":183,"minecraft:golden_axe":48,"minecraft:crimson_stem":7,"minecraft:calcite":64,"minecraft:wheat_seeds":31,"minecraft:water_bucket":14,"minecraft:birch_planks":30,"minecraft:cherry_planks":15,"minecraft:gilded_blackstone":12,"minecraft:salmon":2,"minecraft:oak_slab":110,"minecraft:crafting_table":32,"minecraft:red_bed":1,"minecraft:white_bed":3,"minecraft:oak_log":229,"minecraft:diamond_pickaxe":4256,"minecraft:cornflower":1,"minecraft:diamond_shovel":371,"minecraft:iron_pickaxe":2286,"recrafted_creatures:apple_slice":22,"forbidden_arcanus:aureal_bottle":1,"minecraft:spruce_trapdoor":2,"minecraft:spruce_sapling":5,"rechiseled:oak_planks_pattern":1090,"rechiseled:birch_planks_crate":144,"minecraft:cobblestone":640,"minecraft:cooked_porkchop":10,"magistuarmory:diamond_claymore":302,"minecraft:black_candle":2,"magistuarmory:rusted_heavymace":2,"minecraft:iron_shovel":1718,"minecraft:bone_block":10,"minecraft:shield":87,"minecraft:iron_sword":228,"minecraft:white_candle":2,"minecraft:nether_bricks":15,"minecraft:tuff":18,"minecraft:axolotl_bucket":1,"minecraft:obsidian":1,"minecraft:crimson_button":2,"minecraft:iron_helmet":1,"minecraft:chiseled_polished_blackstone":9,"minecraft:stone_pickaxe":791,"minecraft:oak_planks":331,"minecraft:diamond_axe":1137,"minecraft:white_wool":7,"minecraft:crossbow":82,"minecraft:shears":20,"sophisticatedbackpacks:backpack":1,"minecraft:heavy_weighted_pressure_plate":6,"minecraft:melon_slice":3,"minecraft:bread":11,"minecraft:iron_door":3,"minecraft:deepslate":2,"minecraft:gravel":18,"forbidden_arcanus:splash_aureal_bottle":1,"rechiseled:cobblestone_pulverized":6,"minecraft:chain":2,"minecraft:cooked_rabbit":6,"minecraft:crimson_door":1,"minecraft:andesite":17,"create:small_andesite_bricks":74,"minecraft:coarse_dirt":2,"minecraft:bone_meal":6,"minecraft:golden_pickaxe":132,"minecraft:experience_bottle":1,"minecraft:oak_fence":67,"minecraft:flint_and_steel":256,"minecraft:stone_shovel":132,"minecraft:spruce_planks":25,"minecraft:cooked_chicken":23,"minecraft:dirt":292,"minecraft:spyglass":9,"minecraft:birch_door":4,"minecraft:iron_hoe":19,"minecraft:wooden_axe":34,"minecraft:crimson_slab":101,"create:vertical_framed_glass":58,"minecraft:iron_boots":2,"minecraft:crimson_planks":14,"minecraft:golden_carrot":6,"minecraft:cooked_beef":23,"minecraft:cooked_mutton":6,"create:empty_blaze_burner":1,"minecraft:baked_potato":15,"minecraft:red_nether_bricks":1,"minecraft:spruce_sign":2,"minecraft:stonecutter":2,"minecraft:green_bed":3,"minecraft:dead_fire_coral_block":75,"minecraft:smoker":4,"rechiseled:cobbled_deepslate_tiles":40,"minecraft:flower_pot":1,"minecraft:apple":174,"minecraft:cherry_door":7,"minecraft:chicken":6,"minecraft:stone_axe":59,"create:veridium_pillar":17,"minecraft:cobbled_deepslate_slab":75,"minecraft:white_banner":4,"minecraft:bucket":17,"minecraft:yellow_bed":1,"minecraft:gray_wool":2},"minecraft:custom":{"minecraft:interact_with_crafting_table":206,"minecraft:open_barrel":365,"minecraft:leave_game":27,"minecraft:time_since_death":50996,"minecraft:damage_blocked_by_shield":4786,"minecraft:deaths":68,"minecraft:play_time":1506960,"minecraft:jump":11896,"minecraft:interact_with_furnace":118,"minecraft:interact_with_cartography_table":1,"minecraft:sleep_in_bed":29,"minecraft:damage_dealt":41481,"minecraft:interact_with_smoker":54,"minecraft:interact_with_smithing_table":28,"minecraft:interact_with_anvil":1,"minecraft:damage_dealt_absorbed":80,"minecraft:sneak_time":68528,"minecraft:interact_with_blast_furnace":111,"minecraft:total_world_time":1506960,"minecraft:interact_with_stonecutter":6,"minecraft:time_since_rest":51305,"minecraft:swim_one_cm":340790,"minecraft:fly_one_cm":938588,"minecraft:open_chest":448,"minecraft:fall_one_cm":215312,"minecraft:animals_bred":10,"minecraft:sprint_one_cm":4743499,"minecraft:drop":714,"minecraft:talked_to_villager":7,"minecraft:walk_on_water_one_cm":208239,"minecraft:interact_with_loom":1,"minecraft:player_kills":22,"minecraft:crouch_one_cm":240234,"minecraft:mob_kills":211,"minecraft:climb_one_cm":52581,"minecraft:walk_one_cm":4669479,"minecraft:walk_under_water_one_cm":203658,"minecraft:pot_flower":1,"minecraft:interact_with_grindstone":1,"minecraft:damage_taken":37769,"minecraft:damage_absorbed":721},"minecraft:mined":{"minecraft:white_bed":1,"minecraft:cherry_log":239,"minecraft:red_nether_bricks":2,"minecraft:tube_coral_block":1,"minecraft:polished_blackstone_bricks":18,"minecraft:weeping_vines_plant":4,"minecraft:magma_block":18,"minecraft:fire":77,"minecraft:cobbled_deepslate":16,"minecraft:barrel":17,"minecraft:deepslate_lapis_ore":13,"rechiseled:cobblestone_pulverized":13,"minecraft:cave_vines":1,"minecraft:dirt_path":4,"minecraft:oak_stairs":2,"minecraft:white_banner":1,"create:veridium":485,"create:limestone":951,"minecraft:red_bed":1,"minecraft:smoker":4,"minecraft:crimson_nylium":3,"minecraft:soul_fire":1,"minecraft:torch":42,"minecraft:blast_furnace":5,"minecraft:nether_brick_slab":6,"minecraft:smooth_quartz_slab":2,"minecraft:white_candle":2,"minecraft:sugar_cane":14,"minecraft:white_terracotta":3,"minecraft:wheat":9,"minecraft:birch_door":3,"minecraft:grass":484,"minecraft:deepslate":253,"minecraft:infested_deepslate":1,"create:zinc_ore":19,"forbidden_arcanus:stella_arcanum":1,"minecraft:mossy_cobblestone":10,"tetra:block_geode":1,"minecraft:nether_bricks":8,"minecraft:cobbled_deepslate_slab":9,"minecraft:crimson_roots":3,"minecraft:crimson_button":1,"minecraft:moss_block":5,"minecraft:redstone_ore":3,"forbidden_arcanus:deepslate_arcane_crystal_ore":24,"rechiseled:cobbled_deepslate_tiles":12,"minecraft:andesite":267,"minecraft:vine":1,"create:veridium_pillar":2,"minecraft:bone_block":24,"minecraft:fire_coral_block":9,"minecraft:white_wool":4,"minecraft:smithing_table":1,"minecraft:oak_slab":9,"minecraft:soul_sand":2,"minecraft:potted_lily_of_the_valley":1,"minecraft:stone_brick_slab":3,"minecraft:cornflower":14,"create:small_andesite_bricks":3,"minecraft:spruce_button":1,"minecraft:emerald_ore":2,"minecraft:crimson_slab":15,"minecraft:copper_ore":5,"minecraft:tall_grass":73,"minecraft:deepslate_gold_ore":90,"minecraft:diorite":10,"create:blaze_burner":1,"minecraft:coarse_dirt":2,"minecraft:spruce_log":20,"minecraft:birch_leaves":46,"minecraft:gravel":58,"minecraft:dripstone_block":12,"minecraft:cobweb":26,"minecraft:stone_bricks":4,"minecraft:gold_ore":18,"minecraft:fern":1,"minecraft:infested_stone":2,"create:deepslate_zinc_ore":14,"minecraft:spruce_planks":8,"rechiseled:birch_planks_crate":15,"create:horizontal_framed_glass":5,"minecraft:spruce_trapdoor":2,"minecraft:cave_vines_plant":1,"minecraft:grass_block":1017,"minecraft:infested_cobblestone":2,"minecraft:cracked_polished_blackstone_bricks":7,"rechiseled:oak_planks_diagonal_tiles":34,"create:tiled_glass":8,"minecraft:gilded_blackstone":4,"create:vertical_framed_glass":4,"minecraft:red_nether_brick_stairs":1,"minecraft:iron_ore":227,"create:asurine":5,"minecraft:pointed_dripstone":1,"minecraft:black_candle":2,"minecraft:brain_coral_block":19,"minecraft:green_bed":4,"minecraft:deepslate_redstone_ore":49,"minecraft:blackstone":12,"minecraft:clay":6,"minecraft:calcite":122,"minecraft:chest":28,"minecraft:nether_quartz_ore":96,"minecraft:cobblestone":287,"minecraft:oak_planks":191,"minecraft:wall_torch":38,"minecraft:pink_petals":8,"minecraft:seagrass":9,"minecraft:stone_stairs":5,"specialmobs:infested_fire_coral_block":23,"minecraft:nether_wart_block":17,"minecraft:birch_log":401,"minecraft:cherry_door":5,"minecraft:oak_log":94,"minecraft:dirt":874,"minecraft:sand":356,"create:polished_cut_tuff":10,"minecraft:crimson_planks":14,"minecraft:netherrack":228,"create:crimsite":35,"minecraft:oak_leaves":37,"minecraft:tuff":100,"create:oak_window":1,"minecraft:deepslate_diamond_ore":36,"gravestone:gravestone":65,"minecraft:glow_lichen":2,"minecraft:ladder":32,"minecraft:decorated_pot":1,"create:ochrum":3,"specialmobs:infested_brain_coral_block":7,"minecraft:spruce_leaves":24,"minecraft:crimson_stem":41,"minecraft:large_fern":1,"forbidden_arcanus:arcane_crystal_ore":2,"minecraft:oak_trapdoor":4,"minecraft:furnace":9,"create:scorchia":1,"minecraft:peony":3,"minecraft:gold_block":6,"minecraft:nether_brick_fence":2,"minecraft:bookshelf":2,"minecraft:shroomlight":16,"minecraft:deepslate_iron_ore":172,"minecraft:stone":3116,"rechiseled:oak_planks_pattern":63,"minecraft:basalt":1,"minecraft:oak_fence":17,"minecraft:crafting_table":16,"minecraft:andesite_slab":1,"minecraft:stone_slab":2,"minecraft:lapis_ore":15,"forbidden_arcanus:petrified_root":4,"minecraft:polished_blackstone_brick_stairs":1,"minecraft:birch_planks":79,"minecraft:dead_fire_coral_block":119,"forbidden_arcanus:xpetrified_ore":34,"minecraft:sea_pickle":8,"create:layered_veridium":25,"minecraft:yellow_bed":1,"minecraft:dead_brain_coral_block":22,"minecraft:coal_ore":260,"create:birch_window":1,"minecraft:cherry_leaves":39,"minecraft:cyan_carpet":2,"forbidden_arcanus:runic_deepslate":1},"minecraft:killed_by":{"minecraft:piglin_brute":1,"specialmobs:creeper":2,"specialmobs:hungryzombie":3,"specialmobs:witherskeleton":5,"specialmobs:knightskeleton":1,"specialmobs:skeleton":5,"specialmobs:zombifiedpiglin":2,"specialmobs:ghast":1,"artifacts:mimic":1,"specialmobs:sniperwitherskeleton":1,"minecraft:player":28,"specialmobs:enderman":1,"specialmobs:weatheredskeleton":2,"specialmobs:deathcreeper":1,"specialmobs:gatlingskeleton":1,"specialmobs:gatlingwitherskeleton":1,"specialmobs:zombie":3,"specialmobs:firecavespider":1,"specialmobs:bruteskeleton":1},"minecraft:killed":{"specialmobs:giantskeleton":2,"specialmobs:zombifiedpiglin":1,"minecraft:pufferfish":1,"minecraft:chicken":24,"specialmobs:infernoblaze":1,"specialmobs:firespider":1,"specialmobs:puffersilverfish":18,"specialmobs:fishingzombie":3,"minecraft:salmon":10,"minecraft:pillager":10,"specialmobs:giantzombie":1,"recrafted_creatures:owl":2,"specialmobs:cavespider":4,"minecraft:cow":14,"specialmobs:deathcreeper":1,"specialmobs:firecreeper":1,"specialmobs:jumpingcreeper":1,"specialmobs:zombie":14,"specialmobs:joltblaze":1,"specialmobs:blaze":2,"specialmobs:witherskeleton":4,"specialmobs:creeper":3,"specialmobs:webcavespider":1,"specialmobs:weatheredskeleton":1,"specialmobs:brutezombie":2,"specialmobs:plaguedrowned":1,"specialmobs:skeleton":14,"specialmobs:emberblaze":1,"minecraft:piglin":1,"specialmobs:gatlingwitherskeleton":1,"minecraft:pig":9,"specialmobs:firecavespider":1,"specialmobs:watercavespider":3,"minecraft:sheep":1,"specialmobs:babyghast":1,"specialmobs:fishingsilverfish":1,"specialmobs:gatlingskeleton":1,"specialmobs:spider":4,"specialmobs:knightwitherskeleton":2,"minecraft:phantom":12,"specialmobs:plaguezombie":2,"specialmobs:waterspider":3,"recrafted_creatures:marmot":1,"specialmobs:hungryzombie":4,"minecraft:hoglin":2,"specialmobs:firezombie":6,"specialmobs:lightningcreeper":1,"specialmobs:drowned":4,"specialmobs:giantdrowned":1},"minecraft:broken":{"minecraft:golden_boots":1,"minecraft:diamond_helmet":1,"minecraft:iron_boots":1,"minecraft:iron_leggings":3,"minecraft:diamond_pickaxe":3,"magistuarmory:rustedchainmail_boots":2,"magistuarmory:rustedkettlehat":1,"magistuarmory:corruptedroundshield":1,"magistuarmory:rustedgreathelm":1,"minecraft:wooden_pickaxe":1,"minecraft:shield":2,"immersive_armors:heavy_chestplate":1,"minecraft:iron_axe":1,"minecraft:iron_pickaxe":8,"minecraft:iron_helmet":1,"magistuarmory:rustedbarbute":1,"minecraft:iron_shovel":6,"minecraft:golden_shovel":1,"minecraft:stone_pickaxe":6,"minecraft:stone_shovel":1,"magistuarmory:rustedhalfarmor_chestplate":2,"minecraft:flint_and_steel":4,"minecraft:golden_axe":2,"minecraft:golden_pickaxe":2},"minecraft:crafted":{"minecraft:smooth_stone":7,"minecraft:chain":4,"minecraft:diamond_shovel":1,"minecraft:cooked_mutton":5,"minecraft:glass":114,"minecraft:diamond_helmet":2,"minecraft:diamond_leggings":1,"sophisticatedbackpacks:copper_backpack":1,"minecraft:iron_door":3,"minecraft:birch_door":3,"create:small_andesite_bricks":8,"minecraft:cooked_rabbit":6,"minecraft:golden_axe":1,"minecraft:cooked_porkchop":11,"minecraft:diamond_axe":1,"minecraft:copper_ingot":35,"minecraft:iron_pickaxe":11,"minecraft:gold_ingot":242,"minecraft:golden_carrot":14,"minecraft:stone_shovel":1,"minecraft:iron_nugget":18,"create:white_sail":4,"minecraft:bone_meal":63,"minecraft:ladder":39,"minecraft:stone_pickaxe":5,"minecraft:diamond_boots":1,"minecraft:spruce_boat":1,"minecraft:crimson_slab":90,"sophisticatedbackpacks:gold_backpack":1,"minecraft:oak_fence_gate":2,"create:polished_cut_tuff_slab":6,"minecraft:golden_apple":25,"magistuarmory:diamond_claymore":1,"minecraft:wooden_axe":1,"minecraft:oak_stairs":4,"minecraft:iron_shovel":7,"minecraft:iron_leggings":3,"minecraft:white_bed":2,"minecraft:oak_planks":2107,"minecraft:barrel":9,"minecraft:cherry_slab":6,"minecraft:cooked_chicken":24,"minecraft:stone":73,"minecraft:heavy_weighted_pressure_plate":6,"minecraft:iron_boots":3,"minecraft:chest":4,"minecraft:oak_fence":54,"minecraft:golden_boots":2,"minecraft:oak_slab":186,"magistuarmory:diamond_shortsword":1,"minecraft:arrow":104,"sophisticatedbackpacks:backpack":1,"minecraft:crafting_table":18,"minecraft:spruce_planks":60,"minecraft:iron_helmet":3,"minecraft:wooden_pickaxe":1,"minecraft:baked_potato":19,"minecraft:crimson_pressure_plate":2,"minecraft:birch_planks":284,"minecraft:spruce_trapdoor":2,"minecraft:iron_chestplate":2,"minecraft:diamond_pickaxe":2,"minecraft:shield":4,"minecraft:stick":292,"minecraft:iron_ingot":393,"minecraft:stone_sword":2,"minecraft:shears":2,"magistuarmory:leather_strip":6,"minecraft:cherry_planks":232,"minecraft:cobbled_deepslate_slab":66,"minecraft:spruce_button":1,"minecraft:blast_furnace":1,"minecraft:furnace":7,"minecraft:crimson_button":2,"create:oak_window":20,"minecraft:oak_trapdoor":2,"minecraft:flint_and_steel":4,"magistuarmory:hilt":1,"minecraft:iron_axe":2,"minecraft:iron_hoe":1,"sophisticatedbackpacks:iron_backpack":1,"minecraft:cooked_beef":23,"minecraft:crimson_planks":72,"create:andesite_alloy":32,"recrafted_creatures:apple_slice":180,"minecraft:diamond_sword":2,"minecraft:iron_sword":2,"minecraft:bucket":2,"minecraft:stone_axe":1,"minecraft:air":0,"minecraft:bread":2,"minecraft:oak_boat":2,"minecraft:white_wool":9,"minecraft:gold_nugget":234,"minecraft:raw_gold":9,"minecraft:cherry_door":3,"minecraft:stonecutter":2,"minecraft:crimson_door":3,"minecraft:torch":796,"minecraft:diamond_chestplate":1},"minecraft:picked_up":{"minecraft:birch_door":3,"minecraft:iron_chestplate":2,"minecraft:flower_pot":1,"minecraft:smithing_table":1,"minecraft:stone_slab":2,"minecraft:diamond_sword":2,"minecraft:oak_stairs":2,"rechiseled:birch_planks_crate":15,"minecraft:enchanted_book":6,"minecraft:golden_shovel":2,"forbidden_arcanus:xpetrified_orb":33,"minecraft:string":58,"create:limestone":947,"minecraft:cooked_salmon":138,"minecraft:red_nether_bricks":2,"minecraft:pufferfish":5,"minecraft:shroomlight":16,"minecraft:gold_nugget":8,"minecraft:cobbled_deepslate":286,"minecraft:spruce_planks":55,"minecraft:crimson_pressure_plate":1,"forbidden_arcanus:aureal_bottle":1,"minecraft:green_bed":5,"magistuarmory:rusted_heavymace":2,"minecraft:golden_axe":1,"minecraft:cherry_log":263,"minecraft:warped_button":1,"minecraft:golden_chestplate":2,"minecraft:chiseled_nether_bricks":1,"minecraft:stone_sword":2,"artifacts:lucky_scarf":1,"forbidden_arcanus:splash_aureal_bottle":2,"create:ochrum":1,"minecraft:white_terracotta":3,"minecraft:birch_log":391,"minecraft:feather":40,"magistuarmory:rustedchainmail_boots":3,"minecraft:smoker":4,"minecraft:flint":21,"minecraft:cherry_door":9,"create:encased_chain_drive":2,"tetra:scroll_rolled":12,"rechiseled:chisel":1,"minecraft:moss_block":4,"minecraft:chiseled_polished_blackstone":1,"create:empty_blaze_burner":1,"sophisticatedbackpacks:iron_backpack":1,"minecraft:fermented_spider_eye":2,"create:tiled_glass":9,"minecraft:barrel":22,"minecraft:iron_hoe":2,"create:small_andesite_bricks":2,"minecraft:white_candle":2,"create:crimsite":35,"minecraft:deepslate":2,"minecraft:writable_book":3,"minecraft:dead_brain_coral_block":22,"minecraft:spruce_button":1,"minecraft:bread":5,"minecraft:crimson_roots":2,"minecraft:diamond_pickaxe":6,"rechiseled:oak_planks_diagonal_tiles":49,"minecraft:coarse_dirt":2,"minecraft:crafting_table":16,"minecraft:clay_ball":24,"gravestone:obituary":30,"minecraft:cornflower":45,"minecraft:red_bed":1,"create:scorchia":2,"minecraft:iron_shovel":2,"minecraft:beef":30,"minecraft:iron_nugget":3,"minecraft:chest":28,"minecraft:birch_sapling":39,"create:veridium_pillar":1,"minecraft:egg":23,"magistuarmory:rustedbarbute":1,"sophisticatedbackpacks:backpack":5,"minecraft:fire_charge":9,"minecraft:redstone":235,"minecraft:decorated_pot":1,"minecraft:peony":2,"artifacts:snowshoes":1,"artifacts:pocket_piston":1,"minecraft:gold_ingot":40,"minecraft:rail":10,"minecraft:glow_berries":10,"minecraft:mutton":2,"rechiseled:cobblestone_pulverized":10,"minecraft:white_wool":116,"minecraft:bone_block":24,"minecraft:crimson_slab":16,"magistuarmory:rustedhalfarmor_chestplate":1,"minecraft:oak_log":200,"minecraft:golden_boots":5,"minecraft:paper":8,"minecraft:white_banner":5,"immersive_armors:heavy_chestplate":1,"minecraft:apple":58,"minecraft:stone_bricks":4,"minecraft:stone_pickaxe":2,"minecraft:glass_bottle":1,"minecraft:spyglass":4,"minecraft:gravel":54,"minecraft:dead_fire_coral_block":118,"magistuarmory:rustednorman_helmet":1,"minecraft:spruce_sapling":10,"minecraft:spruce_log":20,"magistuarmory:rustedchainmail_leggings":1,"forbidden_arcanus:arcane_crystal":56,"tetra:geode":2,"minecraft:diamond_axe":2,"minecraft:gray_wool":2,"minecraft:smooth_quartz_slab":2,"minecraft:wheat":9,"minecraft:nether_brick_fence":4,"minecraft:potion":1,"minecraft:gilded_blackstone":10,"minecraft:nether_brick":2,"minecraft:crimson_planks":21,"minecraft:raw_copper":30,"minecraft:sea_pickle":8,"minecraft:calcite":116,"minecraft:iron_pickaxe":2,"minecraft:iron_boots":1,"minecraft:furnace":12,"minecraft:stick":219,"minecraft:oak_fence":19,"minecraft:torch":244,"minecraft:porkchop":18,"minecraft:crimson_button":3,"create:polished_cut_tuff":11,"rechiseled:cobbled_deepslate_tiles":10,"minecraft:pointed_dripstone":2,"minecraft:diorite":8,"minecraft:rotten_flesh":18,"create:asurine":5,"create:veridium":487,"minecraft:obsidian":9,"minecraft:cobblestone":3300,"forbidden_arcanus:stellarite_piece":1,"minecraft:pink_petals":5,"minecraft:cherry_planks":97,"minecraft:andesite":284,"minecraft:golden_leggings":2,"minecraft:tuff":113,"create:raw_zinc":56,"artifacts:flame_pendant":4,"minecraft:lapis_lazuli":341,"minecraft:dirt":1803,"minecraft:leather_boots":1,"minecraft:glass":344,"minecraft:bone":17,"minecraft:bow":4,"minecraft:wheat_seeds":87,"minecraft:raw_gold":110,"minecraft:cobbled_deepslate_slab":12,"minecraft:powered_rail":4,"minecraft:oak_planks":253,"create:layered_veridium":25,"tetra:modular_double":1,"minecraft:sand":462,"minecraft:lily_of_the_valley":1,"magistuarmory:rustedgreathelm":1,"minecraft:spectral_arrow":19,"minecraft:mossy_cobblestone":8,"magistuarmory:diamond_chainmorgenstern":1,"minecraft:diamond":57,"magistuarmory:corruptedroundshield":1,"minecraft:bone_meal":6,"minecraft:grass":36,"minecraft:golden_apple":22,"minecraft:spruce_sign":2,"minecraft:emerald":2,"minecraft:oak_sapling":7,"minecraft:netherrack":219,"minecraft:andesite_slab":1,"minecraft:chicken":29,"minecraft:ladder":91,"minecraft:gold_block":8,"minecraft:oak_trapdoor":4,"minecraft:stone_stairs":8,"minecraft:moss_carpet":5,"minecraft:item_frame":11,"minecraft:cyan_carpet":15,"minecraft:blackstone":17,"minecraft:oak_boat":2,"minecraft:light_gray_wool":2,"minecraft:sugar_cane":28,"minecraft:spruce_trapdoor":2,"minecraft:phantom_membrane":8,"minecraft:raw_iron":451,"forbidden_arcanus:bat_wing":2,"magistuarmory:rustedkettlehat":1,"create:hand_crank":1,"minecraft:arrow":48,"minecraft:weeping_vines":8,"minecraft:nether_bricks":16,"minecraft:saddle":2,"minecraft:crimson_stem":64,"minecraft:glow_ink_sac":8,"minecraft:salmon":6,"minecraft:leather":38,"minecraft:birch_planks":128,"artifacts:onion_ring":1,"create:andesite_alloy":5,"artifacts:superstitious_hat":1,"minecraft:yellow_bed":1,"minecraft:nether_wart_block":12,"minecraft:gunpowder":122,"recrafted_creatures:apple_slice":2,"minecraft:iron_ingot":106,"minecraft:soul_sand":13,"minecraft:book":32,"minecraft:oak_slab":15,"minecraft:black_candle":2,"minecraft:stone_brick_slab":3,"minecraft:quartz":92,"minecraft:dripstone_block":9,"minecraft:blast_furnace":5,"minecraft:white_bed":1,"minecraft:nether_brick_slab":9,"minecraft:spider_eye":2,"magistuarmory:rusted_bastardsword":1,"create:zinc_nugget":64,"minecraft:iron_helmet":1,"minecraft:cherry_sapling":65,"rechiseled:oak_planks_pattern":60,"minecraft:coal":343}},"DataVersion":3465}