{"stats":{"minecraft:custom":{"minecraft:interact_with_crafting_table":126,"minecraft:open_barrel":228,"minecraft:leave_game":13,"minecraft:time_since_death":66301,"minecraft:sprint_one_cm":3098047,"minecraft:damage_blocked_by_shield":4666,"minecraft:drop":443,"minecraft:talked_to_villager":7,"minecraft:play_time":976971,"minecraft:deaths":66,"minecraft:jump":9000,"minecraft:walk_on_water_one_cm":162140,"minecraft:interact_with_furnace":100,"minecraft:interact_with_cartography_table":1,"minecraft:interact_with_loom":1,"minecraft:sleep_in_bed":19,"minecraft:damage_dealt":31493,"minecraft:player_kills":21,"minecraft:crouch_one_cm":83467,"minecraft:interact_with_smoker":39,"minecraft:interact_with_smithing_table":13,"minecraft:interact_with_anvil":1,"minecraft:mob_kills":140,"minecraft:climb_one_cm":25529,"minecraft:walk_one_cm":3018185,"minecraft:damage_dealt_absorbed":80,"minecraft:sneak_time":34623,"minecraft:walk_under_water_one_cm":115471,"minecraft:interact_with_blast_furnace":85,"minecraft:total_world_time":976971,"minecraft:pot_flower":1,"minecraft:interact_with_grindstone":1,"minecraft:interact_with_stonecutter":6,"minecraft:time_since_rest":66350,"minecraft:damage_absorbed":439,"minecraft:damage_taken":31423,"minecraft:swim_one_cm":202994,"minecraft:fly_one_cm":697862,"minecraft:open_chest":310,"minecraft:fall_one_cm":159819},"minecraft:dropped":{"minecraft:nether_brick_stairs":12,"minecraft:iron_sword":3,"minecraft:moss_block":3,"minecraft:porkchop":3,"minecraft:lapis_lazuli":24,"minecraft:oak_log":7,"minecraft:glow_ink_sac":8,"minecraft:diamond":5,"minecraft:glass_bottle":2,"minecraft:crafting_table":1,"minecraft:leather":15,"create:crimsite":21,"minecraft:saddle":1,"minecraft:rail":3,"minecraft:item_frame":11,"minecraft:flint":6,"minecraft:dirt":944,"minecraft:grass":18,"minecraft:cornflower":14,"create:scorchia":2,"gravestone:obituary":86,"minecraft:gold_nugget":12,"create:iron_sheet":1,"minecraft:iron_pickaxe":3,"minecraft:fermented_spider_eye":2,"minecraft:cherry_door":1,"minecraft:white_wool":4,"minecraft:cyan_carpet":13,"minecraft:gold_ingot":36,"minecraft:bone":2,"magistuarmory:rustedchainmail_leggings":1,"minecraft:gravel":27,"minecraft:chiseled_polished_blackstone":1,"minecraft:stone_axe":1,"minecraft:compass":1,"minecraft:blackstone":17,"minecraft:golden_chestplate":4,"minecraft:spyglass":4,"minecraft:iron_nugget":6,"minecraft:cobbled_deepslate":112,"minecraft:nether_brick":2,"minecraft:wheat":2,"minecraft:pointed_dripstone":2,"minecraft:obsidian":10,"minecraft:oak_planks":1,"minecraft:rotten_flesh":6,"forbidden_arcanus:aureal_bottle":1,"minecraft:honey_bottle":2,"minecraft:golden_shovel":1,"magistuarmory:leather_strip":5,"create:white_sail":4,"minecraft:dead_fire_coral_block":4,"minecraft:salmon":1,"minecraft:leather_boots":2,"minecraft:chest":1,"forbidden_arcanus:arcane_crystal":4,"minecraft:red_nether_bricks":1,"tetra:modular_double":1,"minecraft:crimson_planks":14,"minecraft:netherrack":55,"minecraft:egg":1,"minecraft:bread":3,"minecraft:golden_boots":4,"minecraft:iron_ingot":82,"minecraft:chiseled_nether_bricks":1,"minecraft:wheat_seeds":14,"minecraft:cherry_log":13,"minecraft:mossy_cobblestone":2,"minecraft:dripstone_block":9,"minecraft:book":2,"minecraft:iron_helmet":1,"minecraft:cobblestone":463,"forbidden_arcanus:stellarite_piece":1,"forbidden_arcanus:xpetrified_orb":12,"minecraft:apple":26,"minecraft:stick":3,"minecraft:pufferfish":1,"artifacts:lucky_scarf":1,"minecraft:diorite":8,"minecraft:torch":1,"minecraft:cherry_planks":17,"minecraft:cooked_salmon":9,"minecraft:potion":1,"minecraft:fire_charge":9,"minecraft:smooth_quartz_slab":2,"minecraft:oak_stairs":2,"minecraft:iron_shovel":1,"minecraft:spruce_sapling":2,"minecraft:string":10,"minecraft:paper":6,"create:raw_zinc":36,"minecraft:stone_brick_slab":3,"minecraft:redstone":207,"minecraft:nether_brick_slab":6,"minecraft:furnace":1,"minecraft:moss_carpet":2,"create:ochrum":1,"minecraft:raw_copper":2,"minecraft:stone_sword":3,"minecraft:green_bed":1,"minecraft:tuff":56,"minecraft:raw_iron":2,"create:encased_chain_drive":2,"minecraft:clay_ball":24,"minecraft:iron_boots":3,"sophisticatedbackpacks:backpack":1,"magistuarmory:rusted_heavymace":1,"minecraft:white_terracotta":1,"forbidden_arcanus:bat_wing":4,"minecraft:nether_bricks":1,"minecraft:diamond_sword":1,"minecraft:sea_pickle":1,"minecraft:iron_chestplate":2,"minecraft:diamond_pickaxe":3,"minecraft:andesite":55,"minecraft:oak_sapling":2,"artifacts:pocket_piston":1,"create:hand_crank":1,"minecraft:warped_button":1,"minecraft:spider_eye":1,"minecraft:spruce_log":7,"minecraft:bow":1,"minecraft:stone_pickaxe":1,"minecraft:raw_gold":3,"minecraft:dead_brain_coral_block":1,"minecraft:calcite":4},"minecraft:mined":{"create:deepslate_zinc_ore":14,"minecraft:spruce_planks":1,"minecraft:white_bed":1,"minecraft:cherry_log":239,"minecraft:red_nether_bricks":2,"minecraft:cave_vines_plant":1,"minecraft:grass_block":910,"minecraft:infested_cobblestone":2,"minecraft:cracked_polished_blackstone_bricks":7,"minecraft:tube_coral_block":1,"minecraft:polished_blackstone_bricks":18,"minecraft:magma_block":18,"minecraft:red_nether_brick_stairs":1,"minecraft:cobbled_deepslate":16,"minecraft:iron_ore":227,"minecraft:fire":64,"minecraft:deepslate_lapis_ore":13,"rechiseled:cobblestone_pulverized":4,"create:asurine":5,"minecraft:pointed_dripstone":1,"minecraft:cave_vines":1,"minecraft:dirt_path":4,"minecraft:oak_stairs":2,"minecraft:brain_coral_block":19,"create:limestone":915,"minecraft:green_bed":4,"minecraft:deepslate_redstone_ore":49,"minecraft:blackstone":12,"minecraft:red_bed":1,"minecraft:smoker":4,"minecraft:crimson_nylium":3,"minecraft:soul_fire":1,"minecraft:clay":6,"minecraft:torch":20,"minecraft:blast_furnace":5,"minecraft:calcite":118,"minecraft:chest":6,"minecraft:nether_brick_slab":6,"minecraft:smooth_quartz_slab":2,"minecraft:nether_quartz_ore":96,"minecraft:cobblestone":187,"minecraft:oak_planks":9,"minecraft:wall_torch":11,"minecraft:pink_petals":4,"minecraft:seagrass":1,"minecraft:white_terracotta":1,"specialmobs:infested_fire_coral_block":4,"minecraft:nether_wart_block":6,"minecraft:birch_log":7,"minecraft:cherry_door":5,"minecraft:grass":154,"minecraft:oak_log":28,"minecraft:sand":52,"minecraft:dirt":829,"minecraft:netherrack":227,"create:crimsite":35,"minecraft:oak_leaves":31,"minecraft:deepslate":253,"minecraft:infested_deepslate":1,"create:zinc_ore":19,"minecraft:tuff":97,"forbidden_arcanus:stella_arcanum":1,"minecraft:mossy_cobblestone":10,"minecraft:deepslate_diamond_ore":36,"tetra:block_geode":1,"minecraft:glow_lichen":2,"minecraft:nether_bricks":8,"gravestone:gravestone":63,"minecraft:decorated_pot":1,"create:ochrum":3,"specialmobs:infested_brain_coral_block":6,"minecraft:spruce_leaves":12,"minecraft:moss_block":5,"minecraft:large_fern":1,"forbidden_arcanus:arcane_crystal_ore":2,"minecraft:redstone_ore":3,"forbidden_arcanus:deepslate_arcane_crystal_ore":24,"minecraft:furnace":9,"minecraft:andesite":266,"create:scorchia":1,"minecraft:peony":2,"minecraft:gold_block":6,"minecraft:nether_brick_fence":1,"minecraft:bookshelf":2,"minecraft:deepslate_iron_ore":172,"minecraft:vine":1,"minecraft:stone":2635,"minecraft:bone_block":15,"minecraft:fire_coral_block":6,"minecraft:white_wool":4,"minecraft:smithing_table":1,"minecraft:potted_lily_of_the_valley":1,"minecraft:basalt":1,"minecraft:stone_brick_slab":3,"minecraft:crafting_table":7,"minecraft:cornflower":5,"create:small_andesite_bricks":3,"minecraft:emerald_ore":2,"minecraft:andesite_slab":1,"minecraft:stone_slab":2,"minecraft:copper_ore":5,"minecraft:tall_grass":18,"minecraft:deepslate_gold_ore":90,"minecraft:lapis_ore":15,"forbidden_arcanus:petrified_root":4,"minecraft:polished_blackstone_brick_stairs":1,"minecraft:diorite":10,"create:blaze_burner":1,"minecraft:dead_fire_coral_block":6,"minecraft:coarse_dirt":1,"forbidden_arcanus:xpetrified_ore":34,"minecraft:spruce_log":7,"minecraft:dead_brain_coral_block":7,"minecraft:coal_ore":260,"minecraft:cherry_leaves":39,"minecraft:gravel":33,"minecraft:dripstone_block":12,"minecraft:cobweb":26,"minecraft:stone_bricks":4,"minecraft:gold_ore":18,"forbidden_arcanus:runic_deepslate":1,"minecraft:fern":1},"minecraft:killed_by":{"minecraft:piglin_brute":1,"specialmobs:skeleton":4,"specialmobs:zombifiedpiglin":2,"specialmobs:ghast":1,"artifacts:mimic":1,"specialmobs:sniperwitherskeleton":1,"specialmobs:creeper":2,"minecraft:player":28,"specialmobs:enderman":1,"specialmobs:hungryzombie":3,"specialmobs:weatheredskeleton":2,"specialmobs:deathcreeper":1,"specialmobs:gatlingwitherskeleton":1,"specialmobs:gatlingskeleton":1,"specialmobs:zombie":3,"specialmobs:firecavespider":1,"specialmobs:witherskeleton":5,"specialmobs:bruteskeleton":1,"specialmobs:knightskeleton":1},"minecraft:picked_up":{"minecraft:iron_chestplate":1,"minecraft:nether_brick_fence":4,"minecraft:flower_pot":1,"minecraft:smithing_table":1,"minecraft:stone_slab":2,"minecraft:oak_stairs":2,"minecraft:potion":1,"minecraft:golden_shovel":1,"minecraft:gilded_blackstone":6,"minecraft:nether_brick":2,"minecraft:crimson_planks":7,"forbidden_arcanus:xpetrified_orb":33,"minecraft:string":46,"minecraft:raw_copper":30,"create:limestone":912,"minecraft:cooked_salmon":138,"minecraft:red_nether_bricks":2,"minecraft:pufferfish":2,"minecraft:sea_pickle":1,"minecraft:gold_nugget":8,"minecraft:cobbled_deepslate":279,"minecraft:spruce_planks":1,"minecraft:calcite":112,"minecraft:iron_pickaxe":1,"minecraft:iron_boots":1,"minecraft:furnace":9,"minecraft:stick":65,"forbidden_arcanus:aureal_bottle":1,"minecraft:torch":96,"minecraft:green_bed":5,"minecraft:porkchop":18,"magistuarmory:rusted_heavymace":2,"minecraft:golden_axe":1,"minecraft:cherry_log":263,"minecraft:pointed_dripstone":2,"minecraft:diorite":8,"minecraft:warped_button":1,"minecraft:golden_chestplate":2,"minecraft:chiseled_nether_bricks":1,"minecraft:stone_sword":2,"artifacts:lucky_scarf":1,"minecraft:rotten_flesh":8,"create:ochrum":1,"create:asurine":5,"minecraft:white_terracotta":1,"minecraft:obsidian":3,"minecraft:cobblestone":2605,"minecraft:birch_log":7,"forbidden_arcanus:stellarite_piece":1,"minecraft:pink_petals":5,"minecraft:feather":13,"magistuarmory:rustedchainmail_boots":3,"minecraft:cherry_planks":17,"minecraft:andesite":283,"minecraft:smoker":4,"minecraft:flint":14,"minecraft:tuff":110,"create:raw_zinc":56,"artifacts:flame_pendant":4,"minecraft:lapis_lazuli":97,"minecraft:cherry_door":6,"minecraft:dirt":1713,"create:encased_chain_drive":2,"minecraft:leather_boots":1,"tetra:scroll_rolled":3,"minecraft:bone":15,"minecraft:bow":3,"minecraft:wheat_seeds":25,"minecraft:raw_gold":110,"minecraft:powered_rail":4,"minecraft:moss_block":4,"minecraft:oak_planks":7,"minecraft:chiseled_polished_blackstone":1,"tetra:modular_double":1,"create:empty_blaze_burner":1,"minecraft:sand":50,"minecraft:fermented_spider_eye":2,"minecraft:lily_of_the_valley":1,"magistuarmory:rustedgreathelm":1,"minecraft:spectral_arrow":19,"minecraft:mossy_cobblestone":8,"magistuarmory:diamond_chainmorgenstern":1,"create:small_andesite_bricks":2,"create:crimsite":35,"minecraft:deepslate":2,"minecraft:diamond":45,"minecraft:writable_book":1,"minecraft:dead_brain_coral_block":15,"magistuarmory:corruptedroundshield":1,"minecraft:bone_meal":6,"minecraft:grass":18,"minecraft:golden_apple":1,"minecraft:spruce_sign":2,"minecraft:emerald":2,"minecraft:bread":5,"minecraft:oak_sapling":7,"minecraft:netherrack":218,"minecraft:andesite_slab":1,"minecraft:diamond_pickaxe":4,"minecraft:crafting_table":7,"minecraft:coarse_dirt":1,"minecraft:chicken":9,"minecraft:clay_ball":24,"minecraft:gold_block":8,"gravestone:obituary":30,"minecraft:cornflower":34,"minecraft:moss_carpet":2,"minecraft:red_bed":1,"minecraft:iron_shovel":1,"minecraft:item_frame":11,"create:scorchia":2,"minecraft:blackstone":17,"minecraft:cyan_carpet":13,"minecraft:beef":27,"minecraft:light_gray_wool":2,"minecraft:chest":6,"minecraft:birch_sapling":2,"minecraft:egg":5,"minecraft:raw_iron":451,"forbidden_arcanus:bat_wing":2,"magistuarmory:rustedbarbute":1,"sophisticatedbackpacks:backpack":5,"minecraft:fire_charge":9,"magistuarmory:rustedkettlehat":1,"create:hand_crank":1,"minecraft:redstone":235,"minecraft:arrow":48,"minecraft:decorated_pot":1,"minecraft:peony":2,"minecraft:nether_bricks":16,"artifacts:snowshoes":1,"minecraft:gold_ingot":34,"minecraft:saddle":2,"artifacts:pocket_piston":1,"minecraft:glow_berries":10,"minecraft:mutton":2,"minecraft:bone_block":15,"minecraft:rail":10,"minecraft:white_wool":116,"rechiseled:cobblestone_pulverized":4,"magistuarmory:rustedhalfarmor_chestplate":1,"minecraft:glow_ink_sac":8,"minecraft:salmon":5,"minecraft:leather":32,"artifacts:onion_ring":1,"create:andesite_alloy":5,"minecraft:oak_log":28,"artifacts:superstitious_hat":1,"minecraft:golden_boots":4,"minecraft:nether_wart_block":5,"minecraft:gunpowder":12,"minecraft:paper":8,"minecraft:white_banner":2,"immersive_armors:heavy_chestplate":1,"minecraft:apple":58,"minecraft:stone_bricks":4,"minecraft:stone_pickaxe":2,"minecraft:iron_ingot":3,"minecraft:glass_bottle":1,"minecraft:soul_sand":11,"minecraft:book":12,"minecraft:stone_brick_slab":3,"minecraft:quartz":92,"minecraft:spyglass":4,"minecraft:dripstone_block":9,"minecraft:gravel":30,"minecraft:dead_fire_coral_block":12,"minecraft:spruce_sapling":7,"minecraft:blast_furnace":5,"minecraft:white_bed":1,"minecraft:spruce_log":7,"minecraft:nether_brick_slab":9,"magistuarmory:rustedchainmail_leggings":1,"minecraft:spider_eye":1,"forbidden_arcanus:arcane_crystal":30,"tetra:geode":2,"create:zinc_nugget":64,"minecraft:iron_helmet":1,"minecraft:cherry_sapling":65,"minecraft:gray_wool":2,"minecraft:coal":342,"minecraft:smooth_quartz_slab":2},"minecraft:broken":{"minecraft:iron_shovel":6,"minecraft:golden_boots":1,"minecraft:diamond_helmet":1,"minecraft:iron_boots":1,"minecraft:iron_leggings":3,"minecraft:stone_pickaxe":6,"minecraft:diamond_pickaxe":2,"minecraft:stone_shovel":1,"magistuarmory:rustedhalfarmor_chestplate":2,"magistuarmory:rustedchainmail_boots":2,"magistuarmory:rustedkettlehat":1,"magistuarmory:corruptedroundshield":1,"minecraft:flint_and_steel":1,"magistuarmory:rustedgreathelm":1,"minecraft:wooden_pickaxe":1,"minecraft:shield":2,"immersive_armors:heavy_chestplate":1,"minecraft:golden_axe":2,"minecraft:iron_axe":1,"minecraft:iron_pickaxe":8,"minecraft:iron_helmet":1,"minecraft:golden_pickaxe":2,"magistuarmory:rustedbarbute":1},"minecraft:killed":{"specialmobs:zombifiedpiglin":1,"specialmobs:emberblaze":1,"specialmobs:skeleton":13,"minecraft:pufferfish":1,"minecraft:chicken":9,"specialmobs:infernoblaze":1,"specialmobs:firespider":1,"specialmobs:puffersilverfish":10,"minecraft:piglin":1,"specialmobs:gatlingwitherskeleton":1,"specialmobs:fishingzombie":3,"minecraft:pig":9,"minecraft:salmon":10,"specialmobs:watercavespider":2,"minecraft:sheep":1,"specialmobs:babyghast":1,"minecraft:pillager":6,"specialmobs:fishingsilverfish":1,"specialmobs:gatlingskeleton":1,"specialmobs:giantzombie":1,"recrafted_creatures:owl":2,"specialmobs:spider":4,"specialmobs:cavespider":4,"minecraft:cow":13,"specialmobs:deathcreeper":1,"specialmobs:knightwitherskeleton":2,"specialmobs:zombie":10,"specialmobs:joltblaze":1,"specialmobs:blaze":2,"specialmobs:plaguezombie":2,"specialmobs:waterspider":1,"specialmobs:hungryzombie":4,"minecraft:hoglin":2,"specialmobs:witherskeleton":4,"specialmobs:firezombie":2,"specialmobs:creeper":2,"specialmobs:webcavespider":1,"specialmobs:weatheredskeleton":1,"specialmobs:brutezombie":2},"minecraft:crafted":{"minecraft:smooth_stone":7,"minecraft:oak_planks":16,"minecraft:barrel":3,"minecraft:cherry_slab":6,"minecraft:cooked_chicken":7,"minecraft:stone":73,"minecraft:cooked_mutton":5,"minecraft:glass":50,"minecraft:diamond_helmet":2,"minecraft:diamond_leggings":1,"minecraft:iron_boots":3,"minecraft:chest":3,"create:small_andesite_bricks":8,"minecraft:cooked_rabbit":6,"minecraft:golden_boots":2,"minecraft:golden_axe":1,"magistuarmory:diamond_shortsword":1,"minecraft:arrow":12,"sophisticatedbackpacks:backpack":1,"minecraft:cooked_porkchop":11,"minecraft:crafting_table":11,"minecraft:spruce_planks":8,"minecraft:iron_helmet":3,"minecraft:wooden_pickaxe":1,"minecraft:baked_potato":19,"minecraft:birch_planks":28,"minecraft:iron_chestplate":2,"minecraft:diamond_pickaxe":1,"minecraft:shield":4,"minecraft:stick":164,"minecraft:iron_ingot":362,"minecraft:iron_pickaxe":11,"minecraft:stone_sword":2,"minecraft:gold_ingot":169,"minecraft:shears":2,"magistuarmory:leather_strip":6,"minecraft:golden_carrot":14,"minecraft:cherry_planks":232,"minecraft:stone_shovel":1,"create:white_sail":4,"minecraft:furnace":7,"minecraft:blast_furnace":1,"minecraft:bone_meal":63,"minecraft:flint_and_steel":2,"magistuarmory:hilt":1,"minecraft:iron_axe":2,"minecraft:iron_hoe":1,"minecraft:stone_pickaxe":5,"minecraft:diamond_boots":1,"minecraft:cooked_beef":9,"create:andesite_alloy":32,"minecraft:diamond_sword":2,"minecraft:iron_sword":2,"minecraft:bucket":2,"minecraft:stone_axe":1,"minecraft:air":0,"minecraft:bread":2,"minecraft:white_wool":9,"minecraft:golden_apple":15,"minecraft:gold_nugget":234,"magistuarmory:diamond_claymore":1,"minecraft:wooden_axe":1,"minecraft:iron_leggings":3,"minecraft:iron_shovel":7,"minecraft:cherry_door":3,"minecraft:stonecutter":2,"minecraft:white_bed":2,"minecraft:torch":488,"minecraft:diamond_chestplate":1},"minecraft:used":{"minecraft:moss_block":1,"magistuarmory:corruptedroundshield":5,"magistuarmory:rusted_heavymace":2,"minecraft:iron_shovel":1644,"minecraft:bone_block":1,"minecraft:chest":4,"minecraft:shield":85,"minecraft:stone":1,"minecraft:iron_sword":228,"minecraft:rotten_flesh":1,"minecraft:nether_bricks":15,"minecraft:tuff":12,"minecraft:obsidian":1,"minecraft:iron_helmet":1,"minecraft:bow":11,"minecraft:furnace":13,"minecraft:oak_sapling":1,"minecraft:egg":4,"minecraft:potato":5,"create:crimsite":11,"minecraft:stone_pickaxe":791,"minecraft:blackstone":4,"minecraft:wooden_pickaxe":87,"minecraft:white_wool":7,"minecraft:cookie":3,"minecraft:glow_berries":11,"minecraft:golden_apple":11,"minecraft:blast_furnace":6,"tetra:modular_double":1,"minecraft:crossbow":70,"minecraft:shears":20,"sophisticatedbackpacks:backpack":1,"minecraft:bread":11,"minecraft:melon_slice":3,"minecraft:deepslate":2,"minecraft:gravel":3,"minecraft:pufferfish":1,"minecraft:nether_wart_block":4,"minecraft:diamond_sword":181,"rechiseled:cobblestone_pulverized":2,"minecraft:smithing_table":1,"minecraft:andesite":17,"minecraft:cooked_rabbit":6,"create:small_andesite_bricks":74,"minecraft:golden_pickaxe":132,"minecraft:coarse_dirt":1,"create:limestone":158,"minecraft:stone_sword":29,"minecraft:flint_and_steel":80,"minecraft:stone_shovel":132,"minecraft:spruce_planks":1,"minecraft:cooked_salmon":118,"minecraft:cooked_chicken":7,"minecraft:netherrack":159,"minecraft:torch":407,"minecraft:dirt":213,"minecraft:spyglass":9,"minecraft:nether_brick_slab":3,"minecraft:golden_shovel":3,"minecraft:dead_brain_coral_block":20,"minecraft:iron_hoe":19,"minecraft:wooden_axe":34,"minecraft:iron_axe":311,"minecraft:iron_boots":2,"magistuarmory:diamond_chainmorgenstern":1,"minecraft:barrel":3,"minecraft:golden_carrot":6,"minecraft:cooked_beef":9,"minecraft:cobbled_deepslate":166,"minecraft:golden_axe":48,"minecraft:wheat_seeds":15,"minecraft:cooked_mutton":6,"minecraft:water_bucket":14,"minecraft:red_nether_bricks":1,"create:empty_blaze_burner":1,"minecraft:baked_potato":15,"minecraft:cherry_planks":15,"minecraft:spruce_sign":2,"minecraft:green_bed":3,"minecraft:stonecutter":2,"minecraft:salmon":1,"minecraft:crafting_table":16,"minecraft:red_bed":1,"minecraft:white_bed":3,"minecraft:smoker":4,"minecraft:oak_log":2,"minecraft:flower_pot":1,"minecraft:diamond_pickaxe":2882,"minecraft:apple":47,"minecraft:cherry_door":7,"minecraft:iron_pickaxe":2258,"forbidden_arcanus:aureal_bottle":1,"minecraft:spruce_sapling":5,"minecraft:stone_axe":59,"minecraft:cobblestone":425,"minecraft:white_banner":1,"minecraft:cooked_porkchop":10,"magistuarmory:diamond_claymore":181,"minecraft:bucket":16,"minecraft:gray_wool":2}},"DataVersion":3465}