{"stats":{"minecraft:custom":{"minecraft:interact_with_crafting_table":154,"minecraft:open_barrel":271,"minecraft:leave_game":14,"minecraft:time_since_death":48725,"minecraft:damage_blocked_by_shield":4666,"minecraft:play_time":1072503,"minecraft:deaths":67,"minecraft:jump":9467,"minecraft:interact_with_furnace":107,"minecraft:interact_with_cartography_table":1,"minecraft:sleep_in_bed":21,"minecraft:damage_dealt":32821,"minecraft:interact_with_smoker":44,"minecraft:interact_with_smithing_table":18,"minecraft:interact_with_anvil":1,"minecraft:damage_dealt_absorbed":80,"minecraft:sneak_time":35712,"minecraft:interact_with_blast_furnace":99,"minecraft:total_world_time":1072503,"minecraft:interact_with_stonecutter":6,"minecraft:time_since_rest":30209,"minecraft:swim_one_cm":205857,"minecraft:fly_one_cm":745343,"minecraft:open_chest":333,"minecraft:fall_one_cm":167133,"minecraft:sprint_one_cm":3500110,"minecraft:drop":588,"minecraft:talked_to_villager":7,"minecraft:walk_on_water_one_cm":164984,"minecraft:interact_with_loom":1,"minecraft:player_kills":22,"minecraft:crouch_one_cm":85452,"minecraft:mob_kills":147,"minecraft:climb_one_cm":26277,"minecraft:walk_one_cm":3424872,"minecraft:walk_under_water_one_cm":120970,"minecraft:pot_flower":1,"minecraft:interact_with_grindstone":1,"minecraft:damage_taken":32056,"minecraft:damage_absorbed":519},"minecraft:mined":{"minecraft:white_bed":1,"minecraft:cherry_log":239,"minecraft:red_nether_bricks":2,"minecraft:tube_coral_block":1,"minecraft:polished_blackstone_bricks":18,"minecraft:magma_block":18,"minecraft:barrel":5,"minecraft:fire":64,"minecraft:cobbled_deepslate":16,"minecraft:deepslate_lapis_ore":13,"rechiseled:cobblestone_pulverized":11,"minecraft:cave_vines":1,"minecraft:dirt_path":4,"minecraft:oak_stairs":2,"create:limestone":949,"minecraft:red_bed":1,"minecraft:crimson_nylium":3,"minecraft:smoker":4,"minecraft:soul_fire":1,"minecraft:torch":23,"minecraft:blast_furnace":5,"minecraft:nether_brick_slab":6,"minecraft:smooth_quartz_slab":2,"minecraft:white_terracotta":1,"minecraft:grass":156,"minecraft:deepslate":253,"minecraft:infested_deepslate":1,"create:zinc_ore":19,"forbidden_arcanus:stella_arcanum":1,"minecraft:mossy_cobblestone":10,"tetra:block_geode":1,"minecraft:nether_bricks":8,"minecraft:moss_block":5,"minecraft:redstone_ore":3,"forbidden_arcanus:deepslate_arcane_crystal_ore":24,"minecraft:andesite":266,"minecraft:vine":1,"minecraft:white_wool":4,"minecraft:bone_block":15,"minecraft:fire_coral_block":6,"minecraft:smithing_table":1,"minecraft:potted_lily_of_the_valley":1,"minecraft:stone_brick_slab":3,"minecraft:cornflower":5,"create:small_andesite_bricks":3,"minecraft:emerald_ore":2,"minecraft:tall_grass":18,"minecraft:copper_ore":5,"minecraft:deepslate_gold_ore":90,"minecraft:diorite":10,"create:blaze_burner":1,"minecraft:coarse_dirt":2,"minecraft:spruce_log":20,"minecraft:gravel":49,"minecraft:dripstone_block":12,"minecraft:cobweb":26,"minecraft:stone_bricks":4,"minecraft:gold_ore":18,"minecraft:infested_stone":2,"minecraft:fern":1,"create:deepslate_zinc_ore":14,"minecraft:spruce_planks":1,"minecraft:cave_vines_plant":1,"minecraft:grass_block":995,"minecraft:infested_cobblestone":2,"minecraft:cracked_polished_blackstone_bricks":7,"create:tiled_glass":8,"minecraft:red_nether_brick_stairs":1,"minecraft:iron_ore":227,"create:asurine":5,"minecraft:pointed_dripstone":1,"minecraft:brain_coral_block":19,"minecraft:green_bed":4,"minecraft:deepslate_redstone_ore":49,"minecraft:blackstone":12,"minecraft:clay":6,"minecraft:calcite":122,"minecraft:chest":6,"minecraft:nether_quartz_ore":96,"minecraft:cobblestone":222,"minecraft:oak_planks":11,"minecraft:wall_torch":11,"minecraft:pink_petals":4,"minecraft:seagrass":1,"minecraft:stone_stairs":5,"specialmobs:infested_fire_coral_block":4,"minecraft:nether_wart_block":6,"minecraft:birch_log":7,"minecraft:cherry_door":5,"minecraft:oak_log":29,"create:polished_cut_tuff":1,"minecraft:sand":333,"minecraft:dirt":839,"minecraft:netherrack":227,"create:crimsite":35,"minecraft:oak_leaves":37,"minecraft:tuff":100,"minecraft:deepslate_diamond_ore":36,"minecraft:glow_lichen":2,"gravestone:gravestone":64,"minecraft:decorated_pot":1,"create:ochrum":3,"specialmobs:infested_brain_coral_block":6,"minecraft:spruce_leaves":24,"minecraft:large_fern":1,"forbidden_arcanus:arcane_crystal_ore":2,"minecraft:furnace":9,"create:scorchia":1,"minecraft:peony":2,"minecraft:gold_block":6,"minecraft:nether_brick_fence":2,"minecraft:bookshelf":2,"minecraft:deepslate_iron_ore":172,"minecraft:stone":3103,"minecraft:basalt":1,"minecraft:crafting_table":12,"minecraft:andesite_slab":1,"minecraft:stone_slab":2,"minecraft:lapis_ore":15,"forbidden_arcanus:petrified_root":4,"minecraft:polished_blackstone_brick_stairs":1,"minecraft:dead_fire_coral_block":6,"forbidden_arcanus:xpetrified_ore":34,"minecraft:dead_brain_coral_block":7,"minecraft:coal_ore":260,"minecraft:cherry_leaves":39,"forbidden_arcanus:runic_deepslate":1},"minecraft:crafted":{"minecraft:smooth_stone":7,"minecraft:diamond_shovel":1,"minecraft:cooked_mutton":5,"minecraft:glass":50,"minecraft:diamond_helmet":2,"minecraft:diamond_leggings":1,"minecraft:iron_door":3,"create:small_andesite_bricks":8,"minecraft:cooked_rabbit":6,"minecraft:golden_axe":1,"minecraft:cooked_porkchop":11,"minecraft:diamond_axe":1,"minecraft:iron_pickaxe":11,"minecraft:gold_ingot":242,"minecraft:golden_carrot":14,"minecraft:stone_shovel":1,"create:white_sail":4,"minecraft:bone_meal":63,"minecraft:ladder":6,"minecraft:stone_pickaxe":5,"minecraft:diamond_boots":1,"minecraft:spruce_boat":1,"minecraft:golden_apple":25,"create:polished_cut_tuff_slab":6,"magistuarmory:diamond_claymore":1,"minecraft:wooden_axe":1,"minecraft:iron_shovel":7,"minecraft:iron_leggings":3,"minecraft:white_bed":2,"minecraft:oak_planks":176,"minecraft:barrel":9,"minecraft:cherry_slab":6,"minecraft:cooked_chicken":7,"minecraft:stone":73,"minecraft:heavy_weighted_pressure_plate":6,"minecraft:iron_boots":3,"minecraft:chest":3,"minecraft:golden_boots":2,"minecraft:oak_slab":126,"magistuarmory:diamond_shortsword":1,"minecraft:arrow":48,"sophisticatedbackpacks:backpack":1,"minecraft:crafting_table":12,"minecraft:spruce_planks":60,"minecraft:wooden_pickaxe":1,"minecraft:baked_potato":19,"minecraft:iron_helmet":3,"minecraft:birch_planks":28,"minecraft:spruce_trapdoor":2,"minecraft:iron_chestplate":2,"minecraft:diamond_pickaxe":1,"minecraft:shield":4,"minecraft:stick":164,"minecraft:iron_ingot":393,"minecraft:stone_sword":2,"minecraft:shears":2,"magistuarmory:leather_strip":6,"minecraft:cherry_planks":232,"minecraft:spruce_button":1,"minecraft:furnace":7,"minecraft:blast_furnace":1,"minecraft:flint_and_steel":2,"magistuarmory:hilt":1,"minecraft:iron_axe":2,"minecraft:iron_hoe":1,"minecraft:cooked_beef":23,"create:andesite_alloy":32,"recrafted_creatures:apple_slice":180,"minecraft:diamond_sword":2,"minecraft:iron_sword":2,"minecraft:bucket":2,"minecraft:stone_axe":1,"minecraft:bread":2,"minecraft:air":0,"minecraft:white_wool":9,"minecraft:gold_nugget":234,"minecraft:raw_gold":9,"minecraft:cherry_door":3,"minecraft:stonecutter":2,"minecraft:torch":488,"minecraft:diamond_chestplate":1},"minecraft:used":{"minecraft:moss_block":1,"magistuarmory:corruptedroundshield":5,"minecraft:ladder":2,"minecraft:chest":4,"minecraft:stone":1,"create:tiled_glass":64,"minecraft:rotten_flesh":1,"minecraft:soul_sand":2,"minecraft:spruce_boat":1,"minecraft:bow":11,"minecraft:oak_sapling":1,"minecraft:furnace":13,"minecraft:egg":4,"minecraft:potato":5,"minecraft:blackstone":4,"create:crimsite":11,"minecraft:wooden_pickaxe":87,"minecraft:cookie":3,"minecraft:golden_apple":13,"minecraft:glow_berries":11,"minecraft:blast_furnace":6,"tetra:modular_double":1,"minecraft:pufferfish":1,"minecraft:nether_wart_block":4,"minecraft:diamond_sword":181,"minecraft:smithing_table":1,"create:limestone":969,"minecraft:stone_sword":29,"create:polished_cut_tuff":26,"minecraft:cooked_salmon":118,"minecraft:netherrack":159,"minecraft:torch":413,"minecraft:stone_stairs":2,"minecraft:nether_brick_slab":3,"minecraft:golden_shovel":3,"minecraft:dead_brain_coral_block":20,"create:polished_cut_tuff_slab":6,"minecraft:iron_axe":313,"minecraft:spruce_button":1,"minecraft:barrel":13,"magistuarmory:diamond_chainmorgenstern":7,"minecraft:cobbled_deepslate":166,"minecraft:golden_axe":48,"minecraft:calcite":64,"minecraft:wheat_seeds":15,"minecraft:water_bucket":14,"minecraft:cherry_planks":15,"minecraft:salmon":1,"minecraft:crafting_table":23,"minecraft:red_bed":1,"minecraft:white_bed":3,"minecraft:oak_log":2,"minecraft:diamond_pickaxe":3451,"minecraft:diamond_shovel":296,"minecraft:iron_pickaxe":2258,"recrafted_creatures:apple_slice":4,"forbidden_arcanus:aureal_bottle":1,"minecraft:spruce_trapdoor":2,"minecraft:spruce_sapling":5,"minecraft:cobblestone":444,"minecraft:cooked_porkchop":10,"magistuarmory:diamond_claymore":198,"magistuarmory:rusted_heavymace":2,"minecraft:iron_shovel":1718,"minecraft:bone_block":1,"minecraft:shield":85,"minecraft:iron_sword":228,"minecraft:nether_bricks":15,"minecraft:tuff":18,"minecraft:obsidian":1,"minecraft:iron_helmet":1,"minecraft:stone_pickaxe":791,"minecraft:oak_planks":1,"minecraft:diamond_axe":43,"minecraft:white_wool":7,"minecraft:crossbow":70,"minecraft:shears":20,"sophisticatedbackpacks:backpack":1,"minecraft:heavy_weighted_pressure_plate":6,"minecraft:melon_slice":3,"minecraft:bread":11,"minecraft:iron_door":3,"minecraft:gravel":18,"minecraft:deepslate":2,"rechiseled:cobblestone_pulverized":6,"minecraft:cooked_rabbit":6,"minecraft:andesite":17,"create:small_andesite_bricks":74,"minecraft:coarse_dirt":2,"minecraft:golden_pickaxe":132,"minecraft:flint_and_steel":84,"minecraft:stone_shovel":132,"minecraft:spruce_planks":8,"minecraft:cooked_chicken":7,"minecraft:dirt":231,"minecraft:spyglass":9,"minecraft:iron_hoe":19,"minecraft:wooden_axe":34,"minecraft:iron_boots":2,"minecraft:golden_carrot":6,"minecraft:cooked_beef":11,"minecraft:cooked_mutton":6,"create:empty_blaze_burner":1,"minecraft:baked_potato":15,"minecraft:red_nether_bricks":1,"minecraft:spruce_sign":2,"minecraft:stonecutter":2,"minecraft:green_bed":3,"minecraft:smoker":4,"minecraft:flower_pot":1,"minecraft:apple":63,"minecraft:cherry_door":7,"minecraft:stone_axe":59,"minecraft:white_banner":1,"minecraft:bucket":16,"minecraft:gray_wool":2},"minecraft:picked_up":{"minecraft:iron_chestplate":1,"minecraft:flower_pot":1,"minecraft:smithing_table":1,"minecraft:stone_slab":2,"minecraft:oak_stairs":2,"minecraft:golden_shovel":1,"forbidden_arcanus:xpetrified_orb":33,"minecraft:string":46,"create:limestone":945,"minecraft:cooked_salmon":138,"minecraft:red_nether_bricks":2,"minecraft:pufferfish":2,"minecraft:gold_nugget":8,"minecraft:cobbled_deepslate":279,"minecraft:spruce_planks":1,"forbidden_arcanus:aureal_bottle":1,"minecraft:green_bed":5,"magistuarmory:rusted_heavymace":2,"minecraft:golden_axe":1,"minecraft:cherry_log":263,"minecraft:warped_button":1,"minecraft:golden_chestplate":2,"minecraft:chiseled_nether_bricks":1,"minecraft:stone_sword":2,"artifacts:lucky_scarf":1,"create:ochrum":1,"minecraft:white_terracotta":1,"minecraft:birch_log":7,"minecraft:feather":19,"magistuarmory:rustedchainmail_boots":3,"minecraft:smoker":4,"minecraft:flint":16,"minecraft:cherry_door":6,"create:encased_chain_drive":2,"tetra:scroll_rolled":3,"rechiseled:chisel":1,"minecraft:moss_block":4,"minecraft:chiseled_polished_blackstone":1,"create:empty_blaze_burner":1,"minecraft:fermented_spider_eye":2,"create:tiled_glass":8,"minecraft:barrel":6,"create:small_andesite_bricks":2,"create:crimsite":35,"minecraft:deepslate":2,"minecraft:writable_book":1,"minecraft:dead_brain_coral_block":15,"minecraft:bread":5,"minecraft:diamond_pickaxe":5,"minecraft:coarse_dirt":2,"minecraft:crafting_table":12,"minecraft:clay_ball":24,"gravestone:obituary":30,"minecraft:cornflower":34,"minecraft:red_bed":1,"create:scorchia":2,"minecraft:iron_shovel":1,"minecraft:beef":30,"minecraft:chest":6,"minecraft:birch_sapling":2,"minecraft:egg":5,"magistuarmory:rustedbarbute":1,"sophisticatedbackpacks:backpack":5,"minecraft:fire_charge":9,"minecraft:redstone":235,"minecraft:decorated_pot":1,"minecraft:peony":2,"artifacts:snowshoes":1,"minecraft:rail":10,"minecraft:gold_ingot":40,"artifacts:pocket_piston":1,"minecraft:mutton":2,"minecraft:glow_berries":10,"minecraft:white_wool":116,"minecraft:bone_block":15,"rechiseled:cobblestone_pulverized":8,"magistuarmory:rustedhalfarmor_chestplate":1,"minecraft:oak_log":29,"minecraft:golden_boots":4,"minecraft:paper":8,"minecraft:white_banner":2,"immersive_armors:heavy_chestplate":1,"minecraft:apple":58,"minecraft:stone_bricks":4,"minecraft:stone_pickaxe":2,"minecraft:glass_bottle":1,"minecraft:spyglass":4,"minecraft:gravel":45,"minecraft:dead_fire_coral_block":12,"minecraft:spruce_sapling":10,"minecraft:spruce_log":20,"magistuarmory:rustedchainmail_leggings":1,"forbidden_arcanus:arcane_crystal":30,"tetra:geode":2,"minecraft:gray_wool":2,"minecraft:smooth_quartz_slab":2,"minecraft:nether_brick_fence":4,"minecraft:potion":1,"minecraft:gilded_blackstone":6,"minecraft:nether_brick":2,"minecraft:crimson_planks":7,"minecraft:raw_copper":30,"minecraft:sea_pickle":1,"minecraft:calcite":116,"minecraft:iron_pickaxe":1,"minecraft:furnace":9,"minecraft:iron_boots":1,"minecraft:stick":68,"minecraft:torch":134,"minecraft:porkchop":18,"create:polished_cut_tuff":2,"minecraft:pointed_dripstone":2,"minecraft:diorite":8,"minecraft:rotten_flesh":8,"create:asurine":5,"minecraft:obsidian":3,"minecraft:cobblestone":3111,"forbidden_arcanus:stellarite_piece":1,"minecraft:pink_petals":5,"minecraft:cherry_planks":17,"minecraft:andesite":283,"minecraft:tuff":113,"create:raw_zinc":56,"artifacts:flame_pendant":4,"minecraft:dirt":1748,"minecraft:lapis_lazuli":97,"minecraft:leather_boots":1,"minecraft:glass":223,"minecraft:bone":15,"minecraft:bow":3,"minecraft:wheat_seeds":27,"minecraft:raw_gold":110,"minecraft:powered_rail":4,"minecraft:oak_planks":8,"tetra:modular_double":1,"minecraft:sand":352,"minecraft:lily_of_the_valley":1,"magistuarmory:rustedgreathelm":1,"minecraft:spectral_arrow":19,"minecraft:mossy_cobblestone":8,"magistuarmory:diamond_chainmorgenstern":1,"minecraft:diamond":45,"magistuarmory:corruptedroundshield":1,"minecraft:grass":18,"minecraft:bone_meal":6,"minecraft:golden_apple":10,"minecraft:spruce_sign":2,"minecraft:emerald":2,"minecraft:oak_sapling":7,"minecraft:netherrack":218,"minecraft:andesite_slab":1,"minecraft:chicken":14,"minecraft:gold_block":8,"minecraft:stone_stairs":5,"minecraft:moss_carpet":2,"minecraft:item_frame":11,"minecraft:cyan_carpet":13,"minecraft:blackstone":17,"minecraft:light_gray_wool":2,"minecraft:phantom_membrane":1,"minecraft:raw_iron":451,"forbidden_arcanus:bat_wing":2,"magistuarmory:rustedkettlehat":1,"create:hand_crank":1,"minecraft:arrow":48,"minecraft:nether_bricks":16,"minecraft:saddle":2,"minecraft:glow_ink_sac":8,"minecraft:salmon":5,"minecraft:leather":35,"artifacts:onion_ring":1,"artifacts:superstitious_hat":1,"create:andesite_alloy":5,"minecraft:nether_wart_block":5,"minecraft:gunpowder":12,"recrafted_creatures:apple_slice":2,"minecraft:iron_ingot":3,"minecraft:soul_sand":11,"minecraft:book":12,"minecraft:stone_brick_slab":3,"minecraft:quartz":92,"minecraft:dripstone_block":9,"minecraft:blast_furnace":5,"minecraft:white_bed":1,"minecraft:nether_brick_slab":9,"minecraft:spider_eye":1,"create:zinc_nugget":64,"minecraft:iron_helmet":1,"minecraft:cherry_sapling":65,"minecraft:coal":342},"minecraft:broken":{"minecraft:golden_boots":1,"minecraft:diamond_helmet":1,"minecraft:iron_boots":1,"minecraft:iron_leggings":3,"minecraft:diamond_pickaxe":2,"magistuarmory:rustedchainmail_boots":2,"magistuarmory:rustedkettlehat":1,"magistuarmory:corruptedroundshield":1,"magistuarmory:rustedgreathelm":1,"minecraft:wooden_pickaxe":1,"minecraft:shield":2,"immersive_armors:heavy_chestplate":1,"minecraft:iron_axe":1,"minecraft:iron_pickaxe":8,"minecraft:iron_helmet":1,"magistuarmory:rustedbarbute":1,"minecraft:iron_shovel":6,"minecraft:stone_pickaxe":6,"minecraft:stone_shovel":1,"magistuarmory:rustedhalfarmor_chestplate":2,"minecraft:flint_and_steel":1,"minecraft:golden_axe":2,"minecraft:golden_pickaxe":2},"minecraft:killed_by":{"minecraft:piglin_brute":1,"specialmobs:creeper":2,"specialmobs:hungryzombie":3,"specialmobs:witherskeleton":5,"specialmobs:knightskeleton":1,"specialmobs:skeleton":4,"specialmobs:zombifiedpiglin":2,"specialmobs:ghast":1,"artifacts:mimic":1,"specialmobs:sniperwitherskeleton":1,"minecraft:player":28,"specialmobs:enderman":1,"specialmobs:weatheredskeleton":2,"specialmobs:deathcreeper":1,"specialmobs:gatlingskeleton":1,"specialmobs:gatlingwitherskeleton":1,"specialmobs:zombie":3,"specialmobs:firecavespider":1,"specialmobs:bruteskeleton":1},"minecraft:dropped":{"minecraft:iron_sword":3,"minecraft:porkchop":3,"minecraft:lapis_lazuli":24,"minecraft:glow_ink_sac":8,"minecraft:glass_bottle":2,"minecraft:diamond":8,"minecraft:crafting_table":1,"minecraft:saddle":1,"minecraft:rail":3,"minecraft:item_frame":11,"minecraft:dirt":952,"minecraft:grass":18,"create:scorchia":2,"minecraft:gold_nugget":12,"minecraft:phantom_membrane":1,"minecraft:sand":215,"minecraft:iron_pickaxe":3,"minecraft:fermented_spider_eye":2,"minecraft:cherry_door":1,"minecraft:white_wool":4,"minecraft:cyan_carpet":13,"minecraft:bone":2,"magistuarmory:rustedchainmail_leggings":1,"minecraft:stone_axe":1,"minecraft:compass":1,"minecraft:iron_nugget":6,"minecraft:golden_chestplate":4,"minecraft:cobbled_deepslate":112,"minecraft:nether_brick":2,"minecraft:wheat":2,"minecraft:obsidian":10,"minecraft:rotten_flesh":6,"minecraft:oak_planks":5,"recrafted_creatures:apple_slice":103,"minecraft:golden_shovel":1,"magistuarmory:leather_strip":5,"create:white_sail":4,"minecraft:salmon":1,"minecraft:dead_fire_coral_block":4,"create:polished_cut_tuff":1,"minecraft:leather_boots":2,"forbidden_arcanus:arcane_crystal":4,"minecraft:red_nether_bricks":1,"minecraft:egg":1,"minecraft:crimson_planks":14,"minecraft:golden_boots":4,"minecraft:iron_ingot":82,"minecraft:chiseled_nether_bricks":1,"minecraft:wheat_seeds":14,"minecraft:dripstone_block":9,"forbidden_arcanus:stellarite_piece":1,"minecraft:iron_helmet":1,"minecraft:cobblestone":847,"minecraft:book":2,"forbidden_arcanus:xpetrified_orb":12,"minecraft:apple":26,"minecraft:golden_apple":2,"minecraft:pufferfish":1,"artifacts:lucky_scarf":1,"minecraft:cherry_planks":17,"minecraft:cooked_salmon":9,"minecraft:potion":1,"minecraft:oak_stairs":2,"minecraft:iron_shovel":1,"minecraft:paper":6,"minecraft:string":10,"create:raw_zinc":36,"minecraft:spruce_sapling":5,"minecraft:stone_brick_slab":3,"minecraft:furnace":1,"minecraft:moss_carpet":2,"create:ochrum":1,"minecraft:stone_sword":3,"minecraft:green_bed":1,"minecraft:clay_ball":24,"minecraft:iron_boots":3,"sophisticatedbackpacks:backpack":1,"magistuarmory:rusted_heavymace":1,"minecraft:white_terracotta":1,"minecraft:nether_bricks":1,"forbidden_arcanus:bat_wing":4,"minecraft:shears":1,"minecraft:diamond_sword":1,"minecraft:sea_pickle":1,"minecraft:diamond_pickaxe":4,"create:hand_crank":1,"minecraft:spider_eye":1,"minecraft:barrel":1,"minecraft:warped_button":1,"minecraft:bow":1,"minecraft:nether_brick_stairs":12,"minecraft:moss_block":3,"minecraft:oak_log":7,"minecraft:leather":32,"create:crimsite":21,"minecraft:flint":6,"minecraft:cornflower":14,"gravestone:obituary":88,"create:iron_sheet":1,"minecraft:gold_ingot":36,"minecraft:gravel":27,"minecraft:chiseled_polished_blackstone":1,"minecraft:blackstone":17,"minecraft:spyglass":4,"minecraft:pointed_dripstone":2,"forbidden_arcanus:aureal_bottle":1,"minecraft:honey_bottle":2,"minecraft:chest":1,"tetra:modular_double":1,"rechiseled:cobblestone_pulverized":2,"minecraft:netherrack":55,"minecraft:bread":3,"minecraft:cherry_log":13,"minecraft:mossy_cobblestone":2,"minecraft:stick":3,"minecraft:diorite":8,"minecraft:torch":1,"minecraft:fire_charge":9,"minecraft:smooth_quartz_slab":2,"minecraft:iron_axe":1,"minecraft:redstone":207,"minecraft:nether_brick_slab":6,"minecraft:raw_copper":2,"minecraft:tuff":56,"create:encased_chain_drive":2,"minecraft:raw_iron":2,"minecraft:iron_chestplate":2,"minecraft:andesite":55,"artifacts:pocket_piston":1,"minecraft:oak_sapling":2,"minecraft:spruce_log":7,"minecraft:stone_pickaxe":1,"minecraft:raw_gold":3,"minecraft:dead_brain_coral_block":1,"minecraft:calcite":4},"minecraft:killed":{"specialmobs:zombifiedpiglin":1,"minecraft:pufferfish":1,"minecraft:chicken":12,"specialmobs:infernoblaze":1,"specialmobs:firespider":1,"specialmobs:puffersilverfish":10,"specialmobs:fishingzombie":3,"minecraft:salmon":10,"minecraft:pillager":6,"specialmobs:giantzombie":1,"recrafted_creatures:owl":2,"specialmobs:cavespider":4,"minecraft:cow":14,"specialmobs:deathcreeper":1,"specialmobs:zombie":10,"specialmobs:joltblaze":1,"specialmobs:blaze":2,"specialmobs:witherskeleton":4,"specialmobs:creeper":2,"specialmobs:webcavespider":1,"specialmobs:weatheredskeleton":1,"specialmobs:brutezombie":2,"specialmobs:skeleton":13,"specialmobs:emberblaze":1,"minecraft:piglin":1,"specialmobs:gatlingwitherskeleton":1,"minecraft:pig":9,"specialmobs:watercavespider":2,"minecraft:sheep":1,"specialmobs:babyghast":1,"specialmobs:fishingsilverfish":1,"specialmobs:gatlingskeleton":1,"specialmobs:spider":4,"specialmobs:knightwitherskeleton":2,"minecraft:phantom":2,"specialmobs:plaguezombie":2,"specialmobs:waterspider":1,"specialmobs:hungryzombie":4,"minecraft:hoglin":2,"specialmobs:firezombie":2}},"DataVersion":3465}