{"stats":{"minecraft:used":{"minecraft:stone_sword":29,"minecraft:spruce_planks":1,"minecraft:shield":1,"minecraft:stone":1,"minecraft:iron_sword":16,"minecraft:cooked_chicken":2,"minecraft:netherrack":24,"minecraft:torch":19,"minecraft:dirt":6,"minecraft:spyglass":6,"minecraft:obsidian":1,"minecraft:wooden_axe":34,"minecraft:furnace":6,"minecraft:cooked_beef":4,"minecraft:potato":5,"minecraft:stone_pickaxe":546,"minecraft:baked_potato":4,"minecraft:wooden_pickaxe":87,"minecraft:spruce_sign":2,"minecraft:stonecutter":1,"minecraft:green_bed":3,"minecraft:crafting_table":8,"minecraft:red_bed":1,"minecraft:white_bed":1,"minecraft:smoker":2,"minecraft:oak_log":2,"minecraft:flower_pot":1,"minecraft:bread":4,"minecraft:iron_pickaxe":453,"minecraft:spruce_sapling":5,"minecraft:gravel":1,"minecraft:stone_axe":59,"minecraft:cobblestone":58,"minecraft:white_banner":1,"minecraft:cooked_porkchop":3,"minecraft:cooked_rabbit":4,"minecraft:andesite":3,"create:small_andesite_bricks":74,"minecraft:golden_pickaxe":106},"minecraft:killed_by":{"specialmobs:skeleton":1,"specialmobs:weatheredskeleton":2,"specialmobs:zombie":1,"specialmobs:creeper":1},"minecraft:killed":{"minecraft:pig":4,"specialmobs:fishingzombie":1,"minecraft:pillager":4,"minecraft:cow":3},"minecraft:mined":{"minecraft:spruce_planks":1,"minecraft:mossy_cobblestone":5,"minecraft:cherry_log":35,"gravestone:gravestone":3,"minecraft:grass_block":4,"minecraft:decorated_pot":1,"minecraft:magma_block":3,"minecraft:furnace":3,"minecraft:iron_ore":24,"minecraft:fire":6,"minecraft:andesite":148,"minecraft:bookshelf":2,"minecraft:oak_stairs":2,"minecraft:stone":751,"minecraft:green_bed":4,"minecraft:red_bed":1,"minecraft:potted_lily_of_the_valley":1,"minecraft:smoker":2,"minecraft:stone_brick_slab":3,"minecraft:crafting_table":4,"minecraft:cornflower":1,"minecraft:torch":1,"create:small_andesite_bricks":3,"minecraft:emerald_ore":1,"minecraft:andesite_slab":1,"minecraft:stone_slab":2,"minecraft:tall_grass":6,"minecraft:cobblestone":45,"minecraft:oak_planks":6,"minecraft:wall_torch":2,"minecraft:pink_petals":2,"forbidden_arcanus:xpetrified_ore":1,"minecraft:birch_log":7,"minecraft:grass":31,"minecraft:coal_ore":106,"minecraft:oak_log":19,"minecraft:cherry_leaves":4,"minecraft:gravel":1,"minecraft:dirt":10,"minecraft:cobweb":3,"minecraft:stone_bricks":4,"minecraft:netherrack":41,"minecraft:gold_ore":1,"create:crimsite":3,"minecraft:oak_leaves":9},"minecraft:dropped":{"minecraft:bread":3,"minecraft:book":2,"minecraft:leather":4,"minecraft:flint":1,"gravestone:obituary":3,"minecraft:gold_nugget":3,"minecraft:stone_brick_slab":3,"minecraft:compass":1,"minecraft:stone_sword":1,"minecraft:golden_chestplate":1,"minecraft:wheat":2,"minecraft:honey_bottle":2,"minecraft:salmon":1,"minecraft:andesite":23,"minecraft:leather_boots":1,"minecraft:oak_sapling":2,"minecraft:stone_pickaxe":1,"minecraft:netherrack":17},"minecraft:crafted":{"minecraft:cherry_planks":16,"minecraft:oak_planks":8,"minecraft:cooked_chicken":2,"minecraft:furnace":3,"minecraft:stone":4,"minecraft:cooked_mutton":3,"minecraft:stone_pickaxe":4,"create:small_andesite_bricks":8,"minecraft:cooked_rabbit":6,"minecraft:cooked_beef":4,"minecraft:cooked_porkchop":5,"minecraft:crafting_table":5,"minecraft:spruce_planks":8,"minecraft:baked_potato":19,"minecraft:wooden_pickaxe":1,"minecraft:iron_sword":1,"minecraft:birch_planks":28,"minecraft:stone_axe":1,"minecraft:bread":1,"minecraft:air":0,"minecraft:iron_chestplate":1,"minecraft:shield":1,"minecraft:stick":44,"minecraft:iron_ingot":26,"minecraft:iron_pickaxe":2,"minecraft:wooden_axe":1,"minecraft:stone_sword":2,"minecraft:stonecutter":1,"minecraft:white_bed":1,"minecraft:torch":32},"minecraft:broken":{"minecraft:wooden_pickaxe":1,"minecraft:stone_pickaxe":4,"minecraft:iron_pickaxe":1,"minecraft:golden_pickaxe":1},"minecraft:custom":{"minecraft:mob_kills":13,"minecraft:interact_with_crafting_table":25,"minecraft:open_barrel":1,"minecraft:leave_game":1,"minecraft:time_since_death":1892,"minecraft:climb_one_cm":4990,"minecraft:sprint_one_cm":320149,"minecraft:walk_one_cm":338713,"minecraft:damage_blocked_by_shield":75,"minecraft:drop":30,"minecraft:talked_to_villager":7,"minecraft:play_time":127572,"minecraft:deaths":5,"minecraft:sneak_time":4723,"minecraft:walk_under_water_one_cm":6628,"minecraft:jump":1051,"minecraft:interact_with_blast_furnace":1,"minecraft:walk_on_water_one_cm":8729,"minecraft:total_world_time":127572,"minecraft:interact_with_furnace":31,"minecraft:interact_with_loom":1,"minecraft:pot_flower":1,"minecraft:interact_with_stonecutter":2,"minecraft:sleep_in_bed":8,"minecraft:time_since_rest":2094,"minecraft:damage_taken":2480,"minecraft:damage_dealt":2146,"minecraft:swim_one_cm":12427,"minecraft:fly_one_cm":90352,"minecraft:open_chest":48,"minecraft:crouch_one_cm":11157,"minecraft:interact_with_smoker":11,"minecraft:fall_one_cm":27541},"minecraft:picked_up":{"minecraft:crafting_table":4,"minecraft:flower_pot":1,"minecraft:stone_slab":2,"minecraft:oak_stairs":2,"minecraft:raw_copper":3,"forbidden_arcanus:xpetrified_orb":1,"minecraft:string":3,"minecraft:red_bed":1,"minecraft:spruce_planks":1,"minecraft:beef":8,"minecraft:birch_sapling":2,"minecraft:furnace":3,"minecraft:stick":3,"minecraft:raw_iron":23,"magistuarmory:rustedbarbute":1,"minecraft:torch":3,"minecraft:green_bed":4,"minecraft:porkchop":7,"minecraft:cherry_log":35,"minecraft:stone_sword":1,"minecraft:decorated_pot":1,"minecraft:white_wool":6,"minecraft:cobblestone":719,"minecraft:birch_log":7,"minecraft:pink_petals":3,"minecraft:andesite":129,"minecraft:salmon":1,"minecraft:leather":4,"minecraft:smoker":2,"minecraft:oak_log":19,"minecraft:dirt":27,"minecraft:white_banner":1,"minecraft:leather_boots":1,"minecraft:stone_bricks":4,"minecraft:wheat_seeds":6,"minecraft:raw_gold":1,"minecraft:stone_pickaxe":1,"minecraft:oak_planks":4,"minecraft:book":6,"minecraft:stone_brick_slab":3,"minecraft:spyglass":1,"minecraft:gravel":1,"minecraft:spruce_sapling":5,"minecraft:lily_of_the_valley":1,"minecraft:mossy_cobblestone":6,"create:small_andesite_bricks":2,"minecraft:cherry_sapling":1,"minecraft:spruce_sign":2,"minecraft:emerald":1,"minecraft:bread":1,"minecraft:oak_sapling":4,"minecraft:netherrack":41,"minecraft:coal":113,"minecraft:andesite_slab":1}},"DataVersion":3465}