{"stats":{"minecraft:used":{"minecraft:stone_sword":29,"minecraft:iron_shovel":512,"minecraft:spruce_planks":1,"minecraft:shield":14,"minecraft:stone":1,"minecraft:iron_sword":56,"minecraft:cooked_chicken":2,"minecraft:netherrack":24,"minecraft:torch":19,"minecraft:dirt":7,"minecraft:spyglass":6,"minecraft:obsidian":1,"minecraft:wooden_axe":34,"minecraft:furnace":6,"minecraft:cooked_beef":4,"minecraft:potato":5,"minecraft:cooked_mutton":4,"minecraft:stone_pickaxe":546,"minecraft:baked_potato":4,"minecraft:wooden_pickaxe":87,"minecraft:spruce_sign":2,"minecraft:stonecutter":1,"minecraft:green_bed":3,"minecraft:cookie":3,"minecraft:crafting_table":8,"minecraft:red_bed":1,"minecraft:white_bed":1,"minecraft:smoker":2,"minecraft:oak_log":2,"minecraft:flower_pot":1,"minecraft:bread":4,"minecraft:iron_pickaxe":842,"minecraft:spruce_sapling":5,"minecraft:gravel":1,"minecraft:stone_axe":59,"minecraft:cobblestone":72,"minecraft:white_banner":1,"minecraft:cooked_porkchop":3,"minecraft:cooked_rabbit":6,"minecraft:andesite":3,"create:small_andesite_bricks":74,"minecraft:golden_pickaxe":106},"minecraft:killed_by":{"specialmobs:skeleton":2,"specialmobs:weatheredskeleton":2,"specialmobs:zombie":1,"specialmobs:bruteskeleton":1,"specialmobs:creeper":2},"minecraft:killed":{"specialmobs:skeleton":2,"specialmobs:zombie":3,"minecraft:pig":4,"specialmobs:fishingzombie":1,"minecraft:pillager":4,"minecraft:cow":3},"minecraft:mined":{"minecraft:spruce_planks":1,"minecraft:mossy_cobblestone":5,"minecraft:cherry_log":35,"gravestone:gravestone":7,"minecraft:grass_block":267,"minecraft:decorated_pot":1,"minecraft:magma_block":3,"minecraft:furnace":3,"minecraft:iron_ore":26,"minecraft:fire":6,"minecraft:andesite":148,"minecraft:bookshelf":2,"minecraft:dirt_path":2,"minecraft:oak_stairs":2,"minecraft:stone":1130,"minecraft:green_bed":4,"minecraft:red_bed":1,"minecraft:potted_lily_of_the_valley":1,"minecraft:smoker":2,"minecraft:stone_brick_slab":3,"minecraft:crafting_table":4,"minecraft:cornflower":2,"minecraft:torch":1,"create:small_andesite_bricks":3,"minecraft:emerald_ore":1,"minecraft:andesite_slab":1,"minecraft:stone_slab":2,"minecraft:tall_grass":6,"minecraft:cobblestone":45,"minecraft:oak_planks":6,"minecraft:wall_torch":2,"minecraft:pink_petals":2,"forbidden_arcanus:xpetrified_ore":1,"minecraft:birch_log":7,"minecraft:grass":42,"minecraft:coal_ore":114,"minecraft:oak_log":19,"minecraft:cherry_leaves":4,"minecraft:gravel":1,"minecraft:dirt":245,"minecraft:cobweb":3,"minecraft:stone_bricks":4,"minecraft:netherrack":41,"minecraft:gold_ore":1,"create:crimsite":3,"minecraft:oak_leaves":9},"minecraft:dropped":{"minecraft:bread":3,"minecraft:cobblestone":9,"minecraft:book":2,"minecraft:leather":4,"minecraft:flint":1,"minecraft:dirt":345,"gravestone:obituary":6,"minecraft:gold_nugget":3,"minecraft:stone_brick_slab":3,"minecraft:compass":1,"minecraft:iron_nugget":6,"minecraft:stone_sword":1,"minecraft:golden_chestplate":1,"minecraft:wheat":2,"minecraft:honey_bottle":2,"minecraft:salmon":1,"minecraft:andesite":23,"minecraft:leather_boots":2,"minecraft:oak_sapling":2,"minecraft:stone_pickaxe":1,"minecraft:netherrack":17},"minecraft:crafted":{"minecraft:cherry_planks":16,"minecraft:oak_planks":8,"minecraft:cooked_chicken":2,"minecraft:furnace":3,"minecraft:stone":4,"minecraft:cooked_mutton":3,"minecraft:stone_pickaxe":4,"create:small_andesite_bricks":8,"minecraft:cooked_rabbit":6,"minecraft:cooked_beef":4,"minecraft:cooked_porkchop":5,"minecraft:crafting_table":5,"minecraft:spruce_planks":8,"minecraft:baked_potato":19,"minecraft:wooden_pickaxe":1,"minecraft:iron_sword":1,"minecraft:birch_planks":28,"minecraft:stone_axe":1,"minecraft:bread":1,"minecraft:air":0,"minecraft:iron_chestplate":1,"minecraft:shield":1,"minecraft:stick":56,"minecraft:iron_ingot":28,"minecraft:iron_pickaxe":3,"minecraft:wooden_axe":1,"minecraft:stone_sword":2,"minecraft:iron_shovel":2,"minecraft:stonecutter":1,"minecraft:white_bed":1,"minecraft:torch":32},"minecraft:broken":{"minecraft:iron_shovel":2,"magistuarmory:rustedchainmail_boots":2,"magistuarmory:rustedkettlehat":1,"minecraft:wooden_pickaxe":1,"minecraft:stone_pickaxe":4,"minecraft:iron_pickaxe":3,"minecraft:golden_pickaxe":1},"minecraft:custom":{"minecraft:mob_kills":18,"minecraft:interact_with_crafting_table":30,"minecraft:open_barrel":1,"minecraft:leave_game":1,"minecraft:time_since_death":11591,"minecraft:climb_one_cm":4990,"minecraft:sprint_one_cm":418192,"minecraft:walk_one_cm":472557,"minecraft:damage_blocked_by_shield":885,"minecraft:drop":43,"minecraft:talked_to_villager":7,"minecraft:play_time":163572,"minecraft:deaths":9,"minecraft:sneak_time":5604,"minecraft:walk_under_water_one_cm":9017,"minecraft:jump":1318,"minecraft:interact_with_blast_furnace":12,"minecraft:walk_on_water_one_cm":11423,"minecraft:total_world_time":163572,"minecraft:interact_with_furnace":31,"minecraft:interact_with_loom":1,"minecraft:pot_flower":1,"minecraft:interact_with_stonecutter":2,"minecraft:sleep_in_bed":10,"minecraft:time_since_rest":10132,"minecraft:damage_taken":3909,"minecraft:damage_dealt":3482,"minecraft:swim_one_cm":16633,"minecraft:fly_one_cm":107944,"minecraft:open_chest":56,"minecraft:crouch_one_cm":14468,"minecraft:interact_with_smoker":11,"minecraft:fall_one_cm":34496},"minecraft:picked_up":{"minecraft:crafting_table":4,"minecraft:flower_pot":1,"minecraft:stone_slab":2,"minecraft:oak_stairs":2,"gravestone:obituary":1,"minecraft:cornflower":13,"minecraft:raw_copper":3,"forbidden_arcanus:xpetrified_orb":1,"minecraft:string":3,"minecraft:red_bed":1,"minecraft:spruce_planks":1,"minecraft:beef":8,"minecraft:birch_sapling":2,"minecraft:furnace":3,"minecraft:stick":3,"minecraft:raw_iron":25,"magistuarmory:rustedbarbute":1,"minecraft:torch":6,"minecraft:green_bed":4,"minecraft:porkchop":7,"magistuarmory:rustedkettlehat":1,"minecraft:cherry_log":35,"minecraft:stone_sword":1,"minecraft:decorated_pot":1,"minecraft:white_wool":6,"minecraft:cobblestone":989,"minecraft:birch_log":7,"minecraft:pink_petals":3,"magistuarmory:rustedchainmail_boots":2,"minecraft:andesite":129,"minecraft:salmon":1,"minecraft:leather":4,"minecraft:smoker":2,"minecraft:oak_log":19,"minecraft:dirt":437,"minecraft:white_banner":1,"minecraft:leather_boots":1,"minecraft:stone_bricks":4,"minecraft:wheat_seeds":9,"minecraft:raw_gold":1,"minecraft:stone_pickaxe":1,"minecraft:oak_planks":4,"minecraft:book":6,"minecraft:stone_brick_slab":3,"minecraft:spyglass":1,"minecraft:gravel":1,"minecraft:spruce_sapling":5,"minecraft:lily_of_the_valley":1,"minecraft:mossy_cobblestone":6,"create:small_andesite_bricks":2,"magistuarmory:corruptedroundshield":1,"minecraft:cherry_sapling":1,"minecraft:spruce_sign":2,"minecraft:emerald":1,"minecraft:bread":1,"minecraft:oak_sapling":4,"minecraft:netherrack":41,"minecraft:coal":118,"minecraft:andesite_slab":1}},"DataVersion":3465}