{"stats":{"minecraft:broken":{"minecraft:golden_boots":1,"minecraft:diamond_helmet":1,"minecraft:iron_boots":1,"minecraft:iron_leggings":3,"minecraft:diamond_pickaxe":2,"magistuarmory:rustedchainmail_boots":2,"magistuarmory:rustedkettlehat":1,"magistuarmory:corruptedroundshield":1,"magistuarmory:rustedgreathelm":1,"minecraft:wooden_pickaxe":1,"minecraft:shield":2,"immersive_armors:heavy_chestplate":1,"minecraft:iron_axe":1,"minecraft:iron_pickaxe":8,"minecraft:iron_helmet":1,"magistuarmory:rustedbarbute":1,"minecraft:iron_shovel":6,"minecraft:golden_shovel":1,"minecraft:stone_pickaxe":6,"minecraft:stone_shovel":1,"magistuarmory:rustedhalfarmor_chestplate":2,"minecraft:flint_and_steel":1,"minecraft:golden_axe":2,"minecraft:golden_pickaxe":2},"minecraft:custom":{"minecraft:interact_with_crafting_table":176,"minecraft:open_barrel":302,"minecraft:leave_game":16,"minecraft:time_since_death":205832,"minecraft:damage_blocked_by_shield":4786,"minecraft:play_time":1229610,"minecraft:deaths":67,"minecraft:jump":10619,"minecraft:interact_with_furnace":114,"minecraft:interact_with_cartography_table":1,"minecraft:sleep_in_bed":22,"minecraft:damage_dealt":38756,"minecraft:interact_with_smoker":48,"minecraft:interact_with_smithing_table":23,"minecraft:interact_with_anvil":1,"minecraft:damage_dealt_absorbed":80,"minecraft:sneak_time":44114,"minecraft:interact_with_blast_furnace":107,"minecraft:total_world_time":1229610,"minecraft:interact_with_stonecutter":6,"minecraft:time_since_rest":16581,"minecraft:swim_one_cm":274054,"minecraft:fly_one_cm":839851,"minecraft:open_chest":386,"minecraft:fall_one_cm":187520,"minecraft:sprint_one_cm":3956228,"minecraft:drop":681,"minecraft:talked_to_villager":7,"minecraft:walk_on_water_one_cm":183780,"minecraft:interact_with_loom":1,"minecraft:player_kills":22,"minecraft:crouch_one_cm":123183,"minecraft:mob_kills":190,"minecraft:climb_one_cm":41007,"minecraft:walk_one_cm":3779175,"minecraft:walk_under_water_one_cm":152604,"minecraft:pot_flower":1,"minecraft:interact_with_grindstone":1,"minecraft:damage_taken":33971,"minecraft:damage_absorbed":599},"minecraft:picked_up":{"minecraft:iron_chestplate":2,"minecraft:flower_pot":1,"minecraft:smithing_table":1,"minecraft:stone_slab":2,"minecraft:diamond_sword":1,"minecraft:oak_stairs":2,"minecraft:enchanted_book":3,"minecraft:golden_shovel":2,"forbidden_arcanus:xpetrified_orb":33,"minecraft:string":46,"create:limestone":945,"minecraft:cooked_salmon":138,"minecraft:red_nether_bricks":2,"minecraft:pufferfish":2,"minecraft:shroomlight":10,"minecraft:gold_nugget":8,"minecraft:cobbled_deepslate":282,"minecraft:spruce_planks":32,"forbidden_arcanus:aureal_bottle":1,"minecraft:green_bed":5,"magistuarmory:rusted_heavymace":2,"minecraft:golden_axe":1,"minecraft:cherry_log":263,"minecraft:warped_button":1,"minecraft:golden_chestplate":2,"minecraft:chiseled_nether_bricks":1,"minecraft:stone_sword":2,"artifacts:lucky_scarf":1,"forbidden_arcanus:splash_aureal_bottle":1,"create:ochrum":1,"minecraft:white_terracotta":1,"minecraft:birch_log":391,"minecraft:feather":33,"magistuarmory:rustedchainmail_boots":3,"minecraft:smoker":4,"minecraft:flint":21,"minecraft:cherry_door":8,"create:encased_chain_drive":2,"tetra:scroll_rolled":12,"rechiseled:chisel":1,"minecraft:moss_block":4,"minecraft:chiseled_polished_blackstone":1,"create:empty_blaze_burner":1,"minecraft:fermented_spider_eye":2,"create:tiled_glass":9,"minecraft:barrel":9,"minecraft:iron_hoe":1,"create:small_andesite_bricks":2,"create:crimsite":35,"minecraft:deepslate":2,"minecraft:writable_book":2,"minecraft:dead_brain_coral_block":15,"minecraft:bread":5,"minecraft:diamond_pickaxe":6,"rechiseled:oak_planks_diagonal_tiles":42,"minecraft:coarse_dirt":2,"minecraft:crafting_table":15,"minecraft:clay_ball":24,"gravestone:obituary":30,"minecraft:cornflower":41,"minecraft:red_bed":1,"create:scorchia":2,"minecraft:iron_shovel":1,"minecraft:beef":30,"minecraft:iron_nugget":3,"minecraft:chest":6,"minecraft:birch_sapling":39,"minecraft:egg":7,"magistuarmory:rustedbarbute":1,"sophisticatedbackpacks:backpack":5,"minecraft:fire_charge":9,"minecraft:redstone":235,"minecraft:decorated_pot":1,"minecraft:peony":2,"artifacts:snowshoes":1,"minecraft:gold_ingot":40,"artifacts:pocket_piston":1,"minecraft:rail":10,"minecraft:glow_berries":10,"minecraft:mutton":2,"minecraft:white_wool":116,"minecraft:bone_block":15,"rechiseled:cobblestone_pulverized":8,"magistuarmory:rustedhalfarmor_chestplate":1,"minecraft:oak_log":140,"minecraft:golden_boots":5,"minecraft:paper":8,"minecraft:white_banner":4,"immersive_armors:heavy_chestplate":1,"minecraft:apple":58,"minecraft:stone_bricks":4,"minecraft:stone_pickaxe":2,"minecraft:glass_bottle":1,"minecraft:spyglass":4,"minecraft:gravel":54,"minecraft:dead_fire_coral_block":12,"magistuarmory:rustednorman_helmet":1,"minecraft:spruce_sapling":10,"minecraft:spruce_log":20,"magistuarmory:rustedchainmail_leggings":1,"forbidden_arcanus:arcane_crystal":30,"tetra:geode":2,"minecraft:diamond_axe":1,"minecraft:gray_wool":2,"minecraft:smooth_quartz_slab":2,"minecraft:wheat":9,"minecraft:nether_brick_fence":4,"minecraft:potion":1,"minecraft:gilded_blackstone":6,"minecraft:nether_brick":2,"minecraft:crimson_planks":7,"minecraft:raw_copper":30,"minecraft:sea_pickle":1,"minecraft:calcite":116,"minecraft:iron_pickaxe":2,"minecraft:furnace":11,"minecraft:iron_boots":1,"minecraft:stick":88,"minecraft:oak_fence":19,"minecraft:torch":208,"minecraft:porkchop":18,"create:polished_cut_tuff":10,"minecraft:pointed_dripstone":2,"minecraft:diorite":8,"minecraft:rotten_flesh":18,"create:asurine":5,"create:veridium":210,"minecraft:obsidian":6,"minecraft:cobblestone":3231,"forbidden_arcanus:stellarite_piece":1,"minecraft:pink_petals":5,"minecraft:cherry_planks":57,"minecraft:andesite":284,"minecraft:golden_leggings":1,"minecraft:tuff":113,"create:raw_zinc":56,"artifacts:flame_pendant":4,"minecraft:lapis_lazuli":264,"minecraft:dirt":1750,"minecraft:leather_boots":1,"minecraft:glass":344,"minecraft:bone":15,"minecraft:bow":4,"minecraft:wheat_seeds":65,"minecraft:raw_gold":110,"minecraft:powered_rail":4,"minecraft:oak_planks":54,"tetra:modular_double":1,"minecraft:sand":439,"minecraft:lily_of_the_valley":1,"magistuarmory:rustedgreathelm":1,"minecraft:spectral_arrow":19,"minecraft:mossy_cobblestone":8,"magistuarmory:diamond_chainmorgenstern":1,"minecraft:diamond":51,"magistuarmory:corruptedroundshield":1,"minecraft:grass":36,"minecraft:bone_meal":6,"minecraft:golden_apple":12,"minecraft:spruce_sign":2,"minecraft:emerald":2,"minecraft:oak_sapling":7,"minecraft:netherrack":218,"minecraft:andesite_slab":1,"minecraft:chicken":21,"minecraft:ladder":61,"minecraft:gold_block":8,"minecraft:oak_trapdoor":4,"minecraft:stone_stairs":8,"minecraft:moss_carpet":5,"minecraft:item_frame":11,"minecraft:cyan_carpet":13,"minecraft:blackstone":17,"minecraft:oak_boat":2,"minecraft:light_gray_wool":2,"minecraft:phantom_membrane":8,"minecraft:raw_iron":451,"forbidden_arcanus:bat_wing":2,"magistuarmory:rustedkettlehat":1,"create:hand_crank":1,"minecraft:weeping_vines":1,"minecraft:arrow":48,"minecraft:nether_bricks":16,"minecraft:saddle":2,"minecraft:glow_ink_sac":8,"minecraft:salmon":6,"minecraft:leather":35,"artifacts:onion_ring":1,"create:andesite_alloy":5,"artifacts:superstitious_hat":1,"minecraft:nether_wart_block":5,"minecraft:gunpowder":68,"recrafted_creatures:apple_slice":2,"minecraft:iron_ingot":58,"minecraft:soul_sand":11,"minecraft:book":22,"minecraft:stone_brick_slab":3,"minecraft:quartz":92,"minecraft:dripstone_block":9,"minecraft:blast_furnace":5,"minecraft:white_bed":1,"minecraft:nether_brick_slab":9,"minecraft:spider_eye":2,"create:zinc_nugget":64,"minecraft:iron_helmet":1,"minecraft:cherry_sapling":65,"minecraft:coal":343},"minecraft:killed":{"specialmobs:giantskeleton":1,"specialmobs:zombifiedpiglin":1,"minecraft:pufferfish":1,"minecraft:chicken":18,"specialmobs:infernoblaze":1,"specialmobs:firespider":1,"specialmobs:puffersilverfish":10,"specialmobs:fishingzombie":3,"minecraft:salmon":10,"minecraft:pillager":8,"specialmobs:giantzombie":1,"recrafted_creatures:owl":2,"specialmobs:cavespider":4,"minecraft:cow":14,"specialmobs:deathcreeper":1,"specialmobs:firecreeper":1,"specialmobs:jumpingcreeper":1,"specialmobs:zombie":13,"specialmobs:joltblaze":1,"specialmobs:blaze":2,"specialmobs:witherskeleton":4,"specialmobs:creeper":3,"specialmobs:webcavespider":1,"specialmobs:weatheredskeleton":1,"specialmobs:brutezombie":2,"specialmobs:plaguedrowned":1,"specialmobs:skeleton":14,"specialmobs:emberblaze":1,"minecraft:piglin":1,"specialmobs:gatlingwitherskeleton":1,"minecraft:pig":9,"specialmobs:firecavespider":1,"specialmobs:watercavespider":3,"minecraft:sheep":1,"specialmobs:babyghast":1,"specialmobs:fishingsilverfish":1,"specialmobs:gatlingskeleton":1,"specialmobs:spider":4,"specialmobs:knightwitherskeleton":2,"minecraft:phantom":12,"specialmobs:plaguezombie":2,"specialmobs:waterspider":3,"specialmobs:hungryzombie":4,"minecraft:hoglin":2,"specialmobs:firezombie":6,"specialmobs:lightningcreeper":1,"specialmobs:drowned":3,"specialmobs:giantdrowned":1},"minecraft:killed_by":{"minecraft:piglin_brute":1,"specialmobs:creeper":2,"specialmobs:hungryzombie":3,"specialmobs:witherskeleton":5,"specialmobs:knightskeleton":1,"specialmobs:skeleton":4,"specialmobs:zombifiedpiglin":2,"specialmobs:ghast":1,"artifacts:mimic":1,"specialmobs:sniperwitherskeleton":1,"minecraft:player":28,"specialmobs:enderman":1,"specialmobs:weatheredskeleton":2,"specialmobs:deathcreeper":1,"specialmobs:gatlingskeleton":1,"specialmobs:gatlingwitherskeleton":1,"specialmobs:zombie":3,"specialmobs:firecavespider":1,"specialmobs:bruteskeleton":1},"minecraft:mined":{"minecraft:white_bed":1,"minecraft:cherry_log":239,"minecraft:red_nether_bricks":2,"minecraft:tube_coral_block":1,"minecraft:polished_blackstone_bricks":18,"minecraft:magma_block":18,"minecraft:fire":71,"minecraft:barrel":8,"minecraft:cobbled_deepslate":16,"minecraft:deepslate_lapis_ore":13,"rechiseled:cobblestone_pulverized":11,"minecraft:cave_vines":1,"minecraft:dirt_path":4,"minecraft:oak_stairs":2,"minecraft:white_banner":1,"create:veridium":210,"create:limestone":949,"minecraft:red_bed":1,"minecraft:crimson_nylium":3,"minecraft:smoker":4,"minecraft:soul_fire":1,"minecraft:torch":30,"minecraft:blast_furnace":5,"minecraft:nether_brick_slab":6,"minecraft:smooth_quartz_slab":2,"minecraft:white_terracotta":1,"minecraft:wheat":9,"minecraft:grass":289,"minecraft:deepslate":253,"minecraft:infested_deepslate":1,"create:zinc_ore":19,"forbidden_arcanus:stella_arcanum":1,"minecraft:mossy_cobblestone":10,"tetra:block_geode":1,"minecraft:nether_bricks":8,"minecraft:moss_block":5,"minecraft:redstone_ore":3,"forbidden_arcanus:deepslate_arcane_crystal_ore":24,"minecraft:andesite":267,"minecraft:vine":1,"minecraft:white_wool":4,"minecraft:bone_block":15,"minecraft:fire_coral_block":6,"minecraft:smithing_table":1,"minecraft:potted_lily_of_the_valley":1,"minecraft:stone_brick_slab":3,"minecraft:cornflower":10,"create:small_andesite_bricks":3,"minecraft:emerald_ore":2,"minecraft:tall_grass":56,"minecraft:copper_ore":5,"minecraft:deepslate_gold_ore":90,"minecraft:diorite":10,"create:blaze_burner":1,"minecraft:coarse_dirt":2,"minecraft:spruce_log":20,"minecraft:birch_leaves":46,"minecraft:gravel":58,"minecraft:dripstone_block":12,"minecraft:cobweb":26,"minecraft:stone_bricks":4,"minecraft:gold_ore":18,"minecraft:infested_stone":2,"minecraft:fern":1,"create:deepslate_zinc_ore":14,"minecraft:spruce_planks":8,"minecraft:cave_vines_plant":1,"minecraft:grass_block":998,"minecraft:infested_cobblestone":2,"minecraft:cracked_polished_blackstone_bricks":7,"rechiseled:oak_planks_diagonal_tiles":27,"create:tiled_glass":8,"minecraft:red_nether_brick_stairs":1,"minecraft:iron_ore":227,"create:asurine":5,"minecraft:pointed_dripstone":1,"minecraft:brain_coral_block":19,"minecraft:green_bed":4,"minecraft:deepslate_redstone_ore":49,"minecraft:blackstone":12,"minecraft:clay":6,"minecraft:calcite":122,"minecraft:chest":6,"minecraft:nether_quartz_ore":96,"minecraft:cobblestone":222,"minecraft:oak_planks":56,"minecraft:wall_torch":13,"minecraft:pink_petals":8,"minecraft:seagrass":1,"minecraft:stone_stairs":5,"specialmobs:infested_fire_coral_block":4,"minecraft:nether_wart_block":10,"minecraft:birch_log":401,"minecraft:cherry_door":5,"minecraft:oak_log":30,"create:polished_cut_tuff":9,"minecraft:sand":333,"minecraft:dirt":840,"minecraft:netherrack":227,"create:crimsite":35,"minecraft:oak_leaves":37,"minecraft:tuff":100,"create:oak_window":1,"minecraft:deepslate_diamond_ore":36,"minecraft:ladder":2,"minecraft:glow_lichen":2,"gravestone:gravestone":64,"minecraft:decorated_pot":1,"create:ochrum":3,"specialmobs:infested_brain_coral_block":6,"minecraft:spruce_leaves":24,"minecraft:crimson_stem":1,"minecraft:large_fern":1,"forbidden_arcanus:arcane_crystal_ore":2,"minecraft:oak_trapdoor":4,"minecraft:furnace":9,"create:scorchia":1,"minecraft:peony":3,"minecraft:gold_block":6,"minecraft:nether_brick_fence":2,"minecraft:bookshelf":2,"minecraft:shroomlight":10,"minecraft:deepslate_iron_ore":172,"minecraft:stone":3106,"minecraft:basalt":1,"minecraft:oak_fence":17,"minecraft:crafting_table":15,"minecraft:andesite_slab":1,"minecraft:stone_slab":2,"minecraft:lapis_ore":15,"forbidden_arcanus:petrified_root":4,"minecraft:polished_blackstone_brick_stairs":1,"minecraft:dead_fire_coral_block":6,"forbidden_arcanus:xpetrified_ore":34,"minecraft:dead_brain_coral_block":7,"minecraft:coal_ore":260,"create:birch_window":1,"minecraft:cherry_leaves":39,"forbidden_arcanus:runic_deepslate":1},"minecraft:used":{"minecraft:moss_block":1,"magistuarmory:corruptedroundshield":5,"minecraft:ladder":89,"minecraft:chest":4,"minecraft:stone":1,"create:tiled_glass":64,"create:oak_window":1,"minecraft:rotten_flesh":1,"minecraft:soul_sand":2,"minecraft:spruce_boat":1,"minecraft:bow":49,"minecraft:furnace":13,"minecraft:oak_sapling":1,"minecraft:egg":6,"minecraft:potato":5,"minecraft:blackstone":4,"create:crimsite":11,"minecraft:wooden_pickaxe":87,"minecraft:cookie":3,"minecraft:golden_apple":15,"minecraft:glow_berries":11,"minecraft:blast_furnace":6,"tetra:modular_double":1,"minecraft:pufferfish":1,"minecraft:nether_wart_block":4,"minecraft:diamond_sword":181,"minecraft:smithing_table":1,"minecraft:oak_boat":3,"minecraft:oak_trapdoor":4,"create:limestone":969,"minecraft:stone_sword":29,"create:veridium":20,"create:polished_cut_tuff":34,"minecraft:cooked_salmon":118,"minecraft:netherrack":159,"minecraft:torch":472,"minecraft:stone_stairs":2,"minecraft:nether_brick_slab":3,"minecraft:golden_shovel":13,"minecraft:dead_brain_coral_block":20,"minecraft:oak_fence_gate":2,"minecraft:shroomlight":5,"create:polished_cut_tuff_slab":6,"minecraft:iron_axe":313,"minecraft:spruce_button":1,"rechiseled:oak_planks_diagonal_tiles":505,"minecraft:barrel":13,"magistuarmory:diamond_chainmorgenstern":31,"minecraft:cobbled_deepslate":166,"minecraft:golden_axe":48,"minecraft:calcite":64,"minecraft:wheat_seeds":31,"minecraft:water_bucket":14,"minecraft:cherry_planks":15,"minecraft:salmon":2,"minecraft:crafting_table":28,"minecraft:red_bed":1,"minecraft:white_bed":3,"minecraft:oak_log":5,"minecraft:diamond_pickaxe":3687,"minecraft:diamond_shovel":296,"minecraft:iron_pickaxe":2258,"recrafted_creatures:apple_slice":4,"forbidden_arcanus:aureal_bottle":1,"minecraft:spruce_trapdoor":2,"minecraft:spruce_sapling":5,"minecraft:cobblestone":472,"minecraft:cooked_porkchop":10,"magistuarmory:diamond_claymore":257,"magistuarmory:rusted_heavymace":2,"minecraft:iron_shovel":1718,"minecraft:bone_block":1,"minecraft:shield":87,"minecraft:iron_sword":228,"minecraft:nether_bricks":15,"minecraft:tuff":18,"minecraft:obsidian":1,"minecraft:iron_helmet":1,"minecraft:stone_pickaxe":791,"minecraft:oak_planks":109,"minecraft:diamond_axe":609,"minecraft:white_wool":7,"minecraft:crossbow":82,"minecraft:shears":20,"sophisticatedbackpacks:backpack":1,"minecraft:heavy_weighted_pressure_plate":6,"minecraft:melon_slice":3,"minecraft:bread":11,"minecraft:iron_door":3,"minecraft:deepslate":2,"minecraft:gravel":18,"rechiseled:cobblestone_pulverized":6,"minecraft:cooked_rabbit":6,"minecraft:andesite":17,"create:small_andesite_bricks":74,"minecraft:coarse_dirt":2,"minecraft:bone_meal":6,"minecraft:golden_pickaxe":132,"minecraft:oak_fence":67,"minecraft:flint_and_steel":90,"minecraft:stone_shovel":132,"minecraft:spruce_planks":10,"minecraft:cooked_chicken":7,"minecraft:dirt":240,"minecraft:spyglass":9,"minecraft:iron_hoe":19,"minecraft:wooden_axe":34,"minecraft:iron_boots":2,"minecraft:golden_carrot":6,"minecraft:cooked_beef":23,"minecraft:cooked_mutton":6,"create:empty_blaze_burner":1,"minecraft:baked_potato":15,"minecraft:red_nether_bricks":1,"minecraft:spruce_sign":2,"minecraft:stonecutter":2,"minecraft:green_bed":3,"minecraft:smoker":4,"minecraft:flower_pot":1,"minecraft:apple":92,"minecraft:cherry_door":7,"minecraft:chicken":6,"minecraft:stone_axe":59,"minecraft:white_banner":2,"minecraft:bucket":16,"minecraft:gray_wool":2},"minecraft:crafted":{"minecraft:smooth_stone":7,"minecraft:diamond_shovel":1,"minecraft:cooked_mutton":5,"minecraft:glass":50,"minecraft:diamond_helmet":2,"minecraft:diamond_leggings":1,"sophisticatedbackpacks:copper_backpack":1,"minecraft:iron_door":3,"create:small_andesite_bricks":8,"minecraft:cooked_rabbit":6,"minecraft:golden_axe":1,"minecraft:cooked_porkchop":11,"minecraft:diamond_axe":1,"minecraft:copper_ingot":35,"minecraft:iron_pickaxe":11,"minecraft:gold_ingot":242,"minecraft:golden_carrot":14,"minecraft:stone_shovel":1,"create:white_sail":4,"minecraft:bone_meal":63,"minecraft:ladder":39,"minecraft:stone_pickaxe":5,"minecraft:diamond_boots":1,"minecraft:spruce_boat":1,"sophisticatedbackpacks:gold_backpack":1,"minecraft:oak_fence_gate":2,"minecraft:golden_apple":25,"create:polished_cut_tuff_slab":6,"magistuarmory:diamond_claymore":1,"minecraft:wooden_axe":1,"minecraft:oak_stairs":4,"minecraft:iron_shovel":7,"minecraft:iron_leggings":3,"minecraft:white_bed":2,"minecraft:oak_planks":1775,"minecraft:barrel":9,"minecraft:cherry_slab":6,"minecraft:cooked_chicken":7,"minecraft:stone":73,"minecraft:heavy_weighted_pressure_plate":6,"minecraft:iron_boots":3,"minecraft:chest":4,"minecraft:oak_fence":54,"minecraft:golden_boots":2,"minecraft:oak_slab":126,"magistuarmory:diamond_shortsword":1,"minecraft:arrow":76,"sophisticatedbackpacks:backpack":1,"minecraft:crafting_table":15,"minecraft:spruce_planks":60,"minecraft:iron_helmet":3,"minecraft:wooden_pickaxe":1,"minecraft:baked_potato":19,"minecraft:birch_planks":284,"minecraft:spruce_trapdoor":2,"minecraft:iron_chestplate":2,"minecraft:diamond_pickaxe":1,"minecraft:shield":4,"minecraft:stick":292,"minecraft:iron_ingot":393,"minecraft:stone_sword":2,"minecraft:shears":2,"magistuarmory:leather_strip":6,"minecraft:cherry_planks":232,"minecraft:spruce_button":1,"minecraft:blast_furnace":1,"minecraft:furnace":7,"create:oak_window":20,"minecraft:oak_trapdoor":2,"minecraft:flint_and_steel":2,"magistuarmory:hilt":1,"minecraft:iron_axe":2,"minecraft:iron_hoe":1,"sophisticatedbackpacks:iron_backpack":1,"minecraft:cooked_beef":23,"create:andesite_alloy":32,"recrafted_creatures:apple_slice":180,"minecraft:diamond_sword":2,"minecraft:iron_sword":2,"minecraft:bucket":2,"minecraft:stone_axe":1,"minecraft:bread":2,"minecraft:air":0,"minecraft:oak_boat":2,"minecraft:white_wool":9,"minecraft:gold_nugget":234,"minecraft:raw_gold":9,"minecraft:cherry_door":3,"minecraft:stonecutter":2,"minecraft:torch":488,"minecraft:diamond_chestplate":1},"minecraft:dropped":{"minecraft:iron_sword":3,"minecraft:porkchop":3,"minecraft:lapis_lazuli":165,"minecraft:glow_ink_sac":8,"minecraft:glass_bottle":2,"minecraft:diamond":8,"minecraft:crafting_table":2,"minecraft:weeping_vines":1,"minecraft:saddle":1,"minecraft:rail":3,"minecraft:item_frame":11,"minecraft:dirt":954,"minecraft:grass":36,"create:oak_window":19,"rechiseled:oak_planks_diagonal_tiles":18,"create:scorchia":2,"minecraft:gold_nugget":12,"minecraft:phantom_membrane":1,"minecraft:sand":215,"minecraft:iron_pickaxe":3,"minecraft:fermented_spider_eye":2,"minecraft:cherry_door":2,"minecraft:white_wool":4,"minecraft:cyan_carpet":13,"minecraft:bone":2,"magistuarmory:rustedchainmail_leggings":1,"minecraft:stone_axe":1,"minecraft:compass":1,"minecraft:iron_nugget":9,"minecraft:golden_chestplate":4,"minecraft:cobbled_deepslate":112,"minecraft:nether_brick":2,"minecraft:birch_sapling":37,"minecraft:wheat":2,"minecraft:obsidian":10,"minecraft:rotten_flesh":13,"minecraft:oak_planks":5,"recrafted_creatures:apple_slice":114,"minecraft:golden_shovel":1,"magistuarmory:leather_strip":5,"create:white_sail":4,"minecraft:salmon":1,"minecraft:dead_fire_coral_block":4,"create:polished_cut_tuff":1,"minecraft:leather_boots":2,"minecraft:ladder":7,"forbidden_arcanus:arcane_crystal":4,"rechiseled:oak_planks_woven":64,"minecraft:red_nether_bricks":1,"minecraft:crimson_planks":14,"minecraft:egg":1,"minecraft:golden_boots":4,"minecraft:iron_ingot":82,"minecraft:chiseled_nether_bricks":1,"minecraft:wheat_seeds":16,"minecraft:dripstone_block":9,"minecraft:oak_fence":6,"minecraft:feather":7,"forbidden_arcanus:stellarite_piece":1,"minecraft:iron_helmet":1,"minecraft:cobblestone":849,"minecraft:book":2,"forbidden_arcanus:xpetrified_orb":12,"minecraft:apple":27,"minecraft:golden_apple":2,"minecraft:pufferfish":1,"artifacts:lucky_scarf":1,"minecraft:cherry_planks":17,"minecraft:cooked_salmon":9,"minecraft:potion":1,"minecraft:oak_stairs":2,"minecraft:iron_shovel":1,"minecraft:paper":6,"minecraft:string":10,"minecraft:spruce_sapling":5,"create:raw_zinc":36,"minecraft:stone_brick_slab":3,"minecraft:furnace":2,"minecraft:moss_carpet":5,"create:ochrum":1,"minecraft:stone_sword":3,"minecraft:green_bed":1,"minecraft:chicken":1,"minecraft:clay_ball":24,"minecraft:iron_boots":3,"sophisticatedbackpacks:backpack":1,"magistuarmory:rusted_heavymace":1,"minecraft:white_terracotta":1,"minecraft:nether_bricks":1,"forbidden_arcanus:bat_wing":4,"minecraft:shears":1,"minecraft:diamond_sword":1,"minecraft:sea_pickle":1,"minecraft:spruce_planks":6,"minecraft:diamond_pickaxe":4,"create:hand_crank":1,"minecraft:spider_eye":2,"minecraft:barrel":1,"minecraft:warped_button":1,"minecraft:bow":1,"create:tiled_glass":1,"minecraft:nether_brick_stairs":12,"minecraft:moss_block":3,"minecraft:diamond_axe":1,"minecraft:oak_log":71,"minecraft:leather":32,"create:crimsite":21,"magistuarmory:rustednorman_helmet":1,"minecraft:flint":9,"minecraft:cornflower":21,"gravestone:obituary":88,"create:iron_sheet":1,"minecraft:gold_ingot":36,"minecraft:gravel":36,"minecraft:chiseled_polished_blackstone":1,"minecraft:blackstone":17,"minecraft:spyglass":4,"minecraft:pointed_dripstone":2,"forbidden_arcanus:aureal_bottle":1,"minecraft:honey_bottle":2,"minecraft:chest":1,"tetra:modular_double":1,"rechiseled:cobblestone_pulverized":2,"minecraft:netherrack":55,"minecraft:bread":3,"tetra:scroll_rolled":9,"minecraft:cherry_log":13,"minecraft:mossy_cobblestone":2,"minecraft:stick":7,"minecraft:diorite":8,"minecraft:torch":1,"minecraft:fire_charge":9,"minecraft:smooth_quartz_slab":2,"minecraft:iron_axe":1,"minecraft:redstone":207,"minecraft:nether_brick_slab":6,"minecraft:raw_copper":2,"minecraft:tuff":56,"create:encased_chain_drive":2,"minecraft:raw_iron":2,"create:veridium":2,"minecraft:iron_chestplate":2,"minecraft:andesite":56,"artifacts:pocket_piston":1,"minecraft:oak_sapling":2,"minecraft:spruce_log":7,"minecraft:stone_pickaxe":1,"minecraft:raw_gold":3,"minecraft:dead_brain_coral_block":1,"minecraft:calcite":4}},"DataVersion":3465}