{"stats":{"minecraft:crafted":{"minecraft:oak_planks":16,"minecraft:smooth_stone":3,"minecraft:cooked_chicken":7,"minecraft:stone":66,"minecraft:cooked_mutton":5,"minecraft:diamond_helmet":1,"minecraft:iron_boots":2,"minecraft:chest":1,"create:small_andesite_bricks":8,"minecraft:cooked_rabbit":6,"minecraft:golden_axe":1,"minecraft:cooked_porkchop":11,"minecraft:crafting_table":7,"minecraft:spruce_planks":8,"minecraft:iron_helmet":1,"minecraft:wooden_pickaxe":1,"minecraft:baked_potato":19,"minecraft:birch_planks":28,"minecraft:iron_chestplate":1,"minecraft:diamond_pickaxe":1,"minecraft:shield":1,"minecraft:stick":144,"minecraft:iron_ingot":280,"minecraft:iron_pickaxe":9,"minecraft:stone_sword":2,"minecraft:gold_ingot":50,"minecraft:golden_carrot":14,"minecraft:cherry_planks":88,"minecraft:stone_shovel":1,"minecraft:blast_furnace":1,"minecraft:furnace":7,"minecraft:bone_meal":33,"minecraft:flint_and_steel":1,"minecraft:iron_axe":2,"minecraft:stone_pickaxe":5,"minecraft:cooked_beef":4,"minecraft:diamond_sword":1,"minecraft:iron_sword":1,"minecraft:bucket":1,"minecraft:stone_axe":1,"minecraft:bread":2,"minecraft:air":0,"minecraft:gold_nugget":117,"minecraft:wooden_axe":1,"minecraft:iron_shovel":7,"minecraft:iron_leggings":1,"minecraft:stonecutter":1,"minecraft:white_bed":2,"minecraft:torch":260},"minecraft:killed_by":{"specialmobs:skeleton":3,"artifacts:mimic":1,"specialmobs:creeper":2,"minecraft:player":1,"specialmobs:enderman":1,"specialmobs:hungryzombie":3,"specialmobs:weatheredskeleton":2,"specialmobs:gatlingskeleton":1,"specialmobs:zombie":2,"specialmobs:bruteskeleton":1},"minecraft:broken":{"minecraft:iron_shovel":5,"minecraft:stone_pickaxe":6,"minecraft:stone_shovel":1,"magistuarmory:rustedchainmail_boots":2,"magistuarmory:rustedkettlehat":1,"magistuarmory:corruptedroundshield":1,"magistuarmory:rustedgreathelm":1,"minecraft:wooden_pickaxe":1,"minecraft:shield":1,"minecraft:golden_axe":1,"minecraft:iron_axe":1,"minecraft:iron_pickaxe":8,"minecraft:golden_pickaxe":1,"magistuarmory:rustedbarbute":1},"minecraft:used":{"magistuarmory:corruptedroundshield":5,"magistuarmory:rusted_heavymace":2,"minecraft:iron_shovel":1315,"minecraft:chest":1,"minecraft:shield":41,"minecraft:stone":1,"minecraft:iron_sword":218,"minecraft:rotten_flesh":1,"minecraft:tuff":3,"minecraft:obsidian":1,"minecraft:oak_sapling":1,"minecraft:furnace":11,"minecraft:egg":4,"minecraft:potato":5,"minecraft:stone_pickaxe":791,"minecraft:wooden_pickaxe":87,"minecraft:cookie":3,"minecraft:glow_berries":11,"minecraft:blast_furnace":6,"tetra:modular_double":1,"minecraft:bread":11,"minecraft:melon_slice":3,"minecraft:gravel":1,"minecraft:pufferfish":1,"minecraft:diamond_sword":38,"rechiseled:cobblestone_pulverized":2,"minecraft:smithing_table":1,"minecraft:cooked_rabbit":6,"minecraft:andesite":16,"create:small_andesite_bricks":74,"minecraft:coarse_dirt":1,"minecraft:golden_pickaxe":106,"minecraft:stone_sword":29,"minecraft:flint_and_steel":12,"minecraft:stone_shovel":132,"minecraft:spruce_planks":1,"minecraft:cooked_salmon":49,"minecraft:cooked_chicken":4,"minecraft:netherrack":24,"minecraft:torch":273,"minecraft:dirt":142,"minecraft:spyglass":9,"minecraft:dead_brain_coral_block":5,"minecraft:wooden_axe":34,"minecraft:iron_axe":281,"minecraft:iron_boots":1,"minecraft:golden_carrot":6,"minecraft:cooked_beef":4,"minecraft:cobbled_deepslate":91,"minecraft:golden_axe":32,"minecraft:cooked_mutton":4,"minecraft:water_bucket":6,"minecraft:baked_potato":15,"minecraft:spruce_sign":2,"minecraft:stonecutter":1,"minecraft:green_bed":3,"minecraft:crafting_table":11,"minecraft:red_bed":1,"minecraft:white_bed":3,"minecraft:smoker":4,"minecraft:oak_log":2,"minecraft:flower_pot":1,"minecraft:diamond_pickaxe":235,"minecraft:apple":4,"minecraft:iron_pickaxe":2256,"forbidden_arcanus:aureal_bottle":1,"minecraft:spruce_sapling":5,"minecraft:stone_axe":59,"minecraft:cobblestone":295,"minecraft:white_banner":1,"minecraft:cooked_porkchop":8,"minecraft:bucket":7},"minecraft:mined":{"create:deepslate_zinc_ore":2,"minecraft:spruce_planks":1,"minecraft:white_bed":1,"minecraft:cherry_log":239,"minecraft:grass_block":741,"minecraft:infested_cobblestone":2,"minecraft:tube_coral_block":1,"minecraft:magma_block":3,"minecraft:fire":9,"minecraft:cobbled_deepslate":11,"minecraft:iron_ore":182,"minecraft:deepslate_lapis_ore":3,"rechiseled:cobblestone_pulverized":2,"create:asurine":5,"minecraft:dirt_path":4,"minecraft:oak_stairs":2,"minecraft:brain_coral_block":19,"minecraft:green_bed":4,"minecraft:deepslate_redstone_ore":4,"minecraft:red_bed":1,"minecraft:blackstone":7,"minecraft:smoker":4,"minecraft:clay":1,"minecraft:torch":11,"minecraft:blast_furnace":5,"minecraft:calcite":6,"minecraft:chest":1,"minecraft:cobblestone":137,"minecraft:oak_planks":6,"minecraft:wall_torch":8,"minecraft:pink_petals":4,"specialmobs:infested_fire_coral_block":4,"minecraft:birch_log":7,"minecraft:grass":132,"minecraft:oak_log":28,"minecraft:dirt":726,"minecraft:netherrack":41,"create:crimsite":3,"minecraft:oak_leaves":31,"minecraft:deepslate":129,"create:zinc_ore":19,"minecraft:tuff":46,"minecraft:mossy_cobblestone":5,"minecraft:deepslate_diamond_ore":5,"minecraft:glow_lichen":1,"gravestone:gravestone":17,"minecraft:decorated_pot":1,"specialmobs:infested_brain_coral_block":6,"minecraft:spruce_leaves":12,"minecraft:large_fern":1,"forbidden_arcanus:arcane_crystal_ore":2,"minecraft:redstone_ore":3,"forbidden_arcanus:deepslate_arcane_crystal_ore":24,"minecraft:furnace":6,"minecraft:andesite":266,"minecraft:peony":2,"minecraft:bookshelf":2,"minecraft:deepslate_iron_ore":102,"minecraft:stone":2052,"minecraft:fire_coral_block":6,"minecraft:smithing_table":1,"minecraft:potted_lily_of_the_valley":1,"minecraft:stone_brick_slab":3,"minecraft:crafting_table":5,"minecraft:cornflower":5,"create:small_andesite_bricks":3,"minecraft:emerald_ore":2,"minecraft:andesite_slab":1,"minecraft:stone_slab":2,"minecraft:tall_grass":12,"minecraft:lapis_ore":13,"minecraft:deepslate_gold_ore":24,"minecraft:diorite":10,"minecraft:dead_fire_coral_block":6,"minecraft:coarse_dirt":1,"forbidden_arcanus:xpetrified_ore":18,"minecraft:spruce_log":7,"minecraft:dead_brain_coral_block":7,"minecraft:coal_ore":189,"minecraft:cherry_leaves":39,"minecraft:gravel":2,"minecraft:dripstone_block":2,"minecraft:cobweb":12,"minecraft:stone_bricks":4,"minecraft:gold_ore":17,"minecraft:fern":1},"minecraft:picked_up":{"minecraft:flower_pot":1,"minecraft:smithing_table":1,"minecraft:stone_slab":2,"minecraft:oak_stairs":2,"forbidden_arcanus:xpetrified_orb":18,"minecraft:string":16,"minecraft:raw_copper":3,"minecraft:cooked_salmon":74,"minecraft:pufferfish":2,"minecraft:sea_pickle":1,"minecraft:cobbled_deepslate":175,"minecraft:spruce_planks":1,"minecraft:calcite":4,"minecraft:furnace":6,"minecraft:stick":62,"forbidden_arcanus:aureal_bottle":1,"minecraft:torch":29,"minecraft:green_bed":5,"magistuarmory:rusted_heavymace":2,"minecraft:porkchop":13,"minecraft:cherry_log":238,"minecraft:diorite":8,"minecraft:stone_sword":2,"minecraft:rotten_flesh":3,"create:asurine":5,"minecraft:cobblestone":2011,"minecraft:birch_log":7,"minecraft:pink_petals":5,"minecraft:feather":7,"magistuarmory:rustedchainmail_boots":3,"minecraft:cherry_planks":1,"minecraft:andesite":255,"minecraft:smoker":4,"minecraft:tuff":37,"create:raw_zinc":40,"artifacts:flame_pendant":1,"minecraft:lapis_lazuli":66,"minecraft:dirt":1315,"minecraft:leather_boots":1,"minecraft:bone":4,"minecraft:wheat_seeds":22,"minecraft:raw_gold":41,"minecraft:powered_rail":4,"minecraft:oak_planks":7,"tetra:modular_double":1,"minecraft:lily_of_the_valley":1,"magistuarmory:rustedgreathelm":1,"minecraft:mossy_cobblestone":6,"create:small_andesite_bricks":2,"minecraft:diamond":5,"magistuarmory:corruptedroundshield":1,"minecraft:dead_brain_coral_block":15,"minecraft:spruce_sign":2,"minecraft:bread":5,"minecraft:emerald":2,"minecraft:oak_sapling":7,"minecraft:netherrack":41,"minecraft:andesite_slab":1,"minecraft:diamond_pickaxe":1,"minecraft:coarse_dirt":1,"minecraft:crafting_table":5,"minecraft:chicken":5,"minecraft:clay_ball":4,"gravestone:obituary":4,"minecraft:cornflower":34,"minecraft:red_bed":1,"minecraft:cyan_carpet":7,"minecraft:blackstone":17,"minecraft:beef":8,"minecraft:chest":1,"minecraft:birch_sapling":2,"minecraft:egg":4,"minecraft:raw_iron":343,"forbidden_arcanus:bat_wing":2,"magistuarmory:rustedbarbute":1,"minecraft:fire_charge":2,"magistuarmory:rustedkettlehat":1,"minecraft:redstone":31,"minecraft:arrow":4,"minecraft:decorated_pot":1,"minecraft:peony":2,"artifacts:snowshoes":1,"minecraft:glow_berries":10,"minecraft:mutton":2,"minecraft:rail":7,"minecraft:white_wool":7,"rechiseled:cobblestone_pulverized":2,"minecraft:glow_ink_sac":1,"minecraft:salmon":4,"minecraft:leather":4,"artifacts:onion_ring":1,"minecraft:oak_log":28,"minecraft:gunpowder":8,"minecraft:paper":5,"minecraft:white_banner":1,"minecraft:stone_bricks":4,"minecraft:iron_ingot":1,"minecraft:stone_pickaxe":2,"minecraft:glass_bottle":1,"minecraft:book":6,"minecraft:stone_brick_slab":3,"minecraft:spyglass":4,"minecraft:gravel":2,"minecraft:dead_fire_coral_block":12,"minecraft:spruce_sapling":7,"minecraft:blast_furnace":5,"minecraft:white_bed":1,"minecraft:spruce_log":7,"magistuarmory:rustedchainmail_leggings":1,"minecraft:spider_eye":1,"forbidden_arcanus:arcane_crystal":30,"minecraft:cherry_sapling":65,"minecraft:coal":267},"minecraft:custom":{"minecraft:interact_with_crafting_table":69,"minecraft:open_barrel":17,"minecraft:leave_game":4,"minecraft:time_since_death":64592,"minecraft:sprint_one_cm":1439755,"minecraft:damage_blocked_by_shield":2535,"minecraft:drop":161,"minecraft:talked_to_villager":7,"minecraft:play_time":465458,"minecraft:deaths":19,"minecraft:jump":4286,"minecraft:walk_on_water_one_cm":105794,"minecraft:interact_with_furnace":75,"minecraft:interact_with_cartography_table":1,"minecraft:interact_with_loom":1,"minecraft:sleep_in_bed":16,"minecraft:damage_dealt":13126,"minecraft:crouch_one_cm":49441,"minecraft:interact_with_smoker":25,"minecraft:interact_with_smithing_table":4,"minecraft:mob_kills":79,"minecraft:climb_one_cm":6552,"minecraft:walk_one_cm":1375170,"minecraft:sneak_time":18364,"minecraft:walk_under_water_one_cm":53769,"minecraft:interact_with_blast_furnace":58,"minecraft:total_world_time":465458,"minecraft:pot_flower":1,"minecraft:interact_with_stonecutter":2,"minecraft:time_since_rest":1736,"minecraft:damage_taken":11478,"minecraft:swim_one_cm":82689,"minecraft:fly_one_cm":318793,"minecraft:open_chest":157,"minecraft:fall_one_cm":78767},"minecraft:killed":{"minecraft:pufferfish":1,"specialmobs:skeleton":10,"minecraft:chicken":5,"specialmobs:firespider":1,"specialmobs:puffersilverfish":10,"minecraft:pig":8,"specialmobs:fishingzombie":3,"minecraft:salmon":9,"specialmobs:watercavespider":1,"minecraft:sheep":1,"minecraft:pillager":4,"specialmobs:gatlingskeleton":1,"specialmobs:giantzombie":1,"specialmobs:spider":4,"specialmobs:cavespider":2,"specialmobs:deathcreeper":1,"minecraft:cow":3,"specialmobs:zombie":8,"specialmobs:plaguezombie":1,"specialmobs:hungryzombie":2,"specialmobs:creeper":1},"minecraft:dropped":{"minecraft:iron_sword":1,"minecraft:lapis_lazuli":6,"minecraft:oak_log":7,"minecraft:glow_ink_sac":1,"minecraft:glass_bottle":2,"minecraft:crafting_table":1,"minecraft:leather":4,"minecraft:flint":2,"minecraft:dirt":619,"minecraft:cornflower":14,"gravestone:obituary":16,"minecraft:gold_nugget":8,"create:iron_sheet":1,"minecraft:iron_pickaxe":1,"minecraft:white_wool":1,"minecraft:cyan_carpet":7,"minecraft:bone":1,"magistuarmory:rustedchainmail_leggings":1,"minecraft:gravel":1,"minecraft:stone_axe":1,"minecraft:compass":1,"minecraft:blackstone":17,"minecraft:spyglass":4,"minecraft:iron_nugget":6,"minecraft:golden_chestplate":1,"minecraft:cobbled_deepslate":61,"minecraft:wheat":2,"minecraft:obsidian":10,"minecraft:rotten_flesh":2,"minecraft:oak_planks":1,"forbidden_arcanus:aureal_bottle":1,"minecraft:honey_bottle":2,"minecraft:salmon":1,"minecraft:dead_fire_coral_block":4,"minecraft:leather_boots":2,"minecraft:chest":1,"forbidden_arcanus:arcane_crystal":4,"tetra:modular_double":1,"minecraft:netherrack":17,"minecraft:bread":3,"minecraft:iron_ingot":18,"minecraft:wheat_seeds":11,"minecraft:cherry_log":13,"minecraft:cobblestone":303,"minecraft:book":2,"forbidden_arcanus:xpetrified_orb":12,"minecraft:pufferfish":1,"minecraft:stick":2,"minecraft:diorite":8,"minecraft:cherry_planks":17,"minecraft:fire_charge":2,"minecraft:oak_stairs":2,"minecraft:paper":3,"create:raw_zinc":20,"minecraft:spruce_sapling":2,"minecraft:stone_brick_slab":3,"minecraft:furnace":1,"minecraft:stone_sword":3,"minecraft:green_bed":1,"minecraft:tuff":22,"minecraft:clay_ball":4,"minecraft:iron_boots":1,"magistuarmory:rusted_heavymace":1,"forbidden_arcanus:bat_wing":4,"minecraft:sea_pickle":1,"minecraft:andesite":55,"minecraft:oak_sapling":2,"minecraft:spider_eye":1,"minecraft:spruce_log":7,"minecraft:stone_pickaxe":1,"minecraft:dead_brain_coral_block":1,"minecraft:calcite":4}},"DataVersion":3465}