{"stats":{"minecraft:used":{"magistuarmory:corruptedroundshield":5,"minecraft:stone_sword":29,"minecraft:iron_shovel":512,"minecraft:stone_shovel":132,"minecraft:spruce_planks":1,"minecraft:shield":20,"minecraft:stone":1,"minecraft:iron_sword":97,"minecraft:cooked_chicken":2,"minecraft:rotten_flesh":1,"minecraft:netherrack":24,"minecraft:torch":61,"minecraft:dirt":27,"minecraft:spyglass":6,"minecraft:obsidian":1,"minecraft:wooden_axe":34,"minecraft:furnace":9,"minecraft:cooked_beef":4,"minecraft:potato":5,"minecraft:cooked_mutton":4,"minecraft:stone_pickaxe":636,"minecraft:baked_potato":15,"minecraft:wooden_pickaxe":87,"minecraft:spruce_sign":2,"minecraft:stonecutter":1,"minecraft:green_bed":3,"minecraft:cookie":3,"minecraft:blast_furnace":1,"minecraft:crafting_table":8,"minecraft:red_bed":1,"minecraft:white_bed":1,"minecraft:smoker":2,"minecraft:oak_log":2,"minecraft:flower_pot":1,"minecraft:apple":4,"minecraft:melon_slice":2,"minecraft:bread":4,"minecraft:iron_pickaxe":896,"minecraft:spruce_sapling":5,"minecraft:gravel":1,"minecraft:stone_axe":59,"minecraft:cobblestone":72,"minecraft:white_banner":1,"minecraft:cooked_porkchop":3,"minecraft:cooked_rabbit":6,"minecraft:andesite":3,"create:small_andesite_bricks":74,"minecraft:golden_pickaxe":106},"minecraft:killed_by":{"specialmobs:skeleton":2,"specialmobs:weatheredskeleton":2,"specialmobs:zombie":1,"specialmobs:bruteskeleton":1,"specialmobs:creeper":2},"minecraft:killed":{"specialmobs:skeleton":4,"specialmobs:zombie":5,"minecraft:pig":4,"specialmobs:fishingzombie":2,"specialmobs:watercavespider":1,"minecraft:pillager":4,"specialmobs:spider":2,"specialmobs:deathcreeper":1,"minecraft:cow":3},"minecraft:mined":{"minecraft:tuff":1,"minecraft:spruce_planks":1,"minecraft:mossy_cobblestone":5,"minecraft:cherry_log":35,"gravestone:gravestone":7,"minecraft:grass_block":343,"minecraft:decorated_pot":1,"minecraft:magma_block":3,"forbidden_arcanus:deepslate_arcane_crystal_ore":2,"minecraft:furnace":6,"minecraft:iron_ore":45,"minecraft:fire":6,"minecraft:andesite":184,"minecraft:bookshelf":2,"minecraft:deepslate_iron_ore":20,"minecraft:dirt_path":2,"minecraft:oak_stairs":2,"minecraft:stone":1144,"minecraft:green_bed":4,"minecraft:red_bed":1,"minecraft:blackstone":6,"minecraft:potted_lily_of_the_valley":1,"minecraft:smoker":2,"minecraft:stone_brick_slab":3,"minecraft:crafting_table":4,"minecraft:cornflower":2,"minecraft:torch":3,"create:small_andesite_bricks":3,"minecraft:blast_furnace":1,"minecraft:emerald_ore":1,"minecraft:andesite_slab":1,"minecraft:stone_slab":2,"minecraft:tall_grass":6,"minecraft:cobblestone":45,"minecraft:deepslate_gold_ore":7,"minecraft:oak_planks":6,"minecraft:diorite":10,"minecraft:wall_torch":2,"minecraft:pink_petals":2,"forbidden_arcanus:xpetrified_ore":5,"minecraft:birch_log":7,"minecraft:grass":43,"minecraft:coal_ore":114,"minecraft:oak_log":19,"minecraft:cherry_leaves":4,"minecraft:dripstone_block":2,"minecraft:gravel":1,"minecraft:dirt":301,"minecraft:cobweb":3,"minecraft:deepslate":12,"minecraft:stone_bricks":4,"minecraft:netherrack":41,"minecraft:gold_ore":7,"create:crimsite":3,"minecraft:oak_leaves":9},"minecraft:dropped":{"minecraft:bread":3,"minecraft:wheat_seeds":4,"minecraft:cobblestone":9,"minecraft:book":2,"minecraft:leather":4,"minecraft:flint":1,"minecraft:dirt":464,"minecraft:diorite":8,"minecraft:cornflower":14,"gravestone:obituary":8,"minecraft:gold_nugget":3,"minecraft:stone_brick_slab":3,"minecraft:blackstone":8,"minecraft:compass":1,"minecraft:iron_nugget":6,"minecraft:stone_sword":2,"minecraft:golden_chestplate":1,"minecraft:tuff":2,"minecraft:wheat":2,"minecraft:honey_bottle":2,"minecraft:salmon":1,"minecraft:andesite":23,"minecraft:spider_eye":1,"minecraft:leather_boots":2,"minecraft:oak_sapling":2,"minecraft:stone_pickaxe":1,"minecraft:netherrack":17},"minecraft:crafted":{"minecraft:cherry_planks":32,"minecraft:smooth_stone":3,"minecraft:oak_planks":8,"minecraft:stone_shovel":1,"minecraft:cooked_chicken":2,"minecraft:furnace":5,"minecraft:blast_furnace":1,"minecraft:stone":7,"minecraft:cooked_mutton":3,"minecraft:iron_boots":1,"minecraft:stone_pickaxe":5,"create:small_andesite_bricks":8,"minecraft:cooked_rabbit":6,"minecraft:cooked_beef":4,"minecraft:cooked_porkchop":5,"minecraft:crafting_table":5,"minecraft:spruce_planks":8,"minecraft:baked_potato":19,"minecraft:wooden_pickaxe":1,"minecraft:iron_sword":1,"minecraft:birch_planks":28,"minecraft:stone_axe":1,"minecraft:bread":1,"minecraft:air":0,"minecraft:iron_chestplate":1,"minecraft:shield":1,"minecraft:stick":76,"minecraft:iron_ingot":56,"minecraft:iron_pickaxe":4,"minecraft:wooden_axe":1,"minecraft:stone_sword":2,"minecraft:iron_shovel":2,"minecraft:iron_leggings":1,"minecraft:stonecutter":1,"minecraft:white_bed":1,"minecraft:torch":104},"minecraft:broken":{"minecraft:iron_shovel":2,"magistuarmory:rustedchainmail_boots":2,"magistuarmory:rustedkettlehat":1,"magistuarmory:corruptedroundshield":1,"minecraft:wooden_pickaxe":1,"minecraft:stone_pickaxe":4,"minecraft:iron_pickaxe":3,"minecraft:golden_pickaxe":1,"magistuarmory:rustedbarbute":1,"minecraft:stone_shovel":1},"minecraft:custom":{"minecraft:mob_kills":28,"minecraft:interact_with_crafting_table":42,"minecraft:open_barrel":1,"minecraft:leave_game":1,"minecraft:time_since_death":41591,"minecraft:climb_one_cm":4990,"minecraft:sprint_one_cm":505914,"minecraft:walk_one_cm":583615,"minecraft:damage_blocked_by_shield":1342,"minecraft:drop":55,"minecraft:talked_to_villager":7,"minecraft:play_time":193572,"minecraft:deaths":9,"minecraft:sneak_time":6266,"minecraft:walk_under_water_one_cm":11505,"minecraft:jump":1614,"minecraft:interact_with_blast_furnace":12,"minecraft:walk_on_water_one_cm":21215,"minecraft:total_world_time":193572,"minecraft:interact_with_furnace":55,"minecraft:interact_with_loom":1,"minecraft:pot_flower":1,"minecraft:interact_with_stonecutter":2,"minecraft:sleep_in_bed":10,"minecraft:time_since_rest":40132,"minecraft:damage_taken":4709,"minecraft:damage_dealt":5482,"minecraft:swim_one_cm":16633,"minecraft:fly_one_cm":125095,"minecraft:open_chest":58,"minecraft:crouch_one_cm":16145,"minecraft:interact_with_smoker":12,"minecraft:fall_one_cm":38830},"minecraft:picked_up":{"minecraft:crafting_table":4,"minecraft:flower_pot":1,"minecraft:stone_slab":2,"minecraft:oak_stairs":2,"gravestone:obituary":1,"minecraft:cornflower":14,"minecraft:raw_copper":3,"forbidden_arcanus:xpetrified_orb":5,"minecraft:string":3,"minecraft:red_bed":1,"minecraft:blackstone":17,"minecraft:spruce_planks":1,"minecraft:beef":8,"minecraft:birch_sapling":2,"minecraft:furnace":6,"minecraft:stick":3,"minecraft:raw_iron":61,"magistuarmory:rustedbarbute":1,"minecraft:torch":9,"minecraft:green_bed":4,"minecraft:porkchop":7,"magistuarmory:rustedkettlehat":1,"minecraft:cherry_log":35,"minecraft:diorite":8,"minecraft:rotten_flesh":1,"minecraft:stone_sword":2,"minecraft:arrow":1,"minecraft:decorated_pot":1,"minecraft:white_wool":6,"minecraft:cobblestone":1002,"minecraft:birch_log":7,"minecraft:pink_petals":3,"magistuarmory:rustedchainmail_boots":2,"minecraft:glow_ink_sac":1,"minecraft:andesite":163,"minecraft:salmon":1,"minecraft:leather":4,"minecraft:smoker":2,"minecraft:tuff":2,"minecraft:oak_log":19,"minecraft:gunpowder":1,"minecraft:dirt":556,"minecraft:white_banner":1,"minecraft:leather_boots":1,"minecraft:stone_bricks":4,"minecraft:wheat_seeds":10,"minecraft:raw_gold":14,"minecraft:stone_pickaxe":2,"minecraft:oak_planks":4,"minecraft:book":6,"minecraft:stone_brick_slab":3,"minecraft:spyglass":1,"minecraft:gravel":1,"minecraft:spruce_sapling":5,"minecraft:blast_furnace":1,"minecraft:lily_of_the_valley":1,"minecraft:spider_eye":1,"minecraft:mossy_cobblestone":6,"forbidden_arcanus:arcane_crystal":2,"create:small_andesite_bricks":2,"magistuarmory:corruptedroundshield":1,"minecraft:cherry_sapling":1,"minecraft:spruce_sign":2,"minecraft:emerald":1,"minecraft:bread":1,"minecraft:oak_sapling":4,"minecraft:netherrack":41,"minecraft:coal":127,"minecraft:andesite_slab":1}},"DataVersion":3465}