{"stats":{"minecraft:used":{"magistuarmory:corruptedroundshield":5,"minecraft:stone_sword":29,"minecraft:iron_shovel":606,"minecraft:stone_shovel":132,"minecraft:spruce_planks":1,"minecraft:shield":24,"minecraft:stone":1,"minecraft:iron_sword":130,"minecraft:cooked_salmon":10,"minecraft:cooked_chicken":2,"minecraft:rotten_flesh":1,"minecraft:netherrack":24,"minecraft:torch":92,"minecraft:dirt":104,"minecraft:spyglass":6,"minecraft:obsidian":1,"minecraft:wooden_axe":34,"minecraft:iron_axe":15,"minecraft:golden_carrot":6,"minecraft:furnace":9,"minecraft:cooked_beef":4,"minecraft:potato":5,"minecraft:cooked_mutton":4,"minecraft:stone_pickaxe":683,"minecraft:baked_potato":15,"minecraft:wooden_pickaxe":87,"minecraft:spruce_sign":2,"minecraft:stonecutter":1,"minecraft:green_bed":3,"minecraft:cookie":3,"minecraft:blast_furnace":2,"minecraft:crafting_table":10,"minecraft:red_bed":1,"minecraft:white_bed":2,"minecraft:smoker":2,"minecraft:oak_log":2,"minecraft:flower_pot":1,"minecraft:apple":4,"minecraft:melon_slice":3,"minecraft:bread":5,"minecraft:iron_pickaxe":1343,"minecraft:pufferfish":1,"minecraft:spruce_sapling":5,"minecraft:gravel":1,"minecraft:stone_axe":59,"minecraft:cobblestone":174,"minecraft:white_banner":1,"minecraft:cooked_porkchop":4,"minecraft:bucket":1,"minecraft:cooked_rabbit":6,"minecraft:andesite":12,"create:small_andesite_bricks":74,"minecraft:golden_pickaxe":106},"minecraft:killed_by":{"specialmobs:skeleton":2,"specialmobs:weatheredskeleton":2,"specialmobs:zombie":2,"specialmobs:bruteskeleton":1,"specialmobs:creeper":2},"minecraft:killed":{"minecraft:pufferfish":1,"specialmobs:skeleton":4,"specialmobs:zombie":6,"specialmobs:puffersilverfish":10,"minecraft:pig":4,"specialmobs:fishingzombie":2,"specialmobs:hungryzombie":1,"specialmobs:watercavespider":1,"minecraft:pillager":4,"specialmobs:spider":2,"specialmobs:deathcreeper":1,"minecraft:cow":3},"minecraft:mined":{"minecraft:tuff":1,"minecraft:spruce_planks":1,"minecraft:mossy_cobblestone":5,"minecraft:cherry_log":35,"minecraft:glow_lichen":1,"gravestone:gravestone":8,"minecraft:grass_block":379,"minecraft:decorated_pot":1,"specialmobs:infested_brain_coral_block":6,"forbidden_arcanus:arcane_crystal_ore":2,"minecraft:magma_block":3,"forbidden_arcanus:deepslate_arcane_crystal_ore":2,"minecraft:furnace":6,"minecraft:iron_ore":102,"minecraft:fire":6,"minecraft:andesite":212,"minecraft:bookshelf":2,"minecraft:deepslate_iron_ore":27,"minecraft:dirt_path":2,"minecraft:oak_stairs":2,"minecraft:brain_coral_block":19,"minecraft:stone":1464,"minecraft:fire_coral_block":6,"minecraft:green_bed":4,"minecraft:red_bed":1,"minecraft:blackstone":7,"minecraft:potted_lily_of_the_valley":1,"minecraft:smoker":2,"minecraft:stone_brick_slab":3,"minecraft:crafting_table":5,"minecraft:cornflower":2,"minecraft:torch":3,"create:small_andesite_bricks":3,"minecraft:blast_furnace":2,"minecraft:emerald_ore":1,"minecraft:andesite_slab":1,"minecraft:stone_slab":2,"minecraft:tall_grass":6,"minecraft:cobblestone":58,"minecraft:lapis_ore":5,"minecraft:deepslate_gold_ore":7,"minecraft:oak_planks":6,"minecraft:diorite":10,"minecraft:wall_torch":4,"minecraft:pink_petals":2,"specialmobs:infested_fire_coral_block":4,"forbidden_arcanus:xpetrified_ore":13,"minecraft:birch_log":7,"minecraft:grass":48,"minecraft:coal_ore":118,"minecraft:oak_log":19,"minecraft:cherry_leaves":4,"minecraft:dripstone_block":2,"minecraft:gravel":2,"minecraft:dirt":366,"minecraft:cobweb":3,"minecraft:deepslate":12,"minecraft:stone_bricks":4,"minecraft:netherrack":41,"minecraft:gold_ore":12,"create:crimsite":3,"minecraft:oak_leaves":9},"minecraft:dropped":{"minecraft:iron_ingot":18,"minecraft:bread":3,"minecraft:wheat_seeds":4,"minecraft:cherry_log":13,"minecraft:glow_ink_sac":1,"minecraft:cobblestone":9,"minecraft:book":2,"forbidden_arcanus:xpetrified_orb":12,"minecraft:leather":4,"minecraft:flint":1,"minecraft:dirt":464,"minecraft:diorite":8,"minecraft:cornflower":14,"minecraft:oak_stairs":2,"gravestone:obituary":9,"minecraft:gold_nugget":8,"minecraft:paper":3,"minecraft:stone_brick_slab":3,"minecraft:bone":1,"minecraft:gravel":1,"minecraft:blackstone":17,"minecraft:compass":1,"minecraft:spyglass":1,"minecraft:iron_nugget":6,"minecraft:stone_sword":2,"minecraft:golden_chestplate":1,"minecraft:tuff":2,"minecraft:wheat":2,"minecraft:honey_bottle":2,"forbidden_arcanus:bat_wing":4,"minecraft:salmon":1,"minecraft:sea_pickle":1,"forbidden_arcanus:arcane_crystal":4,"minecraft:andesite":23,"minecraft:spider_eye":1,"minecraft:leather_boots":2,"minecraft:oak_sapling":2,"minecraft:stone_pickaxe":1,"minecraft:dead_brain_coral_block":1,"minecraft:netherrack":17},"minecraft:crafted":{"minecraft:golden_carrot":14,"minecraft:cherry_planks":48,"minecraft:smooth_stone":3,"minecraft:oak_planks":8,"minecraft:stone_shovel":1,"minecraft:cooked_chicken":2,"minecraft:furnace":5,"minecraft:blast_furnace":1,"minecraft:stone":66,"minecraft:cooked_mutton":3,"minecraft:iron_boots":1,"minecraft:iron_axe":1,"minecraft:stone_pickaxe":5,"minecraft:chest":1,"create:small_andesite_bricks":8,"minecraft:cooked_rabbit":6,"minecraft:cooked_beef":4,"minecraft:cooked_porkchop":5,"minecraft:crafting_table":6,"minecraft:spruce_planks":8,"minecraft:baked_potato":19,"minecraft:wooden_pickaxe":1,"minecraft:iron_sword":1,"minecraft:bucket":1,"minecraft:birch_planks":28,"minecraft:stone_axe":1,"minecraft:bread":1,"minecraft:air":0,"minecraft:iron_chestplate":1,"minecraft:gold_nugget":117,"minecraft:shield":1,"minecraft:gold_ingot":18,"minecraft:stick":84,"minecraft:iron_ingot":119,"minecraft:iron_pickaxe":5,"minecraft:wooden_axe":1,"minecraft:stone_sword":2,"minecraft:iron_shovel":3,"minecraft:iron_leggings":1,"minecraft:stonecutter":1,"minecraft:white_bed":2,"minecraft:torch":104},"minecraft:broken":{"minecraft:iron_shovel":2,"magistuarmory:rustedchainmail_boots":2,"magistuarmory:rustedkettlehat":1,"magistuarmory:corruptedroundshield":1,"magistuarmory:rustedgreathelm":1,"minecraft:wooden_pickaxe":1,"minecraft:stone_pickaxe":5,"minecraft:iron_pickaxe":5,"minecraft:golden_pickaxe":1,"magistuarmory:rustedbarbute":1,"minecraft:stone_shovel":1},"minecraft:custom":{"minecraft:mob_kills":41,"minecraft:interact_with_crafting_table":53,"minecraft:open_barrel":1,"minecraft:leave_game":1,"minecraft:time_since_death":45957,"minecraft:climb_one_cm":4990,"minecraft:sprint_one_cm":689321,"minecraft:walk_one_cm":746359,"minecraft:damage_blocked_by_shield":1556,"minecraft:drop":73,"minecraft:talked_to_villager":7,"minecraft:play_time":253572,"minecraft:deaths":10,"minecraft:sneak_time":8019,"minecraft:walk_under_water_one_cm":17902,"minecraft:jump":2057,"minecraft:interact_with_blast_furnace":24,"minecraft:walk_on_water_one_cm":50395,"minecraft:total_world_time":253572,"minecraft:interact_with_furnace":56,"minecraft:interact_with_loom":1,"minecraft:pot_flower":1,"minecraft:interact_with_stonecutter":2,"minecraft:sleep_in_bed":11,"minecraft:time_since_rest":30367,"minecraft:damage_taken":6260,"minecraft:damage_dealt":7720,"minecraft:swim_one_cm":24762,"minecraft:fly_one_cm":157373,"minecraft:open_chest":66,"minecraft:crouch_one_cm":23252,"minecraft:interact_with_smoker":12,"minecraft:fall_one_cm":44271},"minecraft:picked_up":{"minecraft:crafting_table":4,"minecraft:flower_pot":1,"minecraft:stone_slab":2,"minecraft:oak_stairs":2,"gravestone:obituary":1,"minecraft:cooked_salmon":27,"minecraft:cornflower":14,"minecraft:raw_copper":3,"forbidden_arcanus:xpetrified_orb":13,"minecraft:string":3,"minecraft:red_bed":1,"minecraft:pufferfish":1,"minecraft:blackstone":17,"minecraft:sea_pickle":1,"minecraft:spruce_planks":1,"minecraft:beef":8,"minecraft:birch_sapling":2,"minecraft:furnace":6,"forbidden_arcanus:bat_wing":2,"minecraft:stick":3,"minecraft:raw_iron":118,"magistuarmory:rustedbarbute":1,"minecraft:torch":13,"minecraft:green_bed":4,"minecraft:porkchop":7,"magistuarmory:rustedkettlehat":1,"minecraft:cherry_log":35,"minecraft:diorite":8,"minecraft:rotten_flesh":1,"minecraft:stone_sword":2,"minecraft:arrow":1,"minecraft:decorated_pot":1,"minecraft:rail":7,"minecraft:white_wool":6,"minecraft:cobblestone":1318,"minecraft:birch_log":7,"minecraft:pink_petals":3,"magistuarmory:rustedchainmail_boots":2,"minecraft:glow_ink_sac":1,"minecraft:andesite":212,"minecraft:salmon":1,"minecraft:leather":4,"artifacts:onion_ring":1,"minecraft:smoker":2,"minecraft:tuff":2,"minecraft:oak_log":19,"minecraft:lapis_lazuli":33,"minecraft:gunpowder":1,"minecraft:dirt":584,"minecraft:white_banner":1,"minecraft:leather_boots":1,"minecraft:bone":1,"minecraft:stone_bricks":4,"minecraft:wheat_seeds":10,"minecraft:raw_gold":19,"minecraft:stone_pickaxe":2,"minecraft:powered_rail":4,"minecraft:oak_planks":4,"minecraft:book":6,"minecraft:stone_brick_slab":3,"minecraft:spyglass":1,"minecraft:gravel":2,"minecraft:dead_fire_coral_block":3,"magistuarmory:rustedgreathelm":1,"minecraft:spruce_sapling":5,"minecraft:blast_furnace":2,"minecraft:lily_of_the_valley":1,"minecraft:spider_eye":1,"minecraft:mossy_cobblestone":6,"forbidden_arcanus:arcane_crystal":8,"create:small_andesite_bricks":2,"minecraft:dead_brain_coral_block":12,"magistuarmory:corruptedroundshield":1,"minecraft:cherry_sapling":1,"minecraft:spruce_sign":2,"minecraft:emerald":1,"minecraft:bread":5,"minecraft:oak_sapling":4,"minecraft:netherrack":41,"minecraft:coal":139,"minecraft:andesite_slab":1}},"DataVersion":3465}