{"stats":{"minecraft:used":{"minecraft:cooked_mutton":6,"minecraft:diorite":1,"minecraft:stone_sword":3,"minecraft:stone_pickaxe":130,"minecraft:wooden_pickaxe":36,"minecraft:cooked_salmon":3,"minecraft:rotten_flesh":1,"minecraft:torch":45,"minecraft:crafting_table":6,"minecraft:white_bed":2,"minecraft:dripstone_block":2,"minecraft:wooden_axe":55,"minecraft:bread":3,"minecraft:iron_pickaxe":51,"immersive_armors:wooden_boots":1,"minecraft:cobblestone":36,"minecraft:sweet_berries":13,"minecraft:furnace":2,"minecraft:andesite":2,"minecraft:sea_pickle":2,"immersive_armors:wooden_leggings":1,"minecraft:golden_axe":16,"minecraft:dandelion":1,"minecraft:golden_pickaxe":30},"minecraft:killed_by":{"specialmobs:drowned":1},"minecraft:killed":{"minecraft:salmon":17,"specialmobs:skeleton":1,"minecraft:sheep":5},"minecraft:mined":{"create:zinc_ore":4,"minecraft:white_bed":2,"minecraft:crafting_table":4,"minecraft:spruce_trapdoor":4,"gravestone:gravestone":1,"minecraft:grass_block":1,"minecraft:cobblestone":5,"minecraft:copper_ore":12,"minecraft:tall_grass":4,"minecraft:diorite":1,"minecraft:spawner":1,"minecraft:pink_petals":2,"forbidden_arcanus:xpetrified_ore":3,"minecraft:sea_pickle":3,"minecraft:iron_ore":16,"minecraft:jukebox":1,"minecraft:andesite":20,"minecraft:azure_bluet":1,"minecraft:grass":12,"minecraft:coal_ore":63,"minecraft:oak_log":65,"minecraft:deepslate_iron_ore":8,"minecraft:bamboo":4,"minecraft:stone":67,"minecraft:gold_ore":6,"minecraft:deepslate":5},"minecraft:dropped":{"minecraft:iron_ingot":1,"minecraft:spruce_sign":1,"minecraft:wheat_seeds":1,"minecraft:stone_sword":2,"minecraft:cobbled_deepslate":2,"minecraft:jukebox":1,"minecraft:feather":10,"minecraft:obsidian":4,"minecraft:azure_bluet":1,"minecraft:pumpkin_seeds":17,"magistuarmory:chainmail_horse_armor":1,"minecraft:dirt":1,"minecraft:sea_pickle":2,"minecraft:spruce_trapdoor":2,"minecraft:andesite":34,"minecraft:oak_sapling":3,"minecraft:cooked_salmon":1,"minecraft:bone_meal":2,"gravestone:obituary":1,"minecraft:stone_pickaxe":3,"minecraft:wooden_pickaxe":1,"immersive_armors:wooden_chestplate":2,"minecraft:spruce_sapling":16,"immersive_armors:wooden_helmet":1},"minecraft:crafted":{"minecraft:oak_planks":68,"minecraft:crafting_table":2,"minecraft:wooden_pickaxe":1,"minecraft:iron_sword":1,"immersive_armors:wooden_leggings":1,"minecraft:furnace":2,"minecraft:cooked_salmon":17,"minecraft:cooked_mutton":6,"minecraft:air":0,"immersive_armors:wooden_chestplate":1,"immersive_armors:wooden_boots":1,"minecraft:stick":24,"minecraft:iron_ingot":14,"minecraft:iron_pickaxe":1,"minecraft:stone_pickaxe":2,"minecraft:wooden_axe":1,"minecraft:white_bed":1,"immersive_armors:wooden_helmet":1,"minecraft:torch":52},"minecraft:custom":{"minecraft:interact_with_furnace":30,"minecraft:mob_kills":23,"minecraft:interact_with_crafting_table":23,"minecraft:bell_ring":5,"minecraft:leave_game":3,"minecraft:time_since_death":43065,"minecraft:sleep_in_bed":6,"minecraft:climb_one_cm":7000,"minecraft:time_since_rest":21041,"minecraft:sprint_one_cm":137221,"minecraft:damage_taken":1058,"minecraft:walk_one_cm":144154,"minecraft:drop":110,"minecraft:damage_dealt":1284,"minecraft:talked_to_villager":21,"minecraft:swim_one_cm":89615,"minecraft:fly_one_cm":141009,"minecraft:open_chest":14,"minecraft:crouch_one_cm":46,"minecraft:play_time":77150,"minecraft:deaths":1,"minecraft:sneak_time":241,"minecraft:walk_under_water_one_cm":16199,"minecraft:jump":979,"minecraft:walk_on_water_one_cm":14182,"minecraft:total_world_time":77150,"minecraft:fall_one_cm":26608},"minecraft:broken":{"minecraft:stone_pickaxe":1,"minecraft:golden_axe":1,"minecraft:golden_pickaxe":1,"minecraft:wooden_axe":1},"minecraft:picked_up":{"minecraft:crafting_table":4,"minecraft:feather":5,"minecraft:azure_bluet":1,"magistuarmory:rustedhalfarmor_chestplate":1,"minecraft:andesite":36,"minecraft:salmon":18,"minecraft:wooden_pickaxe":1,"create:raw_zinc":4,"minecraft:oak_log":82,"gravestone:obituary":1,"forbidden_arcanus:xpetrified_orb":3,"minecraft:dirt":1,"minecraft:raw_copper":45,"minecraft:cooked_salmon":1,"minecraft:sea_pickle":4,"minecraft:wheat_seeds":1,"minecraft:cobbled_deepslate":2,"minecraft:raw_gold":6,"minecraft:iron_ingot":1,"minecraft:stone_pickaxe":2,"minecraft:bamboo":19,"minecraft:spruce_trapdoor":2,"minecraft:raw_iron":24,"minecraft:jukebox":2,"minecraft:dripstone_block":2,"minecraft:spruce_sapling":8,"minecraft:diorite":1,"minecraft:white_bed":2,"minecraft:stone_sword":2,"minecraft:rotten_flesh":1,"immersive_armors:wooden_chestplate":1,"minecraft:bone_meal":2,"minecraft:obsidian":2,"minecraft:mutton":8,"minecraft:coal":70,"forbidden_arcanus:spawner_scrap":1,"minecraft:white_wool":5,"minecraft:cobblestone":71}},"DataVersion":3465}