{"stats":{"minecraft:custom":{"minecraft:interact_with_crafting_table":91,"minecraft:open_barrel":46,"minecraft:bell_ring":5,"minecraft:leave_game":5,"minecraft:time_since_death":1412,"minecraft:sprint_one_cm":733819,"minecraft:damage_blocked_by_shield":2628,"minecraft:drop":370,"minecraft:talked_to_villager":21,"minecraft:play_time":463028,"minecraft:deaths":10,"minecraft:jump":5809,"minecraft:walk_on_water_one_cm":161098,"minecraft:enchant_item":5,"minecraft:interact_with_furnace":62,"minecraft:interact_with_cartography_table":1,"minecraft:sleep_in_bed":15,"minecraft:damage_dealt":25216,"minecraft:player_kills":1,"minecraft:crouch_one_cm":9507,"minecraft:interact_with_smoker":92,"minecraft:interact_with_smithing_table":1,"minecraft:interact_with_anvil":3,"minecraft:mob_kills":520,"minecraft:climb_one_cm":8780,"minecraft:walk_one_cm":856397,"minecraft:sneak_time":4540,"minecraft:walk_under_water_one_cm":294094,"minecraft:interact_with_blast_furnace":114,"minecraft:total_world_time":463028,"minecraft:interact_with_grindstone":1,"minecraft:time_since_rest":1446,"minecraft:damage_taken":12822,"minecraft:trigger_trapped_chest":1,"minecraft:swim_one_cm":762782,"minecraft:fly_one_cm":1112627,"minecraft:open_chest":210,"minecraft:fall_one_cm":149366},"minecraft:dropped":{"minecraft:spruce_sign":1,"minecraft:iron_sword":2,"minecraft:candle":4,"minecraft:moss_block":7,"minecraft:lapis_lazuli":1,"minecraft:crafting_table":2,"minecraft:rail":24,"minecraft:dirt":5,"immersive_armors:wooden_leggings":1,"minecraft:cooked_cod":2,"gravestone:obituary":3,"minecraft:bone_meal":7,"forbidden_arcanus:darkstone":1,"minecraft:iron_pickaxe":1,"immersive_armors:wooden_chestplate":2,"magistuarmory:corruptedroundshield":1,"minecraft:fishing_rod":3,"minecraft:gold_ingot":24,"minecraft:bone":2,"magistuarmory:rustedchainmail_leggings":1,"minecraft:stone_axe":1,"minecraft:spyglass":1,"minecraft:cobbled_deepslate":33,"minecraft:detector_rail":3,"immersive_armors:wooden_boots":2,"minecraft:obsidian":4,"minecraft:grindstone":1,"minecraft:rotten_flesh":1,"minecraft:oak_planks":26,"minecraft:azure_bluet":1,"minecraft:dead_fire_coral_block":1,"minecraft:charcoal":2,"magistuarmory:rustedchainmail_chestplate":1,"tetra:modular_double":1,"minecraft:powered_rail":6,"minecraft:iron_ingot":21,"minecraft:wheat_seeds":26,"minecraft:cherry_log":50,"minecraft:feather":23,"minecraft:cobblestone":136,"rechiseled:oak_planks_mosaic":1,"minecraft:activator_rail":4,"minecraft:copper_ingot":27,"minecraft:stick":15,"minecraft:diorite":4,"minecraft:nether_wart_block":1,"minecraft:cooked_salmon":281,"minecraft:iron_leggings":2,"minecraft:string":9,"minecraft:trapped_chest":1,"create:raw_zinc":6,"minecraft:spruce_sapling":16,"minecraft:stone_sword":2,"minecraft:raw_copper":5,"minecraft:jukebox":1,"magistuarmory:rustedhalfarmor_chestplate":3,"minecraft:damaged_anvil":1,"minecraft:pumpkin_seeds":17,"magistuarmory:chainmail_horse_armor":1,"minecraft:sea_pickle":2,"minecraft:spruce_trapdoor":2,"minecraft:andesite":53,"minecraft:oak_sapling":3,"minecraft:spider_eye":2,"minecraft:stone_pickaxe":3,"minecraft:wooden_pickaxe":1,"immersive_armors:wooden_helmet":1},"minecraft:picked_up":{"minecraft:enchanted_book":1,"minecraft:gilded_blackstone":3,"minecraft:crimson_planks":16,"forbidden_arcanus:xpetrified_orb":25,"minecraft:polished_blackstone_brick_stairs":1,"minecraft:string":12,"minecraft:raw_copper":79,"minecraft:cooked_salmon":5,"minecraft:iron_leggings":1,"minecraft:pufferfish":9,"minecraft:sea_pickle":4,"minecraft:activator_rail":4,"minecraft:gold_nugget":12,"minecraft:cobbled_deepslate":58,"minecraft:iron_pickaxe":2,"minecraft:furnace":1,"minecraft:stick":12,"minecraft:jukebox":2,"minecraft:torch":71,"minecraft:pointed_dripstone":57,"minecraft:diorite":9,"minecraft:stone_sword":2,"minecraft:rotten_flesh":21,"minecraft:obsidian":2,"minecraft:cod":2,"minecraft:cobblestone":328,"minecraft:feather":20,"minecraft:andesite":201,"minecraft:smoker":2,"minecraft:tuff":1,"create:raw_zinc":63,"minecraft:magenta_bed":1,"minecraft:lapis_lazuli":93,"minecraft:dirt":48,"rechiseled:oak_planks_mosaic":1,"minecraft:bone":6,"minecraft:wheat_seeds":9,"minecraft:raw_gold":35,"minecraft:grindstone":2,"minecraft:glowstone_dust":4,"minecraft:rabbit":1,"minecraft:bamboo":19,"minecraft:powered_rail":11,"minecraft:moss_block":7,"tetra:modular_double":1,"minecraft:stripped_spruce_log":1,"minecraft:trapped_chest":1,"minecraft:barrel":8,"minecraft:bundle":1,"minecraft:white_candle":4,"minecraft:diamond":11,"magistuarmory:corruptedroundshield":1,"minecraft:dead_brain_coral_block":126,"minecraft:bone_meal":21,"minecraft:emerald":5,"minecraft:netherrack":219,"minecraft:crimson_roots":4,"minecraft:fishing_rod":3,"minecraft:charcoal":2,"minecraft:crafting_table":22,"minecraft:azure_bluet":1,"minecraft:chicken":1,"minecraft:clay_ball":348,"minecraft:wooden_pickaxe":1,"gravestone:obituary":1,"minecraft:cyan_carpet":18,"minecraft:blackstone":9,"minecraft:candle":5,"minecraft:detector_rail":3,"minecraft:chest":1,"minecraft:spruce_trapdoor":2,"minecraft:raw_iron":131,"minecraft:copper_ingot":10,"minecraft:polished_blackstone_bricks":5,"minecraft:redstone":38,"rechiseled:cherry_planks_small_tiles":10,"minecraft:arrow":3,"magistuarmory:gold_lochaberaxe":1,"minecraft:decorated_pot":1,"minecraft:gold_ingot":5,"minecraft:mutton":8,"forbidden_arcanus:spawner_scrap":1,"minecraft:rail":43,"minecraft:white_wool":5,"magistuarmory:rustedhalfarmor_chestplate":3,"minecraft:crimson_stem":25,"minecraft:salmon":436,"minecraft:leather":8,"minecraft:birch_planks":1,"minecraft:oak_log":82,"minecraft:nether_wart_block":2,"minecraft:yellow_bed":1,"rechiseled:birch_planks_large_tiles":2,"minecraft:gunpowder":2,"minecraft:iron_ingot":1,"minecraft:stone_pickaxe":2,"artifacts:steadfast_spikes":1,"minecraft:iron_sword":1,"forbidden_arcanus:darkstone":1,"minecraft:warped_fungus":2,"minecraft:smooth_basalt":2,"minecraft:black_candle":12,"magistuarmory:rustedchainmail_chestplate":1,"minecraft:quartz":24,"minecraft:spyglass":2,"minecraft:dripstone_block":5,"minecraft:dead_fire_coral_block":8,"minecraft:spruce_sapling":8,"minecraft:white_bed":6,"minecraft:spider_eye":2,"forbidden_arcanus:arcane_crystal":14,"tetra:geode":9,"immersive_armors:wooden_chestplate":1,"minecraft:damaged_anvil":2,"immersive_armors:wooden_boots":1,"minecraft:coal":287},"minecraft:used":{"minecraft:iron_shovel":56,"minecraft:decorated_pot":2,"minecraft:chest":5,"minecraft:shield":30,"minecraft:stone":20,"minecraft:iron_sword":396,"minecraft:rotten_flesh":22,"minecraft:white_candle":4,"minecraft:tuff":1,"minecraft:stripped_spruce_log":1,"minecraft:iron_helmet":1,"minecraft:crimson_roots":2,"minecraft:bow":4,"minecraft:warped_fungus":2,"minecraft:sweet_berries":13,"minecraft:furnace":3,"rechiseled:cherry_planks_small_tiles":4,"minecraft:diorite":1,"minecraft:damaged_anvil":1,"minecraft:stone_pickaxe":133,"minecraft:oak_planks":22,"minecraft:blackstone":6,"minecraft:wooden_pickaxe":36,"tetra:modular_double":334,"minecraft:dripstone_block":2,"sophisticatedbackpacks:backpack":1,"minecraft:bread":3,"minecraft:cyan_carpet":18,"minecraft:pufferfish":1,"minecraft:nether_wart_block":1,"minecraft:diamond_sword":6,"minecraft:fire_charge":1,"minecraft:grindstone":1,"minecraft:cooked_rabbit":1,"minecraft:andesite":20,"minecraft:golden_pickaxe":30,"minecraft:stone_sword":3,"rechiseled:birch_planks_large_tiles":2,"minecraft:cooked_salmon":111,"minecraft:netherrack":49,"minecraft:torch":248,"minecraft:dirt":25,"minecraft:spyglass":120,"minecraft:anvil":1,"tetra:modular_sword":260,"minecraft:dead_brain_coral_block":65,"minecraft:wooden_axe":55,"minecraft:iron_axe":73,"minecraft:crimson_planks":99,"minecraft:barrel":8,"magistuarmory:gold_lochaberaxe":3,"minecraft:smooth_basalt":2,"minecraft:glowstone":1,"minecraft:cooked_beef":11,"minecraft:cobbled_deepslate":25,"minecraft:golden_axe":16,"minecraft:cooked_mutton":8,"minecraft:water_bucket":18,"minecraft:crafting_table":27,"minecraft:magenta_bed":1,"minecraft:white_bed":4,"minecraft:smoker":2,"minecraft:iron_pickaxe":1192,"minecraft:stone_axe":52,"immersive_armors:wooden_boots":1,"minecraft:cobblestone":120,"minecraft:bucket":19,"minecraft:pumpkin_pie":1,"minecraft:black_candle":12,"minecraft:yellow_bed":1,"minecraft:sea_pickle":2,"immersive_armors:wooden_leggings":1,"minecraft:dandelion":1,"minecraft:candle":1,"minecraft:jukebox":1},"minecraft:crafted":{"minecraft:oak_planks":168,"minecraft:stone":88,"minecraft:cooked_mutton":8,"immersive_armors:wooden_chestplate":1,"minecraft:diamond_helmet":1,"minecraft:bow":1,"minecraft:iron_boots":2,"minecraft:chest":4,"immersive_armors:wooden_helmet":1,"minecraft:cooked_rabbit":1,"minecraft:golden_boots":1,"minecraft:crafting_table":9,"minecraft:wooden_pickaxe":1,"minecraft:iron_helmet":1,"immersive_armors:wooden_leggings":1,"minecraft:copper_ingot":74,"immersive_armors:wooden_boots":1,"minecraft:iron_chestplate":1,"minecraft:shield":2,"minecraft:stick":164,"minecraft:iron_ingot":135,"minecraft:iron_pickaxe":5,"minecraft:iron_block":3,"minecraft:gold_ingot":37,"minecraft:cherry_planks":40,"minecraft:furnace":2,"minecraft:iron_axe":1,"minecraft:stone_pickaxe":3,"tetra:modular_double":3,"minecraft:cooked_beef":11,"minecraft:cooked_cod":2,"minecraft:crimson_planks":100,"minecraft:diamond_sword":1,"minecraft:iron_sword":3,"minecraft:cooked_salmon":424,"minecraft:bucket":1,"minecraft:stone_axe":1,"minecraft:glowstone":1,"minecraft:air":0,"minecraft:wooden_axe":1,"minecraft:iron_shovel":1,"minecraft:iron_leggings":1,"minecraft:anvil":1,"minecraft:white_bed":1,"minecraft:torch":200,"create:zinc_ingot":79,"minecraft:clay":91},"minecraft:killed_by":{"minecraft:piglin_brute":2,"specialmobs:skeleton":2,"specialmobs:zombifiedpiglin":1,"specialmobs:hungryzombie":1,"specialmobs:drowned":2},"minecraft:mined":{"create:deepslate_zinc_ore":22,"minecraft:white_bed":6,"minecraft:spruce_trapdoor":4,"minecraft:grass_block":7,"minecraft:gilded_blackstone":3,"minecraft:spawner":1,"rechiseled:birch_planks_large_tiles":1,"minecraft:polished_blackstone_bricks":7,"minecraft:weeping_vines_plant":1,"minecraft:tall_seagrass":8,"minecraft:fire":1,"minecraft:iron_ore":70,"minecraft:barrel":6,"minecraft:cobbled_deepslate":1,"minecraft:deepslate_lapis_ore":8,"minecraft:azure_bluet":1,"minecraft:pointed_dripstone":32,"minecraft:black_candle":4,"minecraft:brain_coral_block":21,"minecraft:green_bed":1,"minecraft:deepslate_redstone_ore":7,"minecraft:blackstone":10,"minecraft:crimson_nylium":28,"minecraft:smoker":2,"minecraft:clay":91,"minecraft:torch":25,"minecraft:chest":1,"specialmobs:infested_tube_coral_block":1,"minecraft:nether_quartz_ore":20,"minecraft:cobblestone":47,"minecraft:grindstone":1,"minecraft:damaged_anvil":1,"minecraft:wall_torch":39,"minecraft:pink_petals":2,"minecraft:seagrass":1,"forbidden_arcanus:darkstone":1,"minecraft:nether_wart_block":2,"minecraft:magenta_bed":1,"minecraft:jukebox":1,"minecraft:warped_fungus":2,"minecraft:grass":14,"minecraft:oak_log":65,"minecraft:dirt":10,"minecraft:crimson_planks":16,"minecraft:smooth_basalt":1,"minecraft:netherrack":260,"minecraft:deepslate":44,"minecraft:nether_gold_ore":3,"create:zinc_ore":41,"minecraft:tuff":1,"rechiseled:oak_planks_mosaic":1,"minecraft:deepslate_diamond_ore":8,"minecraft:candle":1,"tetra:block_geode":9,"gravestone:gravestone":9,"minecraft:decorated_pot":1,"minecraft:crimson_roots":4,"specialmobs:infested_brain_coral_block":4,"minecraft:crimson_stem":28,"forbidden_arcanus:arcane_crystal_ore":2,"forbidden_arcanus:deepslate_arcane_crystal_ore":12,"minecraft:furnace":1,"minecraft:andesite":198,"minecraft:deepslate_iron_ore":47,"minecraft:vine":2,"minecraft:bamboo":4,"minecraft:stone":243,"minecraft:fire_coral_block":4,"rechiseled:cherry_planks_small_tiles":19,"minecraft:crafting_table":14,"minecraft:emerald_ore":5,"minecraft:copper_ore":20,"minecraft:tall_grass":6,"minecraft:deepslate_gold_ore":16,"forbidden_arcanus:petrified_root":4,"minecraft:polished_blackstone_brick_stairs":1,"minecraft:diorite":5,"minecraft:birch_planks":1,"minecraft:dead_fire_coral_block":6,"forbidden_arcanus:xpetrified_ore":13,"minecraft:sea_pickle":3,"tetra:basic_workbench":7,"minecraft:yellow_bed":1,"minecraft:dead_brain_coral_block":106,"minecraft:coal_ore":272,"minecraft:gravel":1,"minecraft:cyan_carpet":11,"minecraft:dripstone_block":3,"minecraft:cobweb":4,"minecraft:gold_ore":19,"minecraft:infested_stone":1},"minecraft:broken":{"minecraft:golden_helmet":1,"minecraft:stone_pickaxe":1,"minecraft:iron_sword":1,"minecraft:wooden_axe":1,"minecraft:golden_axe":1,"minecraft:iron_pickaxe":4,"minecraft:golden_pickaxe":1},"minecraft:killed":{"specialmobs:plaguedrowned":3,"specialmobs:frozenzombie":1,"specialmobs:zombifiedpiglin":4,"minecraft:pufferfish":2,"specialmobs:skeleton":2,"minecraft:chicken":1,"specialmobs:poisonspider":1,"specialmobs:puffersilverfish":12,"minecraft:piglin":1,"specialmobs:fishingzombie":1,"minecraft:salmon":452,"minecraft:sheep":5,"specialmobs:spider":3,"specialmobs:cavespider":2,"specialmobs:brutedrowned":1,"specialmobs:zombie":12,"specialmobs:waterspider":1,"specialmobs:silverfish":4,"minecraft:squid":1,"specialmobs:firezombie":1,"specialmobs:drowned":7,"specialmobs:fireskeleton":1,"specialmobs:brutezombie":1}},"DataVersion":3465}