{"stats":{"minecraft:broken":{"minecraft:golden_helmet":1,"minecraft:iron_boots":2,"minecraft:iron_chestplate":1,"minecraft:golden_shovel":1,"minecraft:stone_pickaxe":1,"minecraft:iron_sword":1,"minecraft:wooden_axe":1,"magistuarmory:gold_lochaberaxe":1,"minecraft:golden_axe":1,"minecraft:iron_pickaxe":5,"minecraft:iron_helmet":1,"minecraft:golden_pickaxe":2},"minecraft:custom":{"minecraft:interact_with_crafting_table":129,"minecraft:open_barrel":161,"minecraft:bell_ring":5,"minecraft:leave_game":13,"minecraft:time_since_death":1985,"minecraft:sprint_one_cm":1425225,"minecraft:damage_blocked_by_shield":4683,"minecraft:drop":482,"minecraft:talked_to_villager":21,"minecraft:play_time":734896,"minecraft:deaths":52,"minecraft:jump":10345,"minecraft:walk_on_water_one_cm":180403,"minecraft:enchant_item":5,"minecraft:interact_with_furnace":104,"minecraft:interact_with_cartography_table":1,"minecraft:sleep_in_bed":16,"minecraft:damage_dealt":40910,"minecraft:player_kills":32,"minecraft:crouch_one_cm":20299,"minecraft:interact_with_smoker":100,"minecraft:interact_with_smithing_table":4,"minecraft:interact_with_anvil":3,"minecraft:mob_kills":562,"minecraft:climb_one_cm":16878,"minecraft:walk_one_cm":1597348,"minecraft:sneak_time":8414,"minecraft:walk_under_water_one_cm":303135,"minecraft:interact_with_blast_furnace":138,"minecraft:total_world_time":734896,"minecraft:interact_with_grindstone":1,"minecraft:time_since_rest":2007,"minecraft:damage_taken":29261,"minecraft:damage_absorbed":40,"minecraft:trigger_trapped_chest":1,"minecraft:swim_one_cm":773539,"minecraft:fly_one_cm":1967816,"minecraft:open_chest":357,"minecraft:fall_one_cm":238902},"minecraft:picked_up":{"minecraft:iron_chestplate":1,"minecraft:smithing_table":1,"minecraft:stone_slab":1,"minecraft:enchanted_book":1,"minecraft:gilded_blackstone":5,"minecraft:crimson_planks":16,"forbidden_arcanus:xpetrified_orb":26,"minecraft:polished_blackstone_brick_stairs":1,"minecraft:string":83,"minecraft:raw_copper":79,"minecraft:cooked_salmon":5,"minecraft:red_nether_bricks":1,"minecraft:iron_leggings":3,"minecraft:pufferfish":9,"minecraft:sea_pickle":4,"minecraft:activator_rail":4,"minecraft:gold_nugget":75,"minecraft:cobbled_deepslate":122,"tetra:modular_sword":3,"minecraft:iron_pickaxe":2,"minecraft:iron_boots":1,"minecraft:furnace":1,"minecraft:stick":12,"minecraft:jukebox":2,"minecraft:torch":126,"minecraft:pointed_dripstone":57,"minecraft:diorite":9,"magistuarmory:rustedcrusader_chestplate":1,"minecraft:stone_sword":2,"minecraft:rotten_flesh":40,"create:ochrum":323,"minecraft:polished_basalt":1,"minecraft:obsidian":2,"minecraft:cod":2,"minecraft:cobblestone":732,"minecraft:feather":20,"minecraft:andesite":201,"minecraft:smoker":2,"minecraft:flint":3,"minecraft:tuff":5,"create:raw_zinc":80,"minecraft:magenta_bed":1,"minecraft:lapis_lazuli":108,"minecraft:dirt":106,"rechiseled:oak_planks_mosaic":1,"minecraft:bone":38,"minecraft:bow":2,"minecraft:wheat_seeds":17,"minecraft:raw_gold":89,"minecraft:grindstone":2,"forbidden_arcanus:rune":2,"create:shaft":2,"minecraft:rabbit":1,"minecraft:bamboo":19,"minecraft:diamond_helmet":1,"minecraft:glowstone_dust":4,"minecraft:powered_rail":11,"minecraft:moss_block":8,"tetra:modular_double":3,"minecraft:stripped_spruce_log":1,"minecraft:nether_brick_stairs":3,"minecraft:grass_block":1,"minecraft:trapped_chest":1,"minecraft:barrel":8,"magistuarmory:diamond_chainmorgenstern":1,"minecraft:bundle":1,"minecraft:white_candle":4,"minecraft:diamond":30,"magistuarmory:corruptedroundshield":2,"minecraft:dead_brain_coral_block":126,"minecraft:crossbow":1,"minecraft:bone_meal":21,"minecraft:emerald":5,"minecraft:rooted_dirt":1,"minecraft:oak_sapling":1,"minecraft:netherrack":328,"create:white_sail":1,"minecraft:crimson_roots":5,"minecraft:fishing_rod":3,"minecraft:charcoal":2,"minecraft:coarse_dirt":17,"minecraft:crafting_table":27,"minecraft:azure_bluet":1,"minecraft:chicken":1,"minecraft:clay_ball":348,"minecraft:brown_mushroom":2,"minecraft:wooden_pickaxe":1,"minecraft:gold_block":1,"gravestone:obituary":23,"minecraft:stone_stairs":2,"minecraft:cyan_carpet":21,"minecraft:blackstone":10,"minecraft:candle":5,"minecraft:detector_rail":3,"minecraft:chest":1,"minecraft:spruce_trapdoor":2,"minecraft:raw_iron":145,"forbidden_arcanus:bat_wing":2,"minecraft:copper_ingot":10,"sophisticatedbackpacks:backpack":4,"minecraft:fire_charge":2,"minecraft:polished_blackstone_bricks":10,"minecraft:redstone":38,"rechiseled:cherry_planks_small_tiles":10,"minecraft:arrow":7,"magistuarmory:gold_lochaberaxe":1,"minecraft:decorated_pot":1,"minecraft:saddle":1,"minecraft:gold_ingot":5,"minecraft:mutton":8,"forbidden_arcanus:spawner_scrap":1,"minecraft:rail":43,"minecraft:white_wool":5,"magistuarmory:rustedhalfarmor_chestplate":4,"minecraft:basalt":1,"create:crushed_raw_gold":1,"minecraft:glow_ink_sac":4,"minecraft:crimson_stem":25,"minecraft:salmon":436,"minecraft:leather":8,"minecraft:birch_planks":1,"minecraft:oak_log":82,"minecraft:nether_wart_block":2,"minecraft:yellow_bed":1,"rechiseled:birch_planks_large_tiles":2,"minecraft:gunpowder":6,"minecraft:spore_blossom":1,"minecraft:iron_ingot":1,"minecraft:stone_pickaxe":2,"artifacts:steadfast_spikes":1,"minecraft:gray_bed":1,"minecraft:iron_sword":1,"forbidden_arcanus:darkstone":1,"minecraft:smooth_basalt":2,"minecraft:black_candle":12,"minecraft:warped_fungus":2,"magistuarmory:rustedchainmail_chestplate":1,"minecraft:quartz":78,"minecraft:dandelion":1,"minecraft:spyglass":2,"minecraft:dripstone_block":5,"minecraft:dead_fire_coral_block":8,"magistuarmory:rustednorman_helmet":1,"minecraft:spruce_sapling":8,"minecraft:blast_furnace":1,"minecraft:white_bed":6,"minecraft:spider_eye":3,"forbidden_arcanus:arcane_crystal":14,"tetra:geode":23,"immersive_armors:wooden_chestplate":1,"minecraft:damaged_anvil":2,"immersive_armors:wooden_boots":1,"minecraft:coal":407},"minecraft:killed_by":{"minecraft:piglin_brute":2,"specialmobs:skeleton":3,"specialmobs:fireskeleton":1,"specialmobs:zombifiedpiglin":1,"specialmobs:jumpingcreeper":1,"minecraft:player":25,"specialmobs:enderman":1,"specialmobs:hungryzombie":3,"specialmobs:drowned":2,"specialmobs:brutedrowned":2,"specialmobs:hungryzombifiedpiglin":6},"minecraft:killed":{"specialmobs:plaguedrowned":3,"specialmobs:skeletoncreeper":1,"specialmobs:frozenzombie":1,"specialmobs:zombifiedpiglin":7,"specialmobs:skeleton":6,"minecraft:pufferfish":2,"minecraft:chicken":1,"minecraft:piglin_brute":1,"specialmobs:palecavespider":1,"specialmobs:poisonspider":1,"specialmobs:puffersilverfish":12,"minecraft:piglin":1,"specialmobs:fishingzombie":2,"minecraft:zombie_villager":1,"minecraft:salmon":452,"specialmobs:enderman":1,"minecraft:sheep":5,"minecraft:pillager":3,"specialmobs:gatlingskeleton":1,"specialmobs:spider":3,"specialmobs:cavespider":6,"specialmobs:brutedrowned":1,"specialmobs:zombie":24,"specialmobs:waterspider":1,"minecraft:bat":2,"specialmobs:silverfish":4,"minecraft:squid":1,"specialmobs:firezombie":1,"specialmobs:drowned":7,"specialmobs:fireskeleton":2,"specialmobs:brutezombie":2},"minecraft:used":{"minecraft:iron_shovel":98,"minecraft:chest":5,"minecraft:decorated_pot":2,"minecraft:shield":46,"minecraft:stone":91,"minecraft:iron_sword":396,"minecraft:rotten_flesh":34,"minecraft:white_candle":4,"minecraft:tuff":1,"minecraft:stripped_spruce_log":1,"minecraft:obsidian":4,"minecraft:lava_bucket":16,"minecraft:iron_helmet":1,"minecraft:crimson_roots":2,"minecraft:bow":6,"minecraft:warped_fungus":2,"create:shaft":2,"minecraft:sweet_berries":13,"minecraft:furnace":8,"minecraft:gold_block":4,"rechiseled:cherry_planks_small_tiles":4,"minecraft:diorite":1,"minecraft:damaged_anvil":1,"minecraft:diamond_boots":1,"minecraft:stone_pickaxe":133,"minecraft:oak_planks":22,"minecraft:blackstone":10,"minecraft:wooden_pickaxe":36,"minecraft:golden_apple":1,"minecraft:blast_furnace":2,"tetra:modular_double":1092,"minecraft:crossbow":1,"minecraft:dripstone_block":2,"sophisticatedbackpacks:backpack":1,"minecraft:bread":3,"minecraft:cyan_carpet":21,"create:asurine":1,"minecraft:pufferfish":1,"magistuarmory:diamond_pavese":9,"minecraft:nether_wart_block":1,"minecraft:diamond_sword":59,"minecraft:fire_charge":1,"forbidden_arcanus:splash_aureal_bottle":1,"minecraft:smithing_table":1,"minecraft:grindstone":1,"minecraft:andesite":20,"minecraft:cooked_rabbit":1,"minecraft:coarse_dirt":15,"minecraft:golden_pickaxe":62,"minecraft:cobweb":6,"minecraft:stone_sword":3,"rechiseled:birch_planks_large_tiles":2,"minecraft:cooked_salmon":196,"minecraft:netherrack":92,"minecraft:torch":531,"create:ochrum":4,"minecraft:anvil":1,"minecraft:dirt":34,"minecraft:spyglass":146,"tetra:modular_sword":469,"minecraft:stone_stairs":42,"minecraft:golden_shovel":32,"minecraft:dead_brain_coral_block":65,"minecraft:wooden_axe":55,"minecraft:iron_axe":80,"minecraft:crimson_planks":99,"magistuarmory:diamond_chainmorgenstern":111,"minecraft:barrel":8,"magistuarmory:gold_lochaberaxe":22,"minecraft:smooth_basalt":2,"minecraft:basalt":1,"minecraft:glowstone":1,"minecraft:cobbled_deepslate":36,"minecraft:cooked_beef":11,"minecraft:golden_axe":16,"minecraft:cooked_mutton":8,"minecraft:water_bucket":48,"minecraft:red_nether_bricks":9,"tetra:modular_crossbow":14,"minecraft:polished_blackstone_bricks":5,"minecraft:gilded_blackstone":1,"minecraft:crafting_table":32,"minecraft:magenta_bed":1,"minecraft:white_bed":4,"minecraft:smoker":2,"minecraft:diamond_pickaxe":155,"minecraft:iron_pickaxe":1452,"forbidden_arcanus:aureal_bottle":1,"minecraft:stone_axe":52,"immersive_armors:wooden_boots":1,"minecraft:cobblestone":237,"minecraft:bucket":66,"minecraft:black_candle":12,"minecraft:pumpkin_pie":1,"minecraft:yellow_bed":1,"minecraft:sea_pickle":2,"immersive_armors:wooden_leggings":1,"minecraft:dandelion":2,"minecraft:jukebox":1,"minecraft:candle":1},"minecraft:mined":{"create:deepslate_zinc_ore":34,"minecraft:white_bed":6,"minecraft:red_nether_bricks":1,"minecraft:spruce_trapdoor":4,"minecraft:grass_block":40,"minecraft:gilded_blackstone":5,"minecraft:spawner":5,"rechiseled:birch_planks_large_tiles":1,"minecraft:polished_blackstone_bricks":12,"minecraft:weeping_vines_plant":1,"minecraft:tall_seagrass":8,"minecraft:cobbled_deepslate":1,"minecraft:iron_ore":84,"minecraft:barrel":6,"minecraft:fire":10,"minecraft:deepslate_lapis_ore":8,"minecraft:azure_bluet":1,"minecraft:pointed_dripstone":33,"minecraft:black_candle":4,"minecraft:brain_coral_block":21,"minecraft:green_bed":1,"minecraft:deepslate_redstone_ore":7,"minecraft:brown_mushroom":1,"minecraft:red_bed":1,"minecraft:blackstone":11,"minecraft:smoker":2,"minecraft:crimson_nylium":28,"minecraft:clay":91,"minecraft:torch":50,"minecraft:blast_furnace":1,"minecraft:chest":1,"specialmobs:infested_tube_coral_block":1,"minecraft:nether_quartz_ore":76,"minecraft:cobblestone":91,"minecraft:grindstone":1,"minecraft:damaged_anvil":1,"minecraft:wall_torch":64,"minecraft:deepslate_copper_ore":2,"minecraft:pink_petals":2,"minecraft:seagrass":1,"minecraft:stone_stairs":2,"forbidden_arcanus:darkstone":1,"minecraft:nether_wart_block":2,"minecraft:magenta_bed":1,"minecraft:jukebox":1,"minecraft:warped_fungus":2,"minecraft:grass":30,"minecraft:oak_log":65,"minecraft:dirt":33,"minecraft:crimson_planks":16,"minecraft:smooth_basalt":1,"minecraft:netherrack":408,"minecraft:deepslate":156,"minecraft:nether_gold_ore":19,"create:zinc_ore":41,"minecraft:tuff":5,"minecraft:mossy_cobblestone":1,"rechiseled:oak_planks_mosaic":1,"minecraft:deepslate_diamond_ore":27,"minecraft:candle":1,"tetra:block_geode":23,"gravestone:gravestone":51,"minecraft:decorated_pot":1,"minecraft:crimson_roots":5,"create:ochrum":195,"specialmobs:infested_brain_coral_block":4,"minecraft:moss_block":1,"minecraft:rooted_dirt":1,"minecraft:crimson_stem":28,"forbidden_arcanus:arcane_crystal_ore":2,"create:shaft":2,"forbidden_arcanus:deepslate_arcane_crystal_ore":12,"minecraft:furnace":1,"minecraft:polished_basalt":1,"minecraft:andesite":201,"minecraft:gold_block":1,"minecraft:deepslate_iron_ore":47,"minecraft:vine":2,"minecraft:bamboo":4,"minecraft:stone":567,"minecraft:fire_coral_block":4,"minecraft:smithing_table":1,"rechiseled:cherry_planks_small_tiles":19,"minecraft:basalt":1,"minecraft:crafting_table":17,"minecraft:emerald_ore":5,"minecraft:tall_grass":15,"minecraft:stone_slab":1,"minecraft:copper_ore":22,"minecraft:deepslate_coal_ore":3,"minecraft:deepslate_gold_ore":70,"forbidden_arcanus:petrified_root":4,"minecraft:polished_blackstone_brick_stairs":1,"minecraft:diorite":5,"minecraft:dead_fire_coral_block":6,"minecraft:birch_planks":1,"minecraft:coarse_dirt":16,"forbidden_arcanus:xpetrified_ore":13,"minecraft:sea_pickle":3,"tetra:basic_workbench":9,"minecraft:gray_bed":1,"minecraft:birch_leaves":2,"minecraft:yellow_bed":1,"minecraft:dead_brain_coral_block":106,"minecraft:coal_ore":383,"minecraft:cyan_carpet":11,"minecraft:gravel":1,"minecraft:dripstone_block":3,"minecraft:cobweb":80,"minecraft:gold_ore":19,"forbidden_arcanus:runic_deepslate":1,"minecraft:infested_stone":1},"minecraft:crafted":{"minecraft:smooth_stone":3,"minecraft:oak_planks":168,"minecraft:stone":499,"immersive_armors:wooden_chestplate":1,"minecraft:cooked_mutton":8,"minecraft:glass":4,"minecraft:diamond_helmet":1,"minecraft:bow":1,"minecraft:diamond_leggings":1,"minecraft:iron_boots":3,"minecraft:chest":4,"immersive_armors:wooden_helmet":1,"minecraft:cooked_rabbit":1,"minecraft:golden_boots":1,"magistuarmory:steel_nugget":9,"minecraft:crafting_table":9,"minecraft:wooden_pickaxe":1,"minecraft:iron_helmet":2,"magistuarmory:steel_chain":1,"immersive_armors:wooden_leggings":1,"minecraft:copper_ingot":74,"minecraft:gold_block":4,"magistuarmory:wood_pavese":1,"immersive_armors:wooden_boots":1,"minecraft:iron_chestplate":2,"minecraft:diamond_pickaxe":1,"minecraft:shield":2,"minecraft:stick":164,"minecraft:iron_ingot":152,"minecraft:iron_pickaxe":5,"minecraft:iron_block":3,"minecraft:gold_ingot":134,"magistuarmory:leather_strip":6,"minecraft:cherry_planks":56,"minecraft:iron_nugget":9,"minecraft:blast_furnace":1,"minecraft:furnace":8,"minecraft:bone_meal":15,"magistuarmory:diamond_chainmorgenstern":1,"minecraft:stone_stairs":40,"magistuarmory:hilt":1,"minecraft:iron_axe":1,"magistuarmory:steel_ingot":1,"magistuarmory:diamond_pavese":1,"minecraft:stone_pickaxe":3,"minecraft:diamond_boots":1,"magistuarmory:steel_ring":8,"tetra:modular_double":3,"minecraft:cooked_beef":11,"minecraft:cooked_cod":2,"minecraft:crimson_planks":100,"minecraft:diamond_sword":1,"minecraft:iron_sword":3,"minecraft:cooked_salmon":488,"minecraft:bucket":1,"minecraft:stone_axe":1,"minecraft:glowstone":1,"minecraft:air":0,"minecraft:white_wool":22,"minecraft:wooden_axe":1,"minecraft:iron_shovel":1,"minecraft:iron_leggings":2,"minecraft:anvil":1,"minecraft:white_bed":1,"minecraft:torch":464,"create:zinc_ingot":96,"minecraft:clay":91},"minecraft:dropped":{"minecraft:nether_brick_stairs":2,"minecraft:spruce_sign":1,"minecraft:iron_sword":2,"minecraft:candle":4,"minecraft:moss_block":8,"minecraft:brown_mushroom":2,"minecraft:lapis_lazuli":1,"minecraft:glow_ink_sac":4,"minecraft:spore_blossom":1,"minecraft:crafting_table":2,"magistuarmory:rustednorman_helmet":1,"minecraft:rail":24,"minecraft:dirt":6,"forbidden_arcanus:rune":1,"minecraft:polished_blackstone_brick_stairs":1,"immersive_armors:wooden_leggings":1,"minecraft:cooked_cod":2,"gravestone:obituary":37,"minecraft:bone_meal":7,"minecraft:sugar":10,"forbidden_arcanus:darkstone":1,"minecraft:polished_blackstone_bricks":5,"immersive_armors:wooden_chestplate":2,"minecraft:iron_pickaxe":1,"magistuarmory:corruptedroundshield":2,"minecraft:fishing_rod":3,"minecraft:white_wool":22,"minecraft:gold_ingot":24,"minecraft:bone":30,"magistuarmory:rustedchainmail_leggings":1,"minecraft:stone_axe":1,"minecraft:spyglass":1,"minecraft:cobbled_deepslate":33,"minecraft:detector_rail":3,"immersive_armors:wooden_boots":2,"minecraft:obsidian":4,"minecraft:grindstone":1,"minecraft:rotten_flesh":1,"minecraft:oak_planks":26,"create:white_sail":1,"minecraft:azure_bluet":1,"minecraft:dead_fire_coral_block":1,"tetra:modular_sword":4,"minecraft:gunpowder":3,"minecraft:charcoal":2,"magistuarmory:rustedchainmail_chestplate":1,"tetra:modular_double":3,"minecraft:powered_rail":6,"minecraft:iron_ingot":21,"minecraft:wheat_seeds":34,"minecraft:cherry_log":51,"minecraft:feather":23,"minecraft:cobblestone":139,"rechiseled:oak_planks_mosaic":1,"minecraft:activator_rail":4,"minecraft:copper_ingot":27,"minecraft:stick":15,"minecraft:lava_bucket":1,"minecraft:diorite":4,"minecraft:torch":4,"minecraft:nether_wart_block":1,"minecraft:diamond_helmet":1,"minecraft:cooked_salmon":305,"minecraft:iron_leggings":5,"minecraft:polished_basalt":1,"artifacts:rooted_boots":1,"minecraft:string":14,"minecraft:trapped_chest":1,"create:raw_zinc":6,"magistuarmory:diamond_chainmorgenstern":1,"minecraft:spruce_sapling":16,"create:ochrum":127,"minecraft:coarse_dirt":1,"minecraft:stone_sword":2,"minecraft:raw_copper":5,"minecraft:jukebox":1,"minecraft:tuff":4,"magistuarmory:rustedhalfarmor_chestplate":4,"minecraft:iron_boots":1,"minecraft:damaged_anvil":1,"forbidden_arcanus:bat_wing":1,"minecraft:pumpkin_seeds":17,"magistuarmory:chainmail_horse_armor":1,"minecraft:sea_pickle":2,"minecraft:spruce_trapdoor":2,"artifacts:running_shoes":1,"minecraft:iron_chestplate":1,"minecraft:andesite":53,"minecraft:oak_sapling":4,"minecraft:spider_eye":2,"minecraft:stone_pickaxe":4,"minecraft:wooden_pickaxe":1,"immersive_armors:wooden_helmet":1}},"DataVersion":3465}