{"stats":{"minecraft:broken":{"minecraft:diamond_helmet":1,"minecraft:iron_boots":2,"minecraft:iron_chestplate":1,"minecraft:iron_sword":1,"magistuarmory:gold_lochaberaxe":1,"minecraft:iron_pickaxe":10,"minecraft:iron_helmet":1,"minecraft:golden_helmet":1,"minecraft:golden_shovel":1,"minecraft:stone_pickaxe":1,"minecraft:wooden_axe":1,"magistuarmory:rustedcrusader_chestplate":1,"minecraft:golden_axe":1,"minecraft:leather_boots":1,"minecraft:golden_pickaxe":2},"minecraft:used":{"minecraft:nether_brick_fence":38,"minecraft:chest":5,"minecraft:stone":91,"minecraft:red_nether_brick_stairs":4,"minecraft:rotten_flesh":39,"minecraft:weeping_vines":9,"minecraft:stripped_spruce_log":1,"minecraft:lava_bucket":30,"minecraft:bow":6,"minecraft:sweet_berries":13,"create:shaft":2,"minecraft:furnace":8,"minecraft:cooked_cod":4,"minecraft:diorite":1,"minecraft:damaged_anvil":1,"minecraft:blackstone":10,"create:crimsite":65,"minecraft:wooden_pickaxe":36,"forbidden_arcanus:edelwood_suspicious_stew_bucket":2,"minecraft:golden_apple":8,"minecraft:blast_furnace":3,"tetra:modular_double":1115,"minecraft:cyan_carpet":23,"minecraft:pufferfish":1,"magistuarmory:diamond_concavehalberd":38,"minecraft:nether_wart_block":17,"minecraft:diamond_sword":146,"minecraft:fire_charge":1,"minecraft:smithing_table":1,"create:limestone":11,"minecraft:stone_sword":3,"minecraft:cooked_salmon":210,"minecraft:netherrack":108,"minecraft:torch":913,"create:ochrum":4,"minecraft:anvil":2,"tetra:modular_sword":469,"minecraft:stone_stairs":42,"minecraft:golden_shovel":32,"minecraft:dead_brain_coral_block":77,"minecraft:nether_brick_stairs":2,"minecraft:shroomlight":10,"minecraft:iron_axe":112,"magistuarmory:gold_lochaberaxe":22,"minecraft:barrel":9,"magistuarmory:diamond_chainmorgenstern":177,"minecraft:smooth_basalt":2,"minecraft:basalt":1,"minecraft:glowstone":1,"minecraft:cobbled_deepslate":69,"minecraft:golden_axe":31,"minecraft:water_bucket":99,"tetra:modular_crossbow":23,"minecraft:polished_blackstone_bricks":5,"minecraft:gilded_blackstone":1,"minecraft:rail":1,"minecraft:crafting_table":38,"minecraft:white_bed":6,"magistuarmory:diamond_lochaberaxe":33,"minecraft:diamond_pickaxe":1937,"recrafted_creatures:apple_slice":42,"minecraft:iron_pickaxe":2590,"forbidden_arcanus:aureal_bottle":1,"minecraft:cobblestone":290,"minecraft:cooked_porkchop":8,"minecraft:black_candle":12,"immersive_armors:wooden_leggings":1,"minecraft:dandelion":2,"minecraft:candle":1,"minecraft:jukebox":1,"minecraft:iron_shovel":185,"minecraft:decorated_pot":2,"minecraft:shield":46,"minecraft:iron_sword":396,"minecraft:white_candle":4,"minecraft:tuff":16,"minecraft:music_disc_13":1,"minecraft:axolotl_bucket":1,"minecraft:obsidian":4,"minecraft:iron_helmet":1,"minecraft:crimson_roots":2,"minecraft:warped_fungus":2,"minecraft:gray_bed":1,"minecraft:gold_block":4,"rechiseled:cherry_planks_small_tiles":4,"minecraft:diamond_boots":1,"minecraft:stone_pickaxe":133,"minecraft:oak_planks":22,"minecraft:crossbow":1,"minecraft:dripstone_block":2,"sophisticatedbackpacks:backpack":1,"minecraft:bread":9,"minecraft:gravel":3,"create:asurine":1,"magistuarmory:diamond_pavese":15,"rechiseled:cobblestone_pulverized":6,"forbidden_arcanus:splash_aureal_bottle":1,"minecraft:grindstone":1,"minecraft:cooked_rabbit":1,"minecraft:andesite":21,"minecraft:coarse_dirt":15,"minecraft:golden_pickaxe":62,"minecraft:cobweb":6,"minecraft:redstone":4,"rechiseled:birch_planks_large_tiles":2,"minecraft:cooked_chicken":1,"minecraft:dirt":34,"minecraft:spyglass":182,"rpgsmw:steel_rifle":1,"minecraft:diamond_helmet":1,"minecraft:wooden_axe":55,"minecraft:bookshelf":6,"minecraft:polished_blackstone_brick_stairs":6,"minecraft:crimson_planks":100,"minecraft:golden_carrot":4,"minecraft:cooked_beef":11,"minecraft:cooked_mutton":8,"create:empty_blaze_burner":4,"minecraft:red_nether_bricks":9,"minecraft:magenta_bed":4,"minecraft:dead_fire_coral_block":28,"minecraft:smoker":3,"minecraft:apple":81,"minecraft:stone_slab":1,"minecraft:stone_axe":52,"immersive_armors:wooden_boots":1,"minecraft:bucket":137,"minecraft:yellow_bed":1,"minecraft:pumpkin_pie":1,"minecraft:sea_pickle":2},"minecraft:killed":{"specialmobs:skeletoncreeper":1,"specialmobs:frozenzombie":2,"specialmobs:zombifiedpiglin":7,"minecraft:pufferfish":2,"minecraft:chicken":3,"specialmobs:palecavespider":1,"specialmobs:poisonspider":1,"specialmobs:puffersilverfish":31,"specialmobs:fishingzombie":5,"minecraft:salmon":452,"minecraft:pillager":3,"specialmobs:cavespider":7,"specialmobs:brutedrowned":1,"specialmobs:zombie":42,"specialmobs:blaze":1,"specialmobs:silverfish":5,"specialmobs:creeper":1,"specialmobs:brutezombie":4,"specialmobs:plaguedrowned":3,"specialmobs:skeleton":11,"minecraft:piglin_brute":1,"artifacts:mimic":1,"minecraft:piglin":1,"minecraft:zombie_villager":1,"specialmobs:watercavespider":1,"specialmobs:enderman":2,"specialmobs:flyingsilverfish":1,"minecraft:sheep":5,"minecraft:trader_llama":2,"specialmobs:gatlingskeleton":1,"specialmobs:spider":3,"specialmobs:desertcavespider":1,"minecraft:phantom":13,"specialmobs:waterspider":1,"minecraft:bat":2,"minecraft:hoglin":2,"minecraft:squid":1,"specialmobs:firezombie":2,"specialmobs:drowned":7,"specialmobs:fireskeleton":3},"minecraft:crafted":{"minecraft:smooth_stone":3,"minecraft:bookshelf":3,"minecraft:cooked_mutton":8,"minecraft:glass":4,"minecraft:diamond_helmet":2,"minecraft:diamond_leggings":1,"minecraft:cooked_rabbit":1,"minecraft:cooked_porkchop":8,"minecraft:copper_ingot":74,"minecraft:iron_pickaxe":5,"minecraft:iron_block":6,"minecraft:gold_ingot":228,"minecraft:iron_nugget":9,"minecraft:bone_meal":79,"minecraft:stone_stairs":40,"magistuarmory:diamond_pavese":1,"minecraft:stone_pickaxe":3,"minecraft:diamond_boots":1,"magistuarmory:steel_ring":8,"tetra:modular_double":3,"rpgsmw:steel":3,"minecraft:glowstone":1,"rpgsmw:rainforcedstick":1,"minecraft:golden_apple":23,"minecraft:wooden_axe":1,"minecraft:iron_shovel":1,"minecraft:iron_leggings":2,"minecraft:white_bed":1,"minecraft:oak_planks":168,"minecraft:cooked_chicken":1,"minecraft:stone":499,"immersive_armors:wooden_chestplate":1,"minecraft:bow":1,"minecraft:iron_boots":3,"magistuarmory:diamond_concavehalberd":1,"minecraft:chest":4,"immersive_armors:wooden_helmet":1,"magistuarmory:pole":2,"rpgsmw:woodenfiber":1,"minecraft:golden_boots":1,"magistuarmory:steel_nugget":9,"minecraft:crafting_table":10,"minecraft:wooden_pickaxe":1,"minecraft:iron_helmet":2,"magistuarmory:steel_chain":1,"immersive_armors:wooden_leggings":1,"minecraft:gold_block":4,"rpgsmw:bullet":24,"magistuarmory:wood_pavese":1,"immersive_armors:wooden_boots":1,"rpgsmw:steel_rifle":1,"minecraft:iron_chestplate":2,"minecraft:diamond_pickaxe":1,"minecraft:shield":2,"minecraft:stick":168,"minecraft:iron_ingot":241,"magistuarmory:leather_strip":6,"minecraft:cherry_planks":80,"forbidden_arcanus:obsidian_ingot":6,"minecraft:blast_furnace":1,"minecraft:furnace":8,"magistuarmory:diamond_lochaberaxe":1,"magistuarmory:diamond_chainmorgenstern":1,"magistuarmory:hilt":5,"minecraft:iron_axe":1,"magistuarmory:steel_ingot":1,"minecraft:cooked_beef":11,"minecraft:cooked_cod":6,"minecraft:crimson_planks":100,"minecraft:diamond_sword":1,"minecraft:iron_sword":3,"minecraft:cooked_salmon":501,"minecraft:bucket":7,"minecraft:stone_axe":1,"minecraft:air":0,"minecraft:white_wool":22,"minecraft:anvil":2,"minecraft:torch":852,"create:zinc_ingot":231,"minecraft:clay":91,"minecraft:diamond_chestplate":1},"minecraft:custom":{"minecraft:interact_with_crafting_table":174,"minecraft:open_barrel":437,"minecraft:bell_ring":5,"minecraft:leave_game":20,"minecraft:time_since_death":79151,"minecraft:damage_blocked_by_shield":5079,"minecraft:play_time":1117344,"minecraft:deaths":56,"minecraft:jump":14205,"minecraft:enchant_item":5,"minecraft:interact_with_furnace":116,"minecraft:play_record":1,"minecraft:interact_with_cartography_table":1,"minecraft:sleep_in_bed":23,"minecraft:damage_dealt":51140,"minecraft:interact_with_smoker":161,"minecraft:interact_with_smithing_table":6,"minecraft:interact_with_anvil":5,"minecraft:sneak_time":10918,"minecraft:interact_with_blast_furnace":244,"minecraft:total_world_time":1117344,"minecraft:time_since_rest":30125,"minecraft:swim_one_cm":789277,"minecraft:fly_one_cm":2517253,"minecraft:open_chest":464,"minecraft:fall_one_cm":304862,"minecraft:sprint_one_cm":2017705,"minecraft:drop":881,"minecraft:talked_to_villager":21,"minecraft:walk_on_water_one_cm":227567,"minecraft:player_kills":34,"minecraft:crouch_one_cm":27916,"minecraft:mob_kills":640,"minecraft:climb_one_cm":18547,"minecraft:walk_one_cm":2533015,"minecraft:walk_under_water_one_cm":349250,"minecraft:interact_with_grindstone":1,"minecraft:damage_taken":36032,"minecraft:damage_absorbed":320,"minecraft:trigger_trapped_chest":1},"minecraft:mined":{"minecraft:white_bed":6,"minecraft:red_nether_bricks":1,"minecraft:crimson_fungus":9,"minecraft:spawner":7,"minecraft:tall_seagrass":8,"minecraft:polished_blackstone_bricks":12,"minecraft:weeping_vines_plant":23,"minecraft:fire":12,"minecraft:barrel":15,"minecraft:cobbled_deepslate":2,"minecraft:deepslate_lapis_ore":11,"minecraft:nether_brick_stairs":1,"create:veridium":264,"create:limestone":33,"minecraft:brown_mushroom":1,"minecraft:red_bed":1,"minecraft:crimson_nylium":40,"minecraft:smoker":4,"minecraft:torch":74,"minecraft:blast_furnace":3,"minecraft:damaged_anvil":1,"forbidden_arcanus:darkstone":1,"minecraft:magenta_bed":4,"minecraft:jukebox":1,"minecraft:warped_fungus":2,"minecraft:grass":31,"minecraft:smooth_basalt":8,"minecraft:deepslate":425,"create:zinc_ore":53,"minecraft:deepslate_tiles":8,"minecraft:mossy_cobblestone":5,"rechiseled:oak_planks_mosaic":1,"tetra:block_geode":38,"minecraft:crimson_roots":10,"minecraft:potted_bamboo":1,"minecraft:moss_block":1,"minecraft:cartography_table":1,"minecraft:redstone_ore":1,"create:shaft":2,"forbidden_arcanus:deepslate_arcane_crystal_ore":18,"minecraft:andesite":974,"minecraft:vine":6,"minecraft:bamboo":4,"minecraft:fire_coral_block":39,"minecraft:smithing_table":3,"minecraft:emerald_ore":6,"minecraft:tall_grass":15,"minecraft:copper_ore":22,"minecraft:deepslate_gold_ore":139,"minecraft:diorite":5,"create:blaze_burner":3,"minecraft:coarse_dirt":16,"minecraft:cobblestone_wall":2,"tetra:basic_workbench":9,"minecraft:birch_leaves":2,"minecraft:gravel":7,"minecraft:dripstone_block":3,"minecraft:cobweb":139,"minecraft:gold_ore":23,"minecraft:infested_stone":1,"create:deepslate_zinc_ore":121,"minecraft:spruce_trapdoor":7,"minecraft:grass_block":101,"minecraft:gilded_blackstone":5,"rechiseled:birch_planks_large_tiles":1,"minecraft:red_nether_brick_stairs":1,"minecraft:iron_ore":89,"minecraft:anvil":1,"minecraft:azure_bluet":1,"minecraft:pointed_dripstone":33,"minecraft:iron_bars":1,"minecraft:black_candle":4,"minecraft:brain_coral_block":30,"minecraft:green_bed":1,"minecraft:deepslate_redstone_ore":40,"minecraft:blackstone":11,"minecraft:clay":110,"minecraft:calcite":4,"minecraft:chest":1,"specialmobs:infested_tube_coral_block":1,"minecraft:nether_quartz_ore":76,"minecraft:cobblestone":109,"minecraft:grindstone":1,"minecraft:oak_planks":14,"minecraft:wall_torch":109,"minecraft:deepslate_copper_ore":2,"minecraft:pink_petals":2,"minecraft:seagrass":1,"minecraft:stone_stairs":2,"specialmobs:infested_fire_coral_block":7,"minecraft:nether_wart_block":20,"minecraft:oak_log":65,"minecraft:dirt":39,"minecraft:crimson_planks":20,"minecraft:netherrack":412,"create:crimsite":129,"minecraft:nether_gold_ore":19,"minecraft:tuff":89,"minecraft:candle":1,"minecraft:deepslate_diamond_ore":50,"minecraft:glow_lichen":6,"gravestone:gravestone":56,"minecraft:decorated_pot":1,"minecraft:weeping_vines":16,"create:ochrum":195,"specialmobs:infested_brain_coral_block":6,"minecraft:rooted_dirt":1,"minecraft:crimson_stem":30,"forbidden_arcanus:arcane_crystal_ore":2,"minecraft:furnace":1,"minecraft:polished_basalt":1,"minecraft:stripped_spruce_log":3,"minecraft:gold_block":1,"minecraft:nether_brick_fence":29,"minecraft:bookshelf":1,"minecraft:shroomlight":10,"minecraft:deepslate_iron_ore":121,"minecraft:stone":989,"rechiseled:cherry_planks_small_tiles":19,"minecraft:basalt":1,"minecraft:crafting_table":23,"minecraft:stone_slab":1,"minecraft:deepslate_coal_ore":3,"minecraft:lapis_ore":4,"forbidden_arcanus:petrified_root":4,"minecraft:polished_blackstone_brick_stairs":4,"minecraft:spruce_stairs":2,"minecraft:birch_planks":1,"minecraft:dead_fire_coral_block":22,"forbidden_arcanus:xpetrified_ore":18,"minecraft:sea_pickle":4,"minecraft:gray_bed":3,"minecraft:yellow_bed":1,"minecraft:dead_brain_coral_block":116,"minecraft:coal_ore":724,"minecraft:cyan_carpet":11,"forbidden_arcanus:runic_deepslate":1},"minecraft:killed_by":{"minecraft:piglin_brute":2,"specialmobs:jumpingcreeper":1,"specialmobs:hungryzombie":3,"specialmobs:drowned":2,"specialmobs:hungryzombifiedpiglin":6,"specialmobs:skeleton":3,"specialmobs:fireskeleton":1,"specialmobs:zombifiedpiglin":1,"minecraft:player":27,"specialmobs:enderman":1,"specialmobs:zombie":1,"specialmobs:brutedrowned":2},"minecraft:picked_up":{"minecraft:iron_chestplate":2,"minecraft:flower_pot":1,"minecraft:anvil":1,"minecraft:lead":2,"minecraft:smithing_table":3,"minecraft:stone_slab":1,"minecraft:diamond_sword":1,"minecraft:enchanted_book":1,"forbidden_arcanus:xpetrified_orb":31,"minecraft:polished_blackstone_brick_stairs":4,"minecraft:string":144,"create:limestone":82,"minecraft:cooked_salmon":5,"minecraft:red_nether_bricks":1,"minecraft:pufferfish":10,"minecraft:shroomlight":10,"minecraft:gold_nugget":75,"minecraft:cobbled_deepslate":482,"tetra:modular_sword":3,"minecraft:jukebox":2,"magistuarmory:rustedcrusader_chestplate":1,"minecraft:stone_sword":2,"minecraft:polished_basalt":1,"create:ochrum":323,"minecraft:feather":22,"tetra:modular_crossbow":1,"minecraft:smoker":4,"minecraft:flint":5,"minecraft:magenta_bed":4,"magistuarmory:diamond_pavese":1,"forbidden_arcanus:rune":2,"create:shaft":3,"minecraft:diamond_helmet":3,"minecraft:rabbit":1,"minecraft:glowstone_dust":4,"minecraft:moss_block":8,"forbidden_arcanus:edelwood_bucket":1,"create:empty_blaze_burner":3,"minecraft:stripped_spruce_log":1,"minecraft:trapped_chest":1,"minecraft:barrel":17,"minecraft:bundle":1,"minecraft:white_candle":4,"create:crimsite":168,"artifacts:crystal_heart":1,"minecraft:dead_brain_coral_block":139,"minecraft:rooted_dirt":1,"minecraft:crimson_roots":12,"minecraft:diamond_pickaxe":2,"sophisticatedbackpacks:gold_backpack":1,"minecraft:coarse_dirt":17,"minecraft:crafting_table":33,"minecraft:clay_ball":424,"rpgsmw:steel_rifle":1,"gravestone:obituary":26,"minecraft:cornflower":1,"minecraft:iron_shovel":2,"minecraft:cartography_table":1,"minecraft:chest":1,"minecraft:egg":1,"sophisticatedbackpacks:backpack":7,"minecraft:fire_charge":4,"minecraft:redstone":189,"rechiseled:cherry_planks_small_tiles":10,"minecraft:decorated_pot":1,"minecraft:gold_ingot":11,"artifacts:pocket_piston":1,"minecraft:mutton":8,"minecraft:rail":44,"minecraft:white_wool":5,"rechiseled:cobblestone_pulverized":3,"magistuarmory:rustedhalfarmor_chestplate":4,"create:crushed_raw_gold":1,"minecraft:oak_log":82,"rechiseled:birch_planks_large_tiles":2,"minecraft:apple":4,"minecraft:spore_blossom":1,"minecraft:stone_pickaxe":2,"minecraft:glass_bottle":2,"artifacts:steadfast_spikes":1,"minecraft:gray_bed":3,"minecraft:iron_sword":3,"forbidden_arcanus:darkstone":1,"minecraft:smooth_basalt":9,"minecraft:spyglass":3,"magistuarmory:rustednorman_helmet":1,"minecraft:gravel":10,"minecraft:dead_fire_coral_block":44,"minecraft:spruce_sapling":8,"magistuarmory:rustedchainmail_leggings":7,"forbidden_arcanus:arcane_crystal":28,"tetra:geode":38,"immersive_armors:wooden_boots":1,"minecraft:nether_brick_fence":29,"minecraft:gilded_blackstone":5,"minecraft:crimson_planks":20,"minecraft:raw_copper":79,"minecraft:iron_leggings":3,"minecraft:sea_pickle":5,"minecraft:activator_rail":4,"minecraft:calcite":5,"minecraft:iron_pickaxe":3,"minecraft:furnace":1,"minecraft:iron_boots":4,"minecraft:stick":66,"minecraft:torch":206,"minecraft:porkchop":8,"minecraft:pointed_dripstone":57,"minecraft:diorite":9,"minecraft:rotten_flesh":61,"create:veridium":261,"minecraft:obsidian":2,"minecraft:cod":6,"minecraft:cobblestone":1204,"minecraft:andesite":960,"minecraft:tuff":86,"create:raw_zinc":179,"minecraft:lapis_lazuli":197,"minecraft:dirt":233,"minecraft:leather_boots":1,"rechiseled:oak_planks_mosaic":1,"minecraft:bone":42,"minecraft:bow":2,"minecraft:wheat_seeds":18,"minecraft:raw_gold":162,"minecraft:grindstone":2,"minecraft:bamboo":20,"minecraft:powered_rail":11,"minecraft:oak_planks":20,"tetra:modular_double":3,"minecraft:nether_brick_stairs":4,"minecraft:grass_block":1,"magistuarmory:rustedgreathelm":3,"minecraft:mossy_cobblestone":24,"magistuarmory:diamond_chainmorgenstern":1,"minecraft:diamond":57,"magistuarmory:corruptedroundshield":6,"minecraft:crossbow":1,"minecraft:bone_meal":21,"minecraft:golden_apple":1,"minecraft:emerald":6,"minecraft:oak_sapling":1,"minecraft:netherrack":355,"create:white_sail":1,"minecraft:fishing_rod":3,"minecraft:charcoal":2,"minecraft:azure_bluet":1,"minecraft:chicken":3,"minecraft:brown_mushroom":2,"minecraft:wooden_pickaxe":1,"minecraft:gold_block":1,"minecraft:stone_stairs":2,"minecraft:iron_axe":2,"minecraft:cyan_carpet":23,"minecraft:blackstone":10,"minecraft:candle":5,"minecraft:detector_rail":3,"minecraft:spruce_trapdoor":2,"minecraft:phantom_membrane":9,"minecraft:raw_iron":222,"forbidden_arcanus:bat_wing":2,"minecraft:copper_ingot":10,"minecraft:polished_blackstone_bricks":10,"minecraft:weeping_vines":63,"minecraft:arrow":13,"magistuarmory:gold_lochaberaxe":1,"minecraft:saddle":1,"forbidden_arcanus:spawner_scrap":3,"minecraft:basalt":1,"minecraft:crimson_stem":25,"minecraft:glow_ink_sac":4,"minecraft:salmon":437,"minecraft:leather":14,"minecraft:birch_planks":1,"minecraft:crimson_fungus":18,"minecraft:gunpowder":6,"minecraft:yellow_bed":1,"minecraft:nether_wart_block":18,"minecraft:cobblestone_wall":2,"minecraft:red_nether_brick_stairs":1,"recrafted_creatures:apple_slice":101,"minecraft:iron_ingot":1,"minecraft:book":3,"minecraft:warped_fungus":2,"minecraft:black_candle":12,"magistuarmory:rustedchainmail_chestplate":1,"minecraft:quartz":78,"minecraft:dandelion":1,"minecraft:dripstone_block":5,"minecraft:blast_furnace":3,"minecraft:white_bed":6,"minecraft:spider_eye":3,"immersive_armors:wooden_chestplate":1,"minecraft:damaged_anvil":2,"minecraft:coal":754},"minecraft:dropped":{"minecraft:iron_sword":3,"minecraft:lapis_lazuli":1,"minecraft:glow_ink_sac":4,"minecraft:spore_blossom":1,"minecraft:crafting_table":3,"minecraft:weeping_vines":42,"minecraft:rail":24,"sophisticatedbackpacks:gold_backpack":1,"minecraft:dirt":8,"minecraft:gold_nugget":11,"minecraft:bone_meal":71,"forbidden_arcanus:darkstone":1,"minecraft:sugar":10,"minecraft:iron_pickaxe":1,"magistuarmory:corruptedroundshield":4,"minecraft:fishing_rod":3,"minecraft:white_wool":22,"minecraft:bone":30,"magistuarmory:rustedchainmail_leggings":7,"minecraft:stone_axe":1,"minecraft:detector_rail":3,"minecraft:cobbled_deepslate":285,"immersive_armors:wooden_boots":2,"minecraft:obsidian":4,"minecraft:rotten_flesh":12,"minecraft:grindstone":1,"minecraft:oak_planks":33,"minecraft:azure_bluet":1,"create:white_sail":1,"minecraft:dead_fire_coral_block":9,"minecraft:charcoal":2,"create:limestone":82,"forbidden_arcanus:arcane_crystal":6,"rpgsmw:steel_rifle":1,"minecraft:iron_ingot":83,"minecraft:wheat_seeds":35,"minecraft:iron_helmet":1,"minecraft:feather":23,"minecraft:cobblestone":299,"rechiseled:oak_planks_mosaic":1,"minecraft:apple":25,"minecraft:coal":193,"minecraft:golden_apple":8,"minecraft:lava_bucket":1,"minecraft:golden_carrot":7,"minecraft:cooked_salmon":305,"minecraft:diamond_helmet":3,"magistuarmory:diamond_pavese":1,"minecraft:iron_shovel":2,"minecraft:string":27,"minecraft:trapped_chest":1,"create:raw_zinc":6,"magistuarmory:diamond_chainmorgenstern":2,"minecraft:spruce_sapling":16,"create:ochrum":127,"minecraft:stone_sword":2,"minecraft:iron_boots":4,"minecraft:damaged_anvil":1,"forbidden_arcanus:bat_wing":1,"minecraft:pumpkin_seeds":17,"magistuarmory:chainmail_horse_armor":1,"minecraft:sea_pickle":3,"minecraft:spruce_trapdoor":2,"artifacts:running_shoes":1,"create:zinc_ingot":123,"minecraft:diamond_pickaxe":1,"minecraft:spider_eye":2,"minecraft:nether_brick_stairs":2,"tetra:modular_crossbow":1,"minecraft:spruce_sign":1,"minecraft:candle":4,"minecraft:moss_block":8,"minecraft:brown_mushroom":2,"create:crimsite":59,"magistuarmory:rustednorman_helmet":1,"minecraft:flint":2,"forbidden_arcanus:rune":1,"artifacts:superstitious_hat":2,"minecraft:polished_blackstone_brick_stairs":1,"minecraft:cornflower":1,"immersive_armors:wooden_leggings":1,"minecraft:crimson_roots":1,"minecraft:cooked_cod":2,"gravestone:obituary":41,"minecraft:polished_blackstone_bricks":5,"immersive_armors:wooden_chestplate":2,"minecraft:gold_ingot":49,"minecraft:gravel":7,"minecraft:crimson_fungus":9,"minecraft:spyglass":2,"tetra:modular_sword":4,"minecraft:gunpowder":3,"magistuarmory:rustedchainmail_chestplate":1,"tetra:modular_double":4,"minecraft:powered_rail":6,"minecraft:netherrack":11,"minecraft:cherry_log":51,"minecraft:mossy_cobblestone":16,"minecraft:activator_rail":4,"minecraft:copper_ingot":27,"minecraft:grass_block":1,"magistuarmory:rustedgreathelm":2,"minecraft:stick":38,"minecraft:diorite":4,"minecraft:torch":60,"minecraft:nether_wart_block":1,"minecraft:iron_leggings":6,"minecraft:iron_axe":1,"minecraft:polished_basalt":1,"artifacts:rooted_boots":1,"minecraft:smooth_basalt":7,"minecraft:coarse_dirt":1,"minecraft:raw_copper":5,"minecraft:jukebox":1,"minecraft:tuff":16,"minecraft:raw_iron":1,"magistuarmory:rustedhalfarmor_chestplate":4,"minecraft:shield":1,"create:veridium":5,"minecraft:iron_chestplate":4,"minecraft:andesite":803,"minecraft:oak_sapling":4,"minecraft:stone_pickaxe":4,"minecraft:wooden_pickaxe":1,"minecraft:dead_brain_coral_block":1,"immersive_armors:wooden_helmet":1}},"DataVersion":3465}