{"stats":{"minecraft:used":{"minecraft:stone_sword":3,"minecraft:iron_sword":108,"minecraft:rotten_flesh":8,"minecraft:cooked_salmon":14,"minecraft:torch":95,"minecraft:dirt":1,"minecraft:tuff":1,"minecraft:wooden_axe":55,"minecraft:smooth_basalt":1,"minecraft:sweet_berries":13,"minecraft:furnace":3,"minecraft:golden_axe":16,"minecraft:cooked_mutton":6,"minecraft:water_bucket":1,"minecraft:diorite":1,"minecraft:stone_pickaxe":130,"minecraft:wooden_pickaxe":36,"minecraft:crafting_table":8,"minecraft:white_bed":2,"minecraft:dripstone_block":2,"minecraft:bread":3,"minecraft:iron_pickaxe":242,"minecraft:stone_axe":6,"immersive_armors:wooden_boots":1,"minecraft:fire_charge":1,"minecraft:cobblestone":70,"minecraft:bucket":2,"minecraft:andesite":2,"minecraft:pumpkin_pie":1,"minecraft:sea_pickle":2,"immersive_armors:wooden_leggings":1,"minecraft:dandelion":1,"minecraft:golden_pickaxe":30},"minecraft:killed_by":{"specialmobs:drowned":1},"minecraft:killed":{"specialmobs:skeleton":1,"specialmobs:zombie":1,"specialmobs:fishingzombie":1,"minecraft:salmon":93,"minecraft:sheep":5,"specialmobs:drowned":4,"specialmobs:spider":1},"minecraft:mined":{"create:zinc_ore":22,"create:deepslate_zinc_ore":5,"minecraft:tuff":1,"minecraft:white_bed":2,"minecraft:spruce_trapdoor":4,"gravestone:gravestone":2,"minecraft:grass_block":2,"minecraft:spawner":1,"minecraft:furnace":1,"minecraft:iron_ore":53,"minecraft:fire":1,"minecraft:barrel":4,"minecraft:andesite":41,"minecraft:azure_bluet":1,"minecraft:deepslate_iron_ore":21,"minecraft:bamboo":4,"minecraft:stone":107,"minecraft:blackstone":4,"minecraft:crafting_table":5,"minecraft:torch":8,"minecraft:tall_grass":5,"minecraft:copper_ore":12,"minecraft:cobblestone":11,"minecraft:diorite":1,"minecraft:wall_torch":1,"minecraft:pink_petals":2,"forbidden_arcanus:xpetrified_ore":9,"minecraft:sea_pickle":3,"minecraft:jukebox":1,"minecraft:grass":12,"minecraft:oak_log":65,"minecraft:coal_ore":90,"minecraft:dirt":2,"minecraft:gravel":1,"minecraft:smooth_basalt":1,"minecraft:gold_ore":6,"minecraft:deepslate":5},"minecraft:dropped":{"minecraft:spruce_sign":1,"minecraft:iron_ingot":21,"minecraft:wheat_seeds":2,"minecraft:feather":10,"minecraft:rail":24,"minecraft:dirt":3,"immersive_armors:wooden_leggings":1,"minecraft:cooked_salmon":4,"gravestone:obituary":1,"minecraft:bone_meal":2,"immersive_armors:wooden_chestplate":2,"minecraft:string":1,"minecraft:fishing_rod":1,"minecraft:spruce_sapling":16,"minecraft:detector_rail":3,"minecraft:stone_sword":2,"minecraft:cobbled_deepslate":2,"minecraft:jukebox":1,"immersive_armors:wooden_boots":2,"minecraft:obsidian":4,"minecraft:rotten_flesh":1,"magistuarmory:rustedhalfarmor_chestplate":2,"minecraft:oak_planks":26,"minecraft:azure_bluet":1,"minecraft:pumpkin_seeds":17,"magistuarmory:chainmail_horse_armor":1,"minecraft:sea_pickle":2,"minecraft:spruce_trapdoor":2,"minecraft:andesite":34,"minecraft:oak_sapling":3,"minecraft:powered_rail":6,"minecraft:stone_pickaxe":3,"minecraft:wooden_pickaxe":1,"immersive_armors:wooden_helmet":1},"minecraft:crafted":{"minecraft:oak_planks":164,"minecraft:furnace":2,"minecraft:cooked_mutton":7,"immersive_armors:wooden_chestplate":1,"minecraft:iron_boots":1,"minecraft:stone_pickaxe":2,"immersive_armors:wooden_helmet":1,"minecraft:cooked_beef":8,"minecraft:crafting_table":3,"minecraft:wooden_pickaxe":1,"minecraft:iron_sword":1,"immersive_armors:wooden_leggings":1,"minecraft:cooked_salmon":17,"minecraft:bucket":1,"minecraft:stone_axe":1,"minecraft:air":0,"immersive_armors:wooden_boots":1,"minecraft:iron_chestplate":1,"minecraft:shield":1,"minecraft:stick":44,"minecraft:iron_ingot":68,"minecraft:iron_pickaxe":1,"minecraft:wooden_axe":1,"minecraft:iron_leggings":1,"minecraft:white_bed":1,"minecraft:torch":92},"minecraft:broken":{"minecraft:stone_pickaxe":1,"minecraft:golden_axe":1,"minecraft:golden_pickaxe":1,"minecraft:wooden_axe":1},"minecraft:custom":{"minecraft:mob_kills":107,"minecraft:interact_with_crafting_table":31,"minecraft:open_barrel":5,"minecraft:bell_ring":5,"minecraft:leave_game":3,"minecraft:time_since_death":5629,"minecraft:climb_one_cm":7000,"minecraft:sprint_one_cm":197507,"minecraft:walk_one_cm":222125,"minecraft:drop":159,"minecraft:talked_to_villager":21,"minecraft:play_time":125150,"minecraft:deaths":2,"minecraft:sneak_time":575,"minecraft:walk_under_water_one_cm":67282,"minecraft:jump":1462,"minecraft:interact_with_blast_furnace":9,"minecraft:walk_on_water_one_cm":34125,"minecraft:total_world_time":125150,"minecraft:interact_with_furnace":38,"minecraft:interact_with_cartography_table":1,"minecraft:sleep_in_bed":8,"minecraft:time_since_rest":5657,"minecraft:damage_taken":2593,"minecraft:damage_dealt":5172,"minecraft:swim_one_cm":222184,"minecraft:fly_one_cm":227324,"minecraft:open_chest":17,"minecraft:crouch_one_cm":46,"minecraft:interact_with_smoker":1,"minecraft:fall_one_cm":41721},"minecraft:picked_up":{"minecraft:fishing_rod":1,"minecraft:crafting_table":5,"minecraft:azure_bluet":1,"minecraft:wooden_pickaxe":1,"gravestone:obituary":1,"minecraft:string":1,"forbidden_arcanus:xpetrified_orb":21,"minecraft:raw_copper":45,"minecraft:cooked_salmon":1,"minecraft:blackstone":4,"minecraft:sea_pickle":4,"minecraft:cobbled_deepslate":2,"minecraft:detector_rail":3,"minecraft:spruce_trapdoor":2,"minecraft:furnace":1,"minecraft:raw_iron":75,"minecraft:jukebox":2,"minecraft:torch":10,"minecraft:diorite":1,"minecraft:stone_sword":2,"minecraft:rotten_flesh":9,"minecraft:mutton":8,"minecraft:obsidian":2,"forbidden_arcanus:spawner_scrap":1,"minecraft:white_wool":5,"minecraft:rail":24,"minecraft:cobblestone":116,"magistuarmory:rustedhalfarmor_chestplate":2,"minecraft:feather":5,"minecraft:salmon":91,"minecraft:andesite":36,"minecraft:oak_log":82,"minecraft:tuff":1,"create:raw_zinc":27,"minecraft:dirt":4,"minecraft:wheat_seeds":2,"minecraft:raw_gold":6,"minecraft:stone_pickaxe":2,"minecraft:iron_ingot":1,"minecraft:bamboo":19,"minecraft:powered_rail":6,"minecraft:smooth_basalt":2,"minecraft:dripstone_block":2,"minecraft:spruce_sapling":8,"minecraft:white_bed":2,"minecraft:barrel":4,"minecraft:bundle":1,"immersive_armors:wooden_chestplate":1,"minecraft:bone_meal":6,"immersive_armors:wooden_boots":1,"minecraft:coal":97}},"DataVersion":3465}