{"stats":{"minecraft:custom":{"minecraft:interact_with_crafting_table":155,"minecraft:open_barrel":372,"minecraft:bell_ring":5,"minecraft:leave_game":15,"minecraft:time_since_death":52634,"minecraft:sprint_one_cm":1758407,"minecraft:damage_blocked_by_shield":4779,"minecraft:drop":777,"minecraft:talked_to_villager":21,"minecraft:play_time":939897,"minecraft:deaths":55,"minecraft:jump":12497,"minecraft:walk_on_water_one_cm":187792,"minecraft:enchant_item":5,"minecraft:interact_with_furnace":105,"minecraft:play_record":1,"minecraft:interact_with_cartography_table":1,"minecraft:sleep_in_bed":20,"minecraft:damage_dealt":45697,"minecraft:player_kills":32,"minecraft:crouch_one_cm":23003,"minecraft:interact_with_smoker":138,"minecraft:interact_with_smithing_table":5,"minecraft:interact_with_anvil":3,"minecraft:mob_kills":582,"minecraft:climb_one_cm":17616,"minecraft:walk_one_cm":2180250,"minecraft:sneak_time":9183,"minecraft:walk_under_water_one_cm":305590,"minecraft:interact_with_blast_furnace":198,"minecraft:total_world_time":939897,"minecraft:interact_with_grindstone":1,"minecraft:time_since_rest":45348,"minecraft:damage_taken":32747,"minecraft:damage_absorbed":40,"minecraft:trigger_trapped_chest":1,"minecraft:swim_one_cm":780147,"minecraft:fly_one_cm":2289886,"minecraft:open_chest":433,"minecraft:fall_one_cm":271258},"minecraft:mined":{"create:deepslate_zinc_ore":34,"minecraft:white_bed":6,"minecraft:red_nether_bricks":1,"minecraft:spruce_trapdoor":7,"minecraft:grass_block":101,"minecraft:crimson_fungus":9,"minecraft:gilded_blackstone":5,"minecraft:spawner":7,"rechiseled:birch_planks_large_tiles":1,"minecraft:polished_blackstone_bricks":12,"minecraft:weeping_vines_plant":23,"minecraft:tall_seagrass":8,"minecraft:red_nether_brick_stairs":1,"minecraft:cobbled_deepslate":1,"minecraft:iron_ore":89,"minecraft:barrel":6,"minecraft:fire":12,"minecraft:deepslate_lapis_ore":9,"minecraft:azure_bluet":1,"minecraft:nether_brick_stairs":1,"minecraft:pointed_dripstone":33,"minecraft:iron_bars":1,"minecraft:black_candle":4,"minecraft:brain_coral_block":21,"create:limestone":33,"minecraft:green_bed":1,"minecraft:deepslate_redstone_ore":8,"minecraft:brown_mushroom":1,"minecraft:red_bed":1,"minecraft:blackstone":11,"minecraft:smoker":2,"minecraft:crimson_nylium":40,"minecraft:clay":110,"minecraft:torch":66,"minecraft:blast_furnace":1,"minecraft:calcite":4,"minecraft:chest":1,"specialmobs:infested_tube_coral_block":1,"minecraft:nether_quartz_ore":76,"minecraft:cobblestone":95,"minecraft:grindstone":1,"minecraft:oak_planks":13,"minecraft:damaged_anvil":1,"minecraft:wall_torch":81,"minecraft:deepslate_copper_ore":2,"minecraft:pink_petals":2,"minecraft:seagrass":1,"minecraft:stone_stairs":2,"forbidden_arcanus:darkstone":1,"minecraft:nether_wart_block":20,"minecraft:magenta_bed":4,"minecraft:jukebox":1,"minecraft:warped_fungus":2,"minecraft:grass":31,"minecraft:oak_log":65,"minecraft:dirt":39,"minecraft:crimson_planks":20,"minecraft:smooth_basalt":1,"minecraft:netherrack":412,"create:crimsite":125,"minecraft:deepslate":303,"minecraft:nether_gold_ore":19,"create:zinc_ore":53,"minecraft:deepslate_tiles":8,"minecraft:tuff":70,"minecraft:mossy_cobblestone":5,"rechiseled:oak_planks_mosaic":1,"minecraft:deepslate_diamond_ore":29,"minecraft:candle":1,"tetra:block_geode":29,"minecraft:glow_lichen":6,"gravestone:gravestone":55,"minecraft:decorated_pot":1,"minecraft:crimson_roots":10,"minecraft:weeping_vines":16,"create:ochrum":195,"specialmobs:infested_brain_coral_block":4,"minecraft:moss_block":1,"minecraft:rooted_dirt":1,"minecraft:crimson_stem":30,"forbidden_arcanus:arcane_crystal_ore":2,"create:shaft":2,"forbidden_arcanus:deepslate_arcane_crystal_ore":14,"minecraft:furnace":1,"minecraft:polished_basalt":1,"minecraft:andesite":960,"minecraft:stripped_spruce_log":3,"minecraft:gold_block":1,"minecraft:nether_brick_fence":29,"minecraft:bookshelf":1,"minecraft:deepslate_iron_ore":53,"minecraft:shroomlight":10,"minecraft:vine":3,"minecraft:bamboo":4,"minecraft:stone":988,"minecraft:fire_coral_block":4,"minecraft:smithing_table":1,"rechiseled:cherry_planks_small_tiles":19,"minecraft:basalt":1,"minecraft:crafting_table":22,"minecraft:emerald_ore":6,"minecraft:stone_slab":1,"minecraft:copper_ore":22,"minecraft:tall_grass":15,"minecraft:deepslate_coal_ore":3,"minecraft:deepslate_gold_ore":76,"minecraft:lapis_ore":4,"forbidden_arcanus:petrified_root":4,"minecraft:polished_blackstone_brick_stairs":4,"minecraft:diorite":5,"minecraft:spruce_stairs":2,"create:blaze_burner":3,"minecraft:dead_fire_coral_block":6,"minecraft:birch_planks":1,"minecraft:coarse_dirt":16,"minecraft:cobblestone_wall":2,"forbidden_arcanus:xpetrified_ore":18,"minecraft:sea_pickle":3,"tetra:basic_workbench":9,"minecraft:gray_bed":2,"minecraft:birch_leaves":2,"minecraft:yellow_bed":1,"minecraft:dead_brain_coral_block":106,"minecraft:coal_ore":724,"minecraft:cyan_carpet":11,"minecraft:gravel":7,"minecraft:dripstone_block":3,"minecraft:cobweb":135,"minecraft:gold_ore":23,"forbidden_arcanus:runic_deepslate":1,"minecraft:infested_stone":1},"minecraft:crafted":{"minecraft:smooth_stone":3,"minecraft:oak_planks":168,"minecraft:stone":499,"minecraft:cooked_mutton":8,"immersive_armors:wooden_chestplate":1,"minecraft:glass":4,"magistuarmory:diamond_concavehalberd":1,"minecraft:diamond_leggings":1,"minecraft:diamond_helmet":1,"minecraft:bow":1,"minecraft:iron_boots":3,"minecraft:chest":4,"immersive_armors:wooden_helmet":1,"magistuarmory:pole":2,"minecraft:cooked_rabbit":1,"minecraft:golden_boots":1,"magistuarmory:steel_nugget":9,"minecraft:cooked_porkchop":8,"minecraft:crafting_table":10,"minecraft:wooden_pickaxe":1,"minecraft:iron_helmet":2,"magistuarmory:steel_chain":1,"immersive_armors:wooden_leggings":1,"minecraft:copper_ingot":74,"minecraft:gold_block":4,"magistuarmory:wood_pavese":1,"immersive_armors:wooden_boots":1,"minecraft:iron_chestplate":2,"minecraft:diamond_pickaxe":1,"minecraft:shield":2,"minecraft:stick":168,"minecraft:iron_ingot":158,"minecraft:iron_pickaxe":5,"minecraft:iron_block":3,"minecraft:gold_ingot":160,"magistuarmory:leather_strip":6,"minecraft:cherry_planks":56,"minecraft:iron_nugget":9,"forbidden_arcanus:obsidian_ingot":6,"minecraft:furnace":8,"minecraft:blast_furnace":1,"minecraft:bone_meal":15,"magistuarmory:diamond_lochaberaxe":1,"magistuarmory:diamond_chainmorgenstern":1,"minecraft:stone_stairs":40,"magistuarmory:hilt":5,"minecraft:iron_axe":1,"magistuarmory:steel_ingot":1,"magistuarmory:diamond_pavese":1,"minecraft:stone_pickaxe":3,"minecraft:diamond_boots":1,"magistuarmory:steel_ring":8,"tetra:modular_double":3,"minecraft:cooked_beef":11,"minecraft:cooked_cod":2,"minecraft:crimson_planks":100,"minecraft:diamond_sword":1,"minecraft:iron_sword":3,"minecraft:cooked_salmon":488,"minecraft:bucket":7,"minecraft:glowstone":1,"minecraft:stone_axe":1,"minecraft:air":0,"minecraft:white_wool":22,"minecraft:golden_apple":14,"minecraft:wooden_axe":1,"minecraft:iron_shovel":1,"minecraft:iron_leggings":2,"minecraft:anvil":1,"minecraft:white_bed":1,"minecraft:torch":704,"create:zinc_ingot":108,"minecraft:clay":91},"minecraft:used":{"minecraft:nether_brick_fence":38,"minecraft:iron_shovel":183,"minecraft:chest":5,"minecraft:decorated_pot":2,"minecraft:shield":46,"minecraft:stone":91,"minecraft:iron_sword":396,"minecraft:red_nether_brick_stairs":4,"minecraft:rotten_flesh":34,"minecraft:white_candle":4,"minecraft:axolotl_bucket":1,"minecraft:tuff":8,"minecraft:music_disc_13":1,"minecraft:weeping_vines":9,"minecraft:stripped_spruce_log":1,"minecraft:obsidian":4,"minecraft:lava_bucket":27,"minecraft:iron_helmet":1,"minecraft:crimson_roots":2,"minecraft:bow":6,"minecraft:warped_fungus":2,"create:shaft":2,"minecraft:sweet_berries":13,"minecraft:furnace":8,"minecraft:gray_bed":1,"minecraft:gold_block":4,"rechiseled:cherry_planks_small_tiles":4,"minecraft:diorite":1,"minecraft:damaged_anvil":1,"minecraft:diamond_boots":1,"minecraft:stone_pickaxe":133,"minecraft:oak_planks":22,"minecraft:blackstone":10,"create:crimsite":65,"minecraft:wooden_pickaxe":36,"forbidden_arcanus:edelwood_suspicious_stew_bucket":2,"minecraft:golden_apple":1,"tetra:modular_double":1115,"minecraft:blast_furnace":2,"minecraft:crossbow":1,"minecraft:dripstone_block":2,"sophisticatedbackpacks:backpack":1,"minecraft:bread":9,"minecraft:cyan_carpet":23,"create:asurine":1,"minecraft:gravel":3,"minecraft:pufferfish":1,"magistuarmory:diamond_pavese":10,"minecraft:fire_charge":1,"minecraft:nether_wart_block":17,"minecraft:diamond_sword":94,"rechiseled:cobblestone_pulverized":6,"forbidden_arcanus:splash_aureal_bottle":1,"minecraft:smithing_table":1,"minecraft:grindstone":1,"minecraft:andesite":21,"minecraft:cooked_rabbit":1,"minecraft:coarse_dirt":15,"minecraft:golden_pickaxe":62,"minecraft:cobweb":6,"create:limestone":11,"minecraft:stone_sword":3,"minecraft:redstone":4,"rechiseled:birch_planks_large_tiles":2,"minecraft:cooked_salmon":205,"minecraft:netherrack":108,"minecraft:torch":758,"create:ochrum":4,"minecraft:anvil":1,"minecraft:dirt":34,"minecraft:spyglass":175,"tetra:modular_sword":469,"minecraft:stone_stairs":42,"minecraft:diamond_helmet":1,"minecraft:golden_shovel":32,"minecraft:dead_brain_coral_block":65,"minecraft:nether_brick_stairs":2,"minecraft:shroomlight":10,"minecraft:wooden_axe":55,"minecraft:bookshelf":3,"minecraft:iron_axe":111,"minecraft:polished_blackstone_brick_stairs":6,"minecraft:crimson_planks":100,"magistuarmory:diamond_chainmorgenstern":177,"minecraft:barrel":8,"magistuarmory:gold_lochaberaxe":22,"minecraft:smooth_basalt":2,"minecraft:glowstone":1,"minecraft:basalt":1,"minecraft:cobbled_deepslate":59,"minecraft:cooked_beef":11,"minecraft:golden_axe":16,"minecraft:cooked_mutton":8,"minecraft:water_bucket":50,"create:empty_blaze_burner":4,"minecraft:red_nether_bricks":9,"tetra:modular_crossbow":15,"minecraft:polished_blackstone_bricks":5,"minecraft:gilded_blackstone":1,"minecraft:rail":1,"minecraft:crafting_table":37,"minecraft:magenta_bed":4,"magistuarmory:diamond_lochaberaxe":33,"minecraft:white_bed":6,"minecraft:smoker":2,"minecraft:apple":41,"minecraft:diamond_pickaxe":1108,"recrafted_creatures:apple_slice":4,"minecraft:iron_pickaxe":2590,"minecraft:stone_slab":1,"forbidden_arcanus:aureal_bottle":1,"minecraft:stone_axe":52,"immersive_armors:wooden_boots":1,"minecraft:cobblestone":268,"minecraft:cooked_porkchop":7,"minecraft:bucket":85,"minecraft:black_candle":12,"minecraft:pumpkin_pie":1,"minecraft:yellow_bed":1,"minecraft:sea_pickle":2,"immersive_armors:wooden_leggings":1,"minecraft:dandelion":2,"minecraft:jukebox":1,"minecraft:candle":1},"minecraft:picked_up":{"minecraft:iron_chestplate":2,"minecraft:nether_brick_fence":29,"minecraft:smithing_table":1,"minecraft:stone_slab":1,"minecraft:diamond_sword":1,"minecraft:enchanted_book":1,"minecraft:gilded_blackstone":5,"minecraft:crimson_planks":20,"forbidden_arcanus:xpetrified_orb":31,"minecraft:polished_blackstone_brick_stairs":4,"minecraft:string":139,"minecraft:raw_copper":79,"create:limestone":82,"minecraft:cooked_salmon":5,"minecraft:red_nether_bricks":1,"minecraft:iron_leggings":3,"minecraft:pufferfish":9,"minecraft:shroomlight":10,"minecraft:sea_pickle":4,"minecraft:activator_rail":4,"minecraft:gold_nugget":75,"minecraft:cobbled_deepslate":366,"minecraft:calcite":5,"minecraft:iron_pickaxe":3,"tetra:modular_sword":3,"minecraft:furnace":1,"minecraft:iron_boots":4,"minecraft:stick":35,"minecraft:jukebox":2,"minecraft:torch":168,"minecraft:porkchop":8,"minecraft:pointed_dripstone":57,"minecraft:diorite":9,"magistuarmory:rustedcrusader_chestplate":1,"minecraft:stone_sword":2,"minecraft:rotten_flesh":43,"create:ochrum":323,"minecraft:polished_basalt":1,"minecraft:obsidian":2,"minecraft:cod":2,"minecraft:cobblestone":1188,"minecraft:feather":20,"tetra:modular_crossbow":1,"minecraft:andesite":956,"minecraft:smoker":2,"minecraft:flint":5,"minecraft:tuff":68,"create:raw_zinc":92,"minecraft:magenta_bed":4,"minecraft:lapis_lazuli":183,"minecraft:dirt":233,"minecraft:leather_boots":1,"rechiseled:oak_planks_mosaic":1,"minecraft:bone":38,"magistuarmory:diamond_pavese":1,"minecraft:bow":2,"minecraft:wheat_seeds":17,"minecraft:raw_gold":99,"minecraft:grindstone":2,"minecraft:rabbit":1,"forbidden_arcanus:rune":2,"create:shaft":2,"minecraft:bamboo":19,"minecraft:diamond_helmet":3,"minecraft:glowstone_dust":4,"minecraft:powered_rail":11,"minecraft:moss_block":8,"minecraft:oak_planks":20,"tetra:modular_double":3,"forbidden_arcanus:edelwood_bucket":1,"create:empty_blaze_burner":3,"minecraft:stripped_spruce_log":1,"minecraft:nether_brick_stairs":4,"minecraft:grass_block":1,"magistuarmory:rustedgreathelm":3,"minecraft:trapped_chest":1,"minecraft:barrel":8,"minecraft:mossy_cobblestone":24,"magistuarmory:diamond_chainmorgenstern":1,"minecraft:bundle":1,"minecraft:white_candle":4,"create:crimsite":164,"minecraft:diamond":36,"minecraft:dead_brain_coral_block":126,"magistuarmory:corruptedroundshield":5,"minecraft:crossbow":1,"minecraft:bone_meal":21,"minecraft:golden_apple":1,"minecraft:emerald":6,"minecraft:rooted_dirt":1,"minecraft:oak_sapling":1,"minecraft:netherrack":355,"create:white_sail":1,"minecraft:crimson_roots":12,"minecraft:charcoal":2,"minecraft:diamond_pickaxe":1,"minecraft:fishing_rod":3,"minecraft:crafting_table":32,"minecraft:coarse_dirt":17,"minecraft:azure_bluet":1,"minecraft:chicken":1,"minecraft:clay_ball":424,"minecraft:brown_mushroom":2,"minecraft:wooden_pickaxe":1,"minecraft:gold_block":1,"gravestone:obituary":24,"minecraft:stone_stairs":2,"minecraft:iron_axe":2,"minecraft:blackstone":10,"minecraft:iron_shovel":2,"minecraft:cyan_carpet":23,"minecraft:candle":5,"minecraft:detector_rail":3,"minecraft:chest":1,"minecraft:spruce_trapdoor":2,"minecraft:phantom_membrane":6,"minecraft:raw_iron":155,"forbidden_arcanus:bat_wing":2,"minecraft:copper_ingot":10,"sophisticatedbackpacks:backpack":7,"minecraft:fire_charge":2,"minecraft:polished_blackstone_bricks":10,"minecraft:redstone":42,"rechiseled:cherry_planks_small_tiles":10,"minecraft:arrow":7,"minecraft:weeping_vines":63,"magistuarmory:gold_lochaberaxe":1,"minecraft:decorated_pot":1,"minecraft:saddle":1,"minecraft:gold_ingot":11,"minecraft:mutton":8,"forbidden_arcanus:spawner_scrap":3,"minecraft:rail":44,"minecraft:white_wool":5,"rechiseled:cobblestone_pulverized":3,"magistuarmory:rustedhalfarmor_chestplate":4,"minecraft:basalt":1,"create:crushed_raw_gold":1,"minecraft:glow_ink_sac":4,"minecraft:crimson_stem":25,"minecraft:salmon":436,"minecraft:leather":13,"minecraft:birch_planks":1,"minecraft:crimson_fungus":18,"minecraft:oak_log":82,"minecraft:cobblestone_wall":2,"minecraft:nether_wart_block":18,"minecraft:yellow_bed":1,"rechiseled:birch_planks_large_tiles":2,"minecraft:gunpowder":6,"minecraft:red_nether_brick_stairs":1,"minecraft:apple":4,"recrafted_creatures:apple_slice":101,"minecraft:spore_blossom":1,"minecraft:iron_ingot":1,"minecraft:stone_pickaxe":2,"artifacts:steadfast_spikes":1,"minecraft:glass_bottle":2,"minecraft:gray_bed":2,"minecraft:iron_sword":3,"forbidden_arcanus:darkstone":1,"minecraft:book":3,"minecraft:smooth_basalt":2,"minecraft:black_candle":12,"minecraft:warped_fungus":2,"magistuarmory:rustedchainmail_chestplate":1,"minecraft:quartz":78,"minecraft:dandelion":1,"minecraft:spyglass":3,"minecraft:dripstone_block":5,"minecraft:gravel":10,"minecraft:dead_fire_coral_block":8,"magistuarmory:rustednorman_helmet":1,"minecraft:spruce_sapling":8,"minecraft:blast_furnace":1,"minecraft:white_bed":6,"magistuarmory:rustedchainmail_leggings":6,"minecraft:spider_eye":3,"forbidden_arcanus:arcane_crystal":24,"tetra:geode":29,"immersive_armors:wooden_chestplate":1,"minecraft:damaged_anvil":2,"minecraft:coal":746,"immersive_armors:wooden_boots":1},"minecraft:broken":{"minecraft:golden_helmet":1,"minecraft:diamond_helmet":1,"minecraft:iron_boots":2,"minecraft:iron_chestplate":1,"minecraft:golden_shovel":1,"minecraft:stone_pickaxe":1,"minecraft:iron_sword":1,"minecraft:wooden_axe":1,"magistuarmory:gold_lochaberaxe":1,"minecraft:golden_axe":1,"minecraft:leather_boots":1,"minecraft:iron_pickaxe":10,"minecraft:iron_helmet":1,"minecraft:golden_pickaxe":2},"minecraft:killed_by":{"minecraft:piglin_brute":2,"specialmobs:skeleton":3,"specialmobs:fireskeleton":1,"specialmobs:zombifiedpiglin":1,"specialmobs:jumpingcreeper":1,"minecraft:player":26,"specialmobs:enderman":1,"specialmobs:hungryzombie":3,"specialmobs:drowned":2,"specialmobs:zombie":1,"specialmobs:brutedrowned":2,"specialmobs:hungryzombifiedpiglin":6},"minecraft:dropped":{"minecraft:nether_brick_stairs":2,"tetra:modular_crossbow":1,"minecraft:spruce_sign":1,"minecraft:iron_sword":3,"minecraft:candle":4,"minecraft:moss_block":8,"minecraft:brown_mushroom":2,"minecraft:lapis_lazuli":1,"minecraft:glow_ink_sac":4,"minecraft:spore_blossom":1,"minecraft:crafting_table":3,"minecraft:weeping_vines":42,"create:crimsite":59,"magistuarmory:rustednorman_helmet":1,"minecraft:flint":2,"minecraft:rail":24,"minecraft:dirt":8,"forbidden_arcanus:rune":1,"artifacts:superstitious_hat":2,"minecraft:polished_blackstone_brick_stairs":1,"immersive_armors:wooden_leggings":1,"minecraft:crimson_roots":1,"minecraft:cooked_cod":2,"gravestone:obituary":41,"minecraft:gold_nugget":11,"minecraft:bone_meal":7,"immersive_armors:wooden_chestplate":2,"minecraft:iron_pickaxe":1,"forbidden_arcanus:darkstone":1,"minecraft:polished_blackstone_bricks":5,"minecraft:sugar":10,"magistuarmory:corruptedroundshield":4,"minecraft:fishing_rod":3,"minecraft:white_wool":22,"minecraft:gold_ingot":49,"minecraft:bone":30,"magistuarmory:rustedchainmail_leggings":6,"minecraft:gravel":7,"minecraft:crimson_fungus":9,"minecraft:stone_axe":1,"minecraft:spyglass":2,"minecraft:detector_rail":3,"minecraft:cobbled_deepslate":266,"immersive_armors:wooden_boots":2,"minecraft:obsidian":4,"minecraft:grindstone":1,"minecraft:rotten_flesh":12,"minecraft:oak_planks":33,"create:white_sail":1,"minecraft:dead_fire_coral_block":1,"minecraft:azure_bluet":1,"tetra:modular_sword":4,"minecraft:gunpowder":3,"minecraft:charcoal":2,"create:limestone":82,"forbidden_arcanus:arcane_crystal":6,"magistuarmory:rustedchainmail_chestplate":1,"tetra:modular_double":4,"minecraft:powered_rail":6,"minecraft:netherrack":11,"minecraft:iron_ingot":49,"minecraft:wheat_seeds":34,"minecraft:cherry_log":51,"minecraft:mossy_cobblestone":16,"minecraft:iron_helmet":1,"minecraft:feather":23,"minecraft:cobblestone":298,"rechiseled:oak_planks_mosaic":1,"minecraft:apple":25,"minecraft:activator_rail":4,"minecraft:copper_ingot":27,"minecraft:grass_block":1,"magistuarmory:rustedgreathelm":2,"minecraft:golden_apple":8,"minecraft:coal":168,"minecraft:stick":38,"minecraft:lava_bucket":1,"minecraft:diorite":4,"minecraft:torch":60,"minecraft:nether_wart_block":1,"minecraft:diamond_helmet":3,"minecraft:cooked_salmon":305,"minecraft:iron_leggings":6,"minecraft:iron_axe":1,"minecraft:polished_basalt":1,"magistuarmory:diamond_pavese":1,"artifacts:rooted_boots":1,"minecraft:iron_shovel":2,"minecraft:string":15,"minecraft:trapped_chest":1,"create:raw_zinc":6,"magistuarmory:diamond_chainmorgenstern":2,"minecraft:spruce_sapling":16,"create:ochrum":127,"minecraft:stone_sword":2,"minecraft:coarse_dirt":1,"minecraft:raw_copper":5,"minecraft:jukebox":1,"minecraft:tuff":12,"minecraft:raw_iron":1,"magistuarmory:rustedhalfarmor_chestplate":4,"minecraft:iron_boots":4,"minecraft:damaged_anvil":1,"forbidden_arcanus:bat_wing":1,"minecraft:pumpkin_seeds":17,"magistuarmory:chainmail_horse_armor":1,"minecraft:shield":1,"minecraft:sea_pickle":2,"minecraft:spruce_trapdoor":2,"artifacts:running_shoes":1,"minecraft:iron_chestplate":3,"minecraft:andesite":803,"minecraft:oak_sapling":4,"minecraft:spider_eye":2,"minecraft:stone_pickaxe":4,"minecraft:wooden_pickaxe":1,"immersive_armors:wooden_helmet":1},"minecraft:killed":{"specialmobs:plaguedrowned":3,"specialmobs:skeletoncreeper":1,"specialmobs:frozenzombie":2,"specialmobs:zombifiedpiglin":7,"specialmobs:skeleton":6,"minecraft:pufferfish":2,"minecraft:chicken":1,"minecraft:piglin_brute":1,"specialmobs:palecavespider":1,"specialmobs:poisonspider":1,"specialmobs:puffersilverfish":12,"minecraft:piglin":1,"specialmobs:fishingzombie":4,"minecraft:zombie_villager":1,"minecraft:salmon":452,"specialmobs:enderman":2,"specialmobs:flyingsilverfish":1,"minecraft:sheep":5,"minecraft:pillager":3,"specialmobs:gatlingskeleton":1,"specialmobs:spider":3,"specialmobs:cavespider":6,"specialmobs:brutedrowned":1,"minecraft:phantom":7,"specialmobs:zombie":28,"specialmobs:blaze":1,"specialmobs:waterspider":1,"minecraft:bat":2,"specialmobs:silverfish":5,"minecraft:hoglin":2,"minecraft:squid":1,"specialmobs:firezombie":1,"specialmobs:drowned":7,"specialmobs:fireskeleton":2,"specialmobs:brutezombie":2}},"DataVersion":3465}