{"stats":{"minecraft:crafted":{"minecraft:oak_planks":164,"minecraft:stone":88,"minecraft:cooked_mutton":8,"immersive_armors:wooden_chestplate":1,"minecraft:diamond_helmet":1,"minecraft:bow":1,"minecraft:iron_boots":1,"minecraft:chest":3,"immersive_armors:wooden_helmet":1,"minecraft:cooked_rabbit":1,"minecraft:crafting_table":7,"minecraft:wooden_pickaxe":1,"minecraft:iron_helmet":1,"immersive_armors:wooden_leggings":1,"minecraft:copper_ingot":69,"immersive_armors:wooden_boots":1,"minecraft:iron_chestplate":1,"minecraft:shield":2,"minecraft:stick":84,"minecraft:iron_ingot":98,"minecraft:iron_pickaxe":5,"minecraft:gold_ingot":37,"minecraft:furnace":2,"minecraft:iron_axe":1,"minecraft:stone_pickaxe":3,"minecraft:cooked_beef":8,"minecraft:cooked_cod":1,"minecraft:diamond_sword":1,"minecraft:iron_sword":3,"minecraft:cooked_salmon":240,"minecraft:bucket":1,"minecraft:stone_axe":1,"minecraft:air":0,"minecraft:wooden_axe":1,"minecraft:iron_shovel":1,"minecraft:iron_leggings":1,"minecraft:white_bed":1,"minecraft:torch":192,"create:zinc_ingot":22,"minecraft:clay":91},"minecraft:mined":{"create:deepslate_zinc_ore":22,"minecraft:white_bed":6,"minecraft:spruce_trapdoor":4,"minecraft:grass_block":2,"minecraft:spawner":1,"minecraft:cobbled_deepslate":1,"minecraft:iron_ore":62,"minecraft:barrel":6,"minecraft:fire":1,"minecraft:deepslate_lapis_ore":8,"minecraft:azure_bluet":1,"minecraft:black_candle":4,"minecraft:brain_coral_block":21,"minecraft:green_bed":1,"minecraft:deepslate_redstone_ore":7,"minecraft:blackstone":4,"minecraft:smoker":2,"minecraft:clay":91,"minecraft:torch":19,"specialmobs:infested_tube_coral_block":1,"minecraft:cobblestone":45,"minecraft:grindstone":1,"minecraft:damaged_anvil":1,"minecraft:wall_torch":13,"minecraft:pink_petals":2,"forbidden_arcanus:darkstone":1,"minecraft:magenta_bed":1,"minecraft:jukebox":1,"minecraft:grass":14,"minecraft:oak_log":65,"minecraft:dirt":2,"minecraft:smooth_basalt":1,"minecraft:deepslate":44,"create:zinc_ore":33,"minecraft:tuff":1,"rechiseled:oak_planks_mosaic":1,"minecraft:deepslate_diamond_ore":8,"minecraft:candle":1,"tetra:block_geode":9,"gravestone:gravestone":6,"minecraft:decorated_pot":1,"specialmobs:infested_brain_coral_block":4,"forbidden_arcanus:arcane_crystal_ore":2,"forbidden_arcanus:deepslate_arcane_crystal_ore":12,"minecraft:furnace":1,"minecraft:andesite":198,"minecraft:deepslate_iron_ore":47,"minecraft:vine":2,"minecraft:bamboo":4,"minecraft:stone":240,"minecraft:fire_coral_block":4,"rechiseled:cherry_planks_small_tiles":19,"minecraft:crafting_table":9,"minecraft:emerald_ore":5,"minecraft:copper_ore":20,"minecraft:tall_grass":5,"minecraft:deepslate_gold_ore":16,"forbidden_arcanus:petrified_root":4,"minecraft:diorite":1,"minecraft:dead_fire_coral_block":6,"forbidden_arcanus:xpetrified_ore":13,"minecraft:sea_pickle":3,"minecraft:yellow_bed":1,"minecraft:dead_brain_coral_block":106,"minecraft:coal_ore":239,"minecraft:gravel":1,"minecraft:cyan_carpet":11,"minecraft:cobweb":4,"minecraft:gold_ore":19,"minecraft:infested_stone":1},"minecraft:broken":{"minecraft:golden_helmet":1,"minecraft:stone_pickaxe":1,"minecraft:iron_sword":1,"minecraft:wooden_axe":1,"minecraft:golden_axe":1,"minecraft:iron_pickaxe":4,"minecraft:golden_pickaxe":1},"minecraft:killed_by":{"specialmobs:skeleton":2,"specialmobs:hungryzombie":1,"specialmobs:drowned":2},"minecraft:picked_up":{"minecraft:enchanted_book":1,"forbidden_arcanus:xpetrified_orb":25,"minecraft:string":12,"minecraft:raw_copper":79,"minecraft:cooked_salmon":5,"minecraft:pufferfish":9,"minecraft:sea_pickle":4,"minecraft:activator_rail":4,"minecraft:cobbled_deepslate":58,"minecraft:iron_pickaxe":2,"minecraft:furnace":1,"minecraft:stick":12,"minecraft:jukebox":2,"minecraft:torch":38,"minecraft:diorite":1,"minecraft:stone_sword":2,"minecraft:rotten_flesh":17,"minecraft:obsidian":2,"minecraft:cod":2,"minecraft:cobblestone":320,"minecraft:feather":20,"minecraft:andesite":201,"minecraft:smoker":2,"minecraft:tuff":1,"create:raw_zinc":55,"minecraft:magenta_bed":1,"minecraft:lapis_lazuli":93,"minecraft:dirt":24,"rechiseled:oak_planks_mosaic":1,"minecraft:bone":6,"minecraft:wheat_seeds":3,"minecraft:raw_gold":35,"minecraft:grindstone":2,"minecraft:rabbit":1,"minecraft:bamboo":19,"minecraft:powered_rail":11,"minecraft:moss_block":7,"minecraft:stripped_spruce_log":1,"minecraft:trapped_chest":1,"minecraft:barrel":8,"minecraft:bundle":1,"minecraft:white_candle":4,"minecraft:diamond":8,"magistuarmory:corruptedroundshield":1,"minecraft:dead_brain_coral_block":126,"minecraft:bone_meal":14,"minecraft:emerald":5,"minecraft:fishing_rod":3,"minecraft:charcoal":2,"minecraft:crafting_table":10,"minecraft:azure_bluet":1,"minecraft:chicken":1,"minecraft:clay_ball":348,"minecraft:wooden_pickaxe":1,"gravestone:obituary":1,"minecraft:blackstone":4,"minecraft:cyan_carpet":18,"minecraft:candle":5,"minecraft:detector_rail":3,"minecraft:spruce_trapdoor":2,"minecraft:raw_iron":123,"minecraft:copper_ingot":1,"minecraft:redstone":31,"rechiseled:cherry_planks_small_tiles":10,"minecraft:arrow":3,"minecraft:decorated_pot":1,"minecraft:gold_ingot":5,"minecraft:mutton":8,"forbidden_arcanus:spawner_scrap":1,"minecraft:rail":43,"minecraft:white_wool":5,"magistuarmory:rustedhalfarmor_chestplate":3,"minecraft:salmon":242,"minecraft:oak_log":82,"rechiseled:birch_planks_large_tiles":1,"minecraft:yellow_bed":1,"minecraft:gunpowder":2,"minecraft:iron_ingot":1,"minecraft:stone_pickaxe":2,"minecraft:iron_sword":1,"forbidden_arcanus:darkstone":1,"minecraft:smooth_basalt":2,"minecraft:black_candle":12,"magistuarmory:rustedchainmail_chestplate":1,"minecraft:spyglass":1,"minecraft:dripstone_block":2,"minecraft:dead_fire_coral_block":8,"minecraft:spruce_sapling":8,"minecraft:white_bed":6,"minecraft:spider_eye":2,"forbidden_arcanus:arcane_crystal":14,"tetra:geode":9,"immersive_armors:wooden_chestplate":1,"minecraft:damaged_anvil":2,"immersive_armors:wooden_boots":1,"minecraft:coal":254},"minecraft:killed":{"specialmobs:plaguedrowned":1,"specialmobs:frozenzombie":1,"minecraft:pufferfish":2,"specialmobs:skeleton":2,"minecraft:chicken":1,"specialmobs:poisonspider":1,"specialmobs:puffersilverfish":12,"specialmobs:fishingzombie":1,"minecraft:salmon":246,"minecraft:sheep":5,"specialmobs:spider":3,"specialmobs:cavespider":2,"specialmobs:zombie":12,"specialmobs:waterspider":1,"specialmobs:silverfish":4,"minecraft:squid":1,"specialmobs:drowned":5,"specialmobs:fireskeleton":1,"specialmobs:brutezombie":1},"minecraft:used":{"minecraft:iron_shovel":50,"minecraft:decorated_pot":2,"minecraft:chest":3,"minecraft:shield":27,"minecraft:stone":20,"minecraft:iron_sword":396,"minecraft:rotten_flesh":18,"minecraft:white_candle":4,"minecraft:tuff":1,"minecraft:stripped_spruce_log":1,"minecraft:iron_helmet":1,"minecraft:bow":4,"minecraft:sweet_berries":13,"minecraft:furnace":3,"rechiseled:cherry_planks_small_tiles":4,"minecraft:diorite":1,"minecraft:damaged_anvil":1,"minecraft:stone_pickaxe":131,"minecraft:blackstone":4,"minecraft:wooden_pickaxe":36,"minecraft:dripstone_block":2,"minecraft:bread":3,"minecraft:cyan_carpet":18,"minecraft:pufferfish":1,"minecraft:fire_charge":1,"minecraft:grindstone":1,"minecraft:cooked_rabbit":1,"minecraft:andesite":20,"minecraft:golden_pickaxe":30,"minecraft:stone_sword":3,"rechiseled:birch_planks_large_tiles":1,"minecraft:cooked_salmon":84,"minecraft:torch":203,"minecraft:dirt":1,"minecraft:spyglass":69,"minecraft:dead_brain_coral_block":65,"minecraft:wooden_axe":55,"minecraft:iron_axe":14,"minecraft:smooth_basalt":2,"minecraft:cooked_beef":8,"minecraft:cobbled_deepslate":25,"minecraft:golden_axe":16,"minecraft:cooked_mutton":8,"minecraft:water_bucket":12,"minecraft:crafting_table":15,"minecraft:magenta_bed":1,"minecraft:white_bed":4,"minecraft:iron_pickaxe":1093,"minecraft:stone_axe":52,"immersive_armors:wooden_boots":1,"minecraft:cobblestone":119,"minecraft:bucket":13,"minecraft:yellow_bed":1,"minecraft:black_candle":12,"minecraft:pumpkin_pie":1,"minecraft:sea_pickle":2,"immersive_armors:wooden_leggings":1,"minecraft:dandelion":1,"minecraft:candle":1,"minecraft:jukebox":1},"minecraft:dropped":{"minecraft:spruce_sign":1,"minecraft:iron_sword":2,"minecraft:candle":4,"minecraft:moss_block":7,"minecraft:lapis_lazuli":1,"minecraft:crafting_table":2,"minecraft:rail":24,"minecraft:dirt":5,"immersive_armors:wooden_leggings":1,"gravestone:obituary":1,"minecraft:bone_meal":7,"forbidden_arcanus:darkstone":1,"minecraft:iron_pickaxe":1,"magistuarmory:corruptedroundshield":1,"immersive_armors:wooden_chestplate":2,"minecraft:fishing_rod":3,"minecraft:bone":2,"minecraft:stone_axe":1,"minecraft:detector_rail":3,"minecraft:cobbled_deepslate":33,"immersive_armors:wooden_boots":2,"minecraft:obsidian":4,"minecraft:rotten_flesh":1,"minecraft:grindstone":1,"minecraft:oak_planks":26,"minecraft:azure_bluet":1,"minecraft:dead_fire_coral_block":1,"minecraft:charcoal":2,"magistuarmory:rustedchainmail_chestplate":1,"minecraft:powered_rail":6,"minecraft:iron_ingot":21,"minecraft:wheat_seeds":2,"minecraft:feather":23,"minecraft:cobblestone":129,"rechiseled:oak_planks_mosaic":1,"minecraft:activator_rail":4,"minecraft:stick":15,"minecraft:cooked_salmon":145,"minecraft:string":9,"minecraft:trapped_chest":1,"create:raw_zinc":6,"minecraft:spruce_sapling":16,"minecraft:stone_sword":2,"minecraft:raw_copper":5,"minecraft:jukebox":1,"magistuarmory:rustedhalfarmor_chestplate":3,"minecraft:damaged_anvil":1,"minecraft:pumpkin_seeds":17,"magistuarmory:chainmail_horse_armor":1,"minecraft:sea_pickle":2,"minecraft:spruce_trapdoor":2,"minecraft:andesite":53,"minecraft:oak_sapling":3,"minecraft:spider_eye":2,"minecraft:stone_pickaxe":3,"minecraft:wooden_pickaxe":1,"immersive_armors:wooden_helmet":1},"minecraft:custom":{"minecraft:interact_with_crafting_table":73,"minecraft:open_barrel":31,"minecraft:bell_ring":5,"minecraft:leave_game":4,"minecraft:time_since_death":135593,"minecraft:sprint_one_cm":569649,"minecraft:damage_blocked_by_shield":2088,"minecraft:drop":279,"minecraft:talked_to_villager":21,"minecraft:play_time":315347,"minecraft:deaths":6,"minecraft:jump":4349,"minecraft:walk_on_water_one_cm":115612,"minecraft:enchant_item":5,"minecraft:interact_with_furnace":57,"minecraft:interact_with_cartography_table":1,"minecraft:sleep_in_bed":13,"minecraft:damage_dealt":16415,"minecraft:player_kills":1,"minecraft:crouch_one_cm":2178,"minecraft:interact_with_smoker":48,"minecraft:mob_kills":303,"minecraft:interact_with_anvil":2,"minecraft:climb_one_cm":7705,"minecraft:walk_one_cm":633525,"minecraft:sneak_time":1934,"minecraft:walk_under_water_one_cm":172070,"minecraft:interact_with_blast_furnace":85,"minecraft:total_world_time":315347,"minecraft:interact_with_grindstone":1,"minecraft:time_since_rest":4331,"minecraft:damage_taken":9644,"minecraft:trigger_trapped_chest":1,"minecraft:swim_one_cm":456465,"minecraft:fly_one_cm":792875,"minecraft:open_chest":100,"minecraft:fall_one_cm":116350}},"DataVersion":3465}